result_no	generate_no	e_no	requester_e_no	last_result_no	last_generate_no	i_no	source_name	name	kind_id	strength	
05	1	65	6	04	1	12	ド根性雑草	拡張ユニット	4	75
05	1	7	7	04	1	6	ド根性雑草	車にぶら下がってる匂い凄いやつ	4	75
05	1	9	9	04	1	9	黄鉄鉱	純白の小袖	3	75
05	1	562	9	04	1	10	ボロ布	倭文針	1	50
05	1	814	12	04	1	12	ボロ布	『電子海洋の衣』	3	45
05	1	49	13	04	1	6	花びら	蝋梅の簪	4	50
05	1	222	14	04	1	14	花びら	穿ち針	1	50
05	1	778	14	04	1	9	不思議な雫	大黒猫の足	4	50
05	1	16	16	04	1	8	何か固い物体	何か固い着物	3	75
05	1	210	17	04	1	7	不思議な石	有平小銃Ⅰ型	1	50
05	1	211	18	04	1	8	ネジ	クラッシャー	1	75
05	1	339	19	04	1	11	毛	翡翠の羽根	3	35
05	1	475	20	04	1	10	ド根性雑草	縋る藁	4	75
05	1	890	22	04	1	6	藍鉄鉱	フラワータッセルピアス	4	100
05	1	608	23	04	1	11	藍鉄鉱	S45Cガントレット	4	100
05	1	24	24	04	1	9	何かの骨	胸骨ボーンメイル	3	100
05	1	25	25	04	1	6	毛	不思議な根っこ	3	40
05	1	27	27	04	1	11	杉	バトルポット№１	4	100
05	1	512	27	04	1	7	韮	真言陀羅尼	3	50
05	1	740	34	04	1	8	駄石	おもちゃの旗	1	50
05	1	949	36	04	1	7	良い石材	拍動する耳飾り	4	100
05	1	167	39	04	1	12	何か固い物体	ホワイトブーケ	1	75
05	1	55	40	04	1	11	針	ルチルクォーツの勾玉	4	75
05	1	49	41	04	1	6	ド根性雑草	シロツメクサの冠	4	75
05	1	331	41	04	1	8	ボロ布	ヌレバイロ	105	25
05	1	1026	43	04	1	8	羽	メイクブラシ	3	50
05	1	45	45	04	1	7	良い木材	無双影	1	100
05	1	48	48	04	1	13	ネジ	からくり小箱	4	75
05	1	382	48	04	1	12	ボロ布	ジャケット	105	25
05	1	331	49	04	1	6	ネジ	ボルメット	3	75
05	1	566	52	04	1	11	腐木	凍り付いた意思	3	75
05	1	1044	52	04	1	13	甲殻	《白き平穏の使途：守》	4	75
05	1	4	53	04	1	6	何か柔らかい物体	ダイコン	1	50
05	1	645	54	04	1	9	駄石	ネイルランチャー	1	50
05	1	1369	54	04	1	6	ド根性雑草	予備メガネ	4	75
05	1	1369	54	04	1	8	不思議な石	音響探知機	4	50
05	1	1314	55	04	1	7	孔雀石	緑竜笛	4	100
05	1	65	57	04	1	5	不思議な石	グローリング　ベア・トルーパー	4	50
05	1	796	57	04	1	12	吸い殻	アンプド　トランスフォーマー	3	50
05	1	1121	58	04	1	15	ド根性雑草	『・優しい両親・秘密の場所……』	4	75
05	1	1139	58	04	1	12	ボロ布	ほつれた布切れ	3	50
05	1	59	59	04	1	5	不思議な石	四つ葉御守り	4	31
05	1	60	60	04	1	11	牙	からっぽの御守	4	75
05	1	62	62	04	1	11	良い木材	紫水晶の光珠	4	100
05	1	796	65	04	1	13	牙	【概念礼装】	3	75
05	1	66	66	04	1	6	ネジ	メカメカしい弓	1	75
05	1	453	69	04	1	3	吸い殻	勇	3	50
05	1	475	69	04	1	11	ド根性雑草	生	4	75
05	1	70	70	04	1	9	爪	仕込み刃	1	75
05	1	634	70	04	1	12	羽	フェザーガントレット	3	50
05	1	1585	71	04	1	9	毛	編み込みメイル	3	50
05	1	72	72	04	1	11	良い石材	Obsidian sword	1	100
05	1	1345	72	04	1	9	甲殻	Rune Robe	3	75
05	1	4	73	04	1	13	羽	クヌート	1	50
05	1	74	74	04	1	10	平石	ヒーリングファクター	4	75
05	1	159	75	04	1	9	何か固い物体	フェルトペン	1	75
05	1	659	75	04	1	10	不思議な石	不思議な岩絵の具	4	50
05	1	975	76	04	1	8	ド根性雑草	厄除御守	4	75
05	1	606	77	04	1	12	何か固い物体	硬質ワイヤー"FLAME Ⅲ"２	1	75
05	1	890	77	04	1	7	黒い塊	名刺ケース	4	100
05	1	78	78	04	1	10	韮	灰色のマフラー	3	20
05	1	91	82	04	1	10	吸い殻	灰纏	3	50
05	1	507	85	04	1	11	ド根性雑草	サシェ	4	75
05	1	206	89	04	1	13	毛	桜降る炎	3	50
05	1	440	89	04	1	11	ネジ	ぺんのつよはーと	1	75
05	1	82	91	04	1	10	毛	なんかカッケー斧	1	50
05	1	984	92	04	1	14	良い木材	よく研いだチャクラム	1	100
05	1	709	94	04	1	12	藍鉄鉱	月の小面	4	100
05	1	1490	94	04	1	3	平石	十兵衛刀	1	75
05	1	95	95	04	1	13	杉	DRブレイド零式	1	100
05	1	95	95	04	1	7	良い木材	ラグナスセイバー改式	1	100
05	1	96	96	04	1	10	毛	うさぎのコート	105	17
05	1	14	100	04	1	12	韮	羽吹雪	105	25
05	1	222	100	04	1	10	不思議な石	落ちる星	1	50
05	1	211	101	04	1	11	吸い殻	ガーネットピラー	1	50
05	1	1047	103	04	1	6	ネジ	スピリチュアルピラミッド	4	75
05	1	1232	103	04	1	7	何か固い物体	魔法のフラスコ	1	75
05	1	105	105	04	1	12	牙	夜空の怪皮	105	37
05	1	1123	107	04	1	13	毛	アストラルギアデバイス	4	50
05	1	1088	111	04	1	14	毛	古ぼけた宝珠（白）	4	45
05	1	1564	117	04	1	4	不思議な牙	おでんマント	3	35
05	1	125	125	04	1	5	不思議な石	いびつなお守り	4	50
05	1	736	125	04	1	14	吸い殻	紅炎	1	40
05	1	55	126	04	1	10	平石	氷のジュエル	4	75
05	1	127	127	04	1	11	孔雀石	キャンバススニーカー	4	100
05	1	527	132	04	1	3	腐木	葡萄染のハンカチ	105	37
05	1	45	133	04	1	6	花びら	乱反射	1	50
05	1	133	133	04	1	11	ネジ	『集末の翼Ⅱ』	3	75
05	1	693	133	04	1	12	ド根性雑草	『檻』	4	75
05	1	789	134	04	1	8	大軽石	防刃ベスト	3	75
05	1	1314	134	04	1	11	藍鉄鉱	藍色のボタン	4	100
05	1	231	136	04	1	11	ド根性雑草	具現【虚飾ノ断片】	4	75
05	1	1148	138	04	1	11	平石	厚手のコート	3	75
05	1	139	139	04	1	1	ド根性雑草	かざぐるま	3	15
05	1	142	142	04	1	7	孔雀石	白のエス	1	100
05	1	142	142	04	1	10	孔雀石	白のイド	1	100
05	1	724	142	04	1	11	藍鉄鉱	青のミラ	4	100
05	1	1105	143	04	1	12	毛	植物性ゲル	4	50
05	1	134	145	04	1	9	牙	龍魂叫『葬送爪牙』	1	75
05	1	1314	145	04	1	6	針	犬灰	4	75
05	1	1283	147	04	1	11	ド根性雑草	隠世への導	4	75
05	1	494	148	04	1	14	牙	アボカドインナー	105	37
05	1	1585	155	04	1	8	美味しくない草	薬草のお守り	3	50
05	1	1097	156	04	1	9	藍鉄鉱	XYZ古級重星光章略綬（乙）	4	100
05	1	1182	157	04	1	3	韮	若緑の衣	3	50
05	1	502	158	04	1	8	韮	虚ろの鎖	3	50
05	1	1	160	04	1	11	ド根性雑草	グリーンボウ	1	75
05	1	219	160	04	1	8	ネジ	木の胸当て	3	75
05	1	161	161	04	1	8	ネジ	左天白陽・改	1	75
05	1	161	161	04	1	7	松	右天黒月・改	1	75
05	1	561	164	04	1	4	不思議な牙	古びた留め金	4	50
05	1	600	164	04	1	5	不思議な石	名も無き形見	3	50
05	1	235	166	04	1	6	駄石	揺るがない信念(物理)	1	50
05	1	308	166	04	1	12	何か固い物体	マウンテンパーカー	3	75
05	1	1283	166	04	1	7	何か固い物体	リストバンド	4	75
05	1	710	168	04	1	6	平石	ホワイトノイズ	1	75
05	1	175	175	04	1	14	ネジ	GR・Anisakis	1	75
05	1	178	178	04	1	10	ねばねば	無銘(道路標識)	1	50
05	1	951	180	04	1	8	吸い殻	真紅のスカーフ	105	25
05	1	436	184	04	1	11	不思議な牙	松脂爪飾（エンチャントファイア	1	50
05	1	1251	185	04	1	12	毛	和傘	1	50
05	1	637	187	04	1	6	ド根性雑草	ド根性雑草Tシャツ	4	75
05	1	889	190	04	1	8	大軽石	鈍色の手鏡	1	75
05	1	804	193	04	1	8	藍鉄鉱	氷縛の鎖	1	100
05	1	194	195	04	1	10	黒い塊	フランスパン	1	100
05	1	194	195	04	1	14	杉	グリッシーニ	129	100
05	1	200	200	04	1	10	ド根性雑草	ふらいんぐらいふ	4	75
05	1	24	201	04	1	9	牙	霊布の外套	3	75
05	1	600	204	04	1	1	駄物	不思議なベスト	3	50
05	1	205	205	04	1	8	藍鉄鉱	金の校章	4	100
05	1	200	206	04	1	12	黄鉄鉱	金の髪飾り	4	75
05	1	440	206	04	1	13	何か柔らかい物体	フランスパン	1	50
05	1	319	207	04	1	10	黄鉄鉱	蒼黒狐ノ炎爪	1	75
05	1	209	209	04	1	7	毛	薄手のウィンドブレーカー	3	50
05	1	1045	209	04	1	11	毛	アンダーリム	4	50
05	1	101	211	04	1	6	ボロ布	魔法少女のドレス	3	50
05	1	265	211	04	1	3	ド根性雑草	研究者の髪留め	4	75
05	1	326	215	04	1	10	ド根性雑草	鈍色セーター	3	75
05	1	45	217	04	1	10	駄石	白昼夢	1	50
05	1	1396	221	04	1	6	柳	インダストリアル	4	100
05	1	222	222	04	1	9	毛	大切包丁	1	50
05	1	778	222	04	1	3	ド根性雑草	歩行軍手の足	4	75
05	1	224	224	04	1	11	花びら	ヘアピン	4	50
05	1	231	231	04	1	6	ド根性雑草	夜半に咲く花	4	75
05	1	232	232	04	1	10	甲殻	玄亀の御印	4	52
05	1	41	233	04	1	8	すごい木材	知育菓子	1	150
05	1	235	235	04	1	8	何か固い物体	Silver Bracelet	129	75
05	1	238	238	04	1	13	すごい石材	肆芽の帽子	4	150
05	1	968	238	04	1	8	平石	桜形の石飾	4	75
05	1	401	239	04	1	11	何かの骨	超ワギャナイザー	129	100
05	1	288	244	04	1	12	藍鉄鉱	零度の背表紙	3	100
05	1	421	244	04	1	13	大軽石	ドリームパイルバンカー	129	75
05	1	456	244	04	1	10	毛	百科のエフェメラ	4	50
05	1	1211	244	04	1	6	大軽石	キャンベルストライカー	1	75
05	1	214	250	04	1	6	毛	メディカルポーチ	4	30
05	1	366	251	04	1	10	白樺	閧蛾而	3	75
05	1	399	251	04	1	13	何かの殻	縺ｵ繧九∴繧狗愍	4	75
05	1	253	253	04	1	7	木瓜	フローラルポプリ	4	75
05	1	711	256	04	1	9	花びら	ホオズキの首飾り	4	45
05	1	949	257	04	1	12	針	真っ白の帯	4	75
05	1	1034	257	04	1	4	良い木材	無謬のホワイト	1	100
05	1	16	262	04	1	9	良い木材	XYZ機甲軍衣(甲子)	105	50
05	1	1353	262	04	1	2	藍鉄鉱	寸劇	4	100
05	1	276	263	04	1	14	毛	雪幻	4	45
05	1	768	266	04	1	9	花びら	花弁飾りの銀メガネ	4	50
05	1	268	268	04	1	6	松	ふつうの学生服	3	75
05	1	1398	268	04	1	10	白石	スペアの枕	1	75
05	1	1104	269	04	1	11	駄木	安全靴	3	50
05	1	1137	269	04	1	10	ネジ	鉄糸のミサンガ	4	75
05	1	106	270	04	1	8	何か固い物体	Machete	1	75
05	1	1376	272	04	1	6	孔雀石	きつねのてぶくろ(緑)	1	100
05	1	105	274	04	1	15	牙	障壁コード【生命略奪】	105	37
05	1	510	274	04	1	16	すごい木材	環境コード【破壊強化】	1	150
05	1	275	275	04	1	12	何かの骨	黒インクのリボルバー	1	100
05	1	1032	277	04	1	13	吸い殻	おもちゃの警棒	129	40
05	1	332	282	04	1	15	白樺	カーディガン	3	75
05	1	1043	282	04	1	11	吸い殻	HFC-282t	4	50
05	1	1043	282	04	1	13	毛	小惑星の力学	4	50
05	1	15	284	04	1	8	韮	丈夫な学ラン	3	30
05	1	290	284	04	1	4	不思議な牙	大光明遍照の護札	4	50
05	1	221	285	04	1	1	ネジ	マグネート・クリンゲ	1	75
05	1	39	288	04	1	11	針	チョコレートパンプス	4	75
05	1	289	289	04	1	10	牙	奪われた星	1	75
05	1	15	290	04	1	14	不思議な雫	レッグサポーター	3	30
05	1	298	298	04	1	6	白樺	透明な鱗MarkⅡ	3	75
05	1	91	299	04	1	10	何か固い物体	何か固い服	3	75
05	1	300	300	04	1	10	ねばねば	501リッター	1	50
05	1	1123	300	04	1	6	何かの殻	電磁波反射薄片	4	75
05	1	301	301	04	1	11	すごい石材	Apfel	4	150
05	1	474	301	04	1	7	藍鉄鉱	ルラキオニキス	1	100
05	1	1230	303	04	1	8	駄石	スリングショット	1	50
05	1	304	304	04	1	12	ド根性雑草	蔓の巻きついた身代わり人形	4	75
05	1	305	305	04	1	9	不思議な雫	ピースキーパー（エンチャント水）	1	50
05	1	695	305	04	1	7	韮	ホルスター	4	50
05	1	608	307	04	1	14	針	瞳の聖印	4	75
05	1	308	308	04	1	9	何か固い物体	淡い光薄膜	3	75
05	1	329	308	04	1	6	駄石	とがりまくった石	1	50
05	1	456	310	04	1	8	平石	マイ花椒ボトル	4	75
05	1	730	310	04	1	10	黄鉄鉱	春色やわらかガウチョ	3	75
05	1	312	312	04	1	13	大軽石	蒼月の刃	1	75
05	1	313	313	04	1	11	毛	魔剣『黒爪』	1	50
05	1	483	313	04	1	14	不思議な石	蒼黒の長外套	105	22
05	1	205	315	04	1	7	良い石材	御影石のリング	4	100
05	1	1321	315	04	1	8	吸い殻	焦げ跡のついたバンダナ	3	50
05	1	7	321	04	1	6	駄物	ネジのカフス	4	50
05	1	661	321	04	1	7	ネジ	貫きのダーツ	1	75
05	1	890	322	04	1	10	不思議な石	不思議な御守	4	50
05	1	624	326	04	1	10	花びら	鮮血のバラ	100	25
05	1	308	329	04	1	11	大軽石	スカジャン	3	75
05	1	329	329	04	1	8	何か固い物体	怪力	1	75
05	1	646	329	04	1	10	針	Copper Earcuffs	4	75
05	1	49	331	04	1	6	韮	雑草図鑑	4	50
05	1	300	332	04	1	10	杉	コントラストネイル	1	100
05	1	659	332	04	1	11	不思議な石	シルバーフープピアス	4	50
05	1	333	333	04	1	4	何か柔らかい物体	翠の穢焔	1	50
05	1	409	333	04	1	8	平石	クロスチェイン	4	75
05	1	634	334	04	1	5	何か固い物体	みわくのあみタイツ	3	75
05	1	55	336	04	1	2	藍鉄鉱	藍色の耳飾り	4	100
05	1	336	336	04	1	9	孔雀石	試製軽機関銃	1	100
05	1	789	336	04	1	10	大軽石	格子状強化装甲	3	75
05	1	1021	341	04	1	8	何かの殻	レッドベル・ブローチ	4	75
05	1	342	342	04	1	6	吸い殻	未使用切符	100	20
05	1	27	344	04	1	14	良い石材	固形栄養食（甘くておいしい）	4	100
05	1	512	344	04	1	13	韮	ドリーミーバタフライ	3	50
05	1	345	345	04	1	13	ボロ布	黒纏・夜帯	1	30
05	1	427	346	04	1	13	毛	紫水晶の羽織紐	100	15
05	1	348	348	04	1	10	すごい木材	スクールバッグ	1	150
05	1	352	352	04	1	10	ボロ布	メッセージウィンドウⅢ	3	50
05	1	153	353	04	1	9	ねばねば	まじで不思議な武器	1	50
05	1	601	353	04	1	6	杉	やたら不思議な装飾	4	100
05	1	1403	353	04	1	8	ボロ布	めっちゃ不思議な防具	3	50
05	1	983	360	04	1	10	平石	お菓子型のストラップ	4	75
05	1	447	362	04	1	10	白石	トカレフ＜TT-33＞	1	75
05	1	134	363	04	1	2	平石	ホイップ散弾銃	1	75
05	1	336	363	04	1	7	牙	万物ミキサー	1	75
05	1	789	363	04	1	10	孔雀石	孔雀石のストラ	3	100
05	1	365	365	04	1	8	ぬめぬめ	猫の手	1	50
05	1	399	366	04	1	12	何かの殻	犬用首輪	4	75
05	1	458	367	04	1	12	吸い殻	纏わりつく熱波	3	50
05	1	987	370	04	1	6	何か固い物体	ぎんぶちめがね	4	75
05	1	371	371	04	1	10	松	弦の衣	3	52
05	1	333	372	04	1	6	平石	とびだす！DX陽キャアッパー	1	75
05	1	409	372	04	1	7	針	日替わりシュシュ	4	75
05	1	602	377	04	1	7	吸い殻	訳アリ布面積	3	35
05	1	409	378	04	1	11	腐肉	鈍銀の鎖	4	75
05	1	486	378	04	1	3	毛	蛍火の大太刀	129	50
05	1	380	380	04	1	11	杉	鉄扇	1	80
05	1	1564	380	04	1	10	毛	融合Lv3	3	35
05	1	382	382	04	1	12	毛	たなびけマフラー	105	25
05	1	447	383	04	1	6	ネジ	ビビッドピンクのメガホン	1	75
05	1	1564	384	04	1	5	不思議な石	眼鏡	4	25
05	1	393	393	04	1	8	美味しくない草	ヒラヒラマント	4	10
05	1	397	397	04	1	9	花びら	花露	1	20
05	1	366	399	04	1	9	甲殻	人肌の木皮	3	75
05	1	401	401	04	1	6	アルミ缶	スマホ連動型文房具ファンネル	1	75
05	1	168	402	04	1	8	美味しくない草	鴉羽の外套	3	50
05	1	260	403	04	1	12	何かの骨	純白の服	105	50
05	1	404	404	04	1	11	腐木	ハロー・サプライズ	1	75
05	1	163	405	04	1	10	ド根性雑草	強化繊維の功夫装	3	75
05	1	406	406	04	1	11	吸い殻	スチームアイロン	1	50
05	1	407	407	04	1	12	韮	メリケンサック	1	40
05	1	333	409	04	1	13	孔雀石	曲がったマンホールの蓋	1	100
05	1	206	411	04	1	12	牙	怨嗟の衣	105	37
05	1	238	411	04	1	13	針	生命針晶	4	75
05	1	412	412	04	1	5	不思議な石	防刃コート	3	15
05	1	413	413	04	1	11	柳	ネイチャーネックレス	4	40
05	1	414	414	04	1	9	ネジ	妖刀『八俣遠呂智』	1	75
05	1	414	414	04	1	11	ネジ	小刀『底津少童命』	1	75
05	1	436	415	04	1	11	ボロ布	ナイフ／Jack'Ripper	328	50
05	1	417	417	04	1	11	毛	強化された制服	105	25
05	1	106	419	04	1	7	杉	禍々しいアルミパイプ	1	100
05	1	48	421	04	1	11	大軽石	かすれた水彩ペン	4	75
05	1	421	421	04	1	6	平石	『怒れる森』	129	75
05	1	730	421	04	1	3	大軽石	『メランコリー』	3	75
05	1	1159	421	04	1	10	大軽石	クマタロウのもげた腕	4	75
05	1	798	422	04	1	6	松	龍骨蛇腹剣	1	75
05	1	798	422	04	1	12	黒い塊	ダーインスレイヴ	1	100
05	1	7	423	04	1	10	ネジ	ねじれた猫	4	75
05	1	186	426	04	1	9	牙	星屑ブレスレット	4	67
05	1	426	426	04	1	8	白樺	星を射る者のマント	105	37
05	1	398	435	04	1	13	杉	絡みつく紫リボン	1	100
05	1	591	435	04	1	16	牙	恋妖精のシースルードレス	105	37
05	1	681	444	04	1	7	すごい木材	クリスタルロッド	1	150
05	1	60	447	04	1	6	ド根性雑草	ネコチャンブレスレット	4	75
05	1	142	450	04	1	1	良い木材	光槍	1	100
05	1	451	451	04	1	9	ネジ	Walther P38	1	75
05	1	622	452	04	1	15	ド根性雑草	押し花のしおり	4	75
05	1	165	456	04	1	10	牙	2Bえんぴつ	1	75
05	1	458	458	04	1	11	ネジ	ゆるいコアラTシャツ	3	75
05	1	463	463	04	1	11	良い木材	白鳥の外套	105	50
05	1	429	465	04	1	12	白石	ロングブーツ	105	26
05	1	1088	468	04	1	2	杉	灯火の徴	4	90
05	1	472	472	04	1	10	ド根性雑草	マフラー	105	37
05	1	494	473	04	1	10	何か固い物体	新たな祈り	3	75
05	1	301	474	04	1	10	藍鉄鉱	Dicht	4	100
05	1	515	474	04	1	11	すごい石材	クヴィスリング	1	150
05	1	646	476	04	1	7	藍鉄鉱	蒼いお守り	4	100
05	1	1181	476	04	1	6	藍鉄鉱	アイスジャケット	3	100
05	1	477	477	04	1	9	アルミ缶	鉄扇	1	75
05	1	480	480	04	1	7	何かの殻	貝殻のリング	4	75
05	1	458	481	04	1	5	何か固い物体	マテリアルガードスキン	3	75
05	1	488	488	04	1	6	平石	飛び跳ねナイフ	1	60
05	1	491	491	04	1	5	羽	ふわふわの服	3	15
05	1	492	492	04	1	8	ド根性雑草	ソックスガーター	4	75
05	1	747	492	04	1	10	不思議な石	黒いカーディガン	3	50
05	1	494	494	04	1	9	藍鉄鉱	Morning star L	3	100
05	1	515	494	04	1	12	良い石材	背景が花束のスマホ	1	100
05	1	16	495	04	1	10	何か固い物体	遠ざけるもの	3	75
05	1	1046	495	04	1	11	孔雀石	愛を挫くもの	1	100
05	1	724	499	04	1	12	何かの殻	ドラゴンソード	4	75
05	1	500	500	04	1	9	何か固い物体	サイドアーム	1	75
05	1	1324	500	04	1	13	駄木	まっぷるハザマ	3	50
05	1	1327	500	04	1	12	藍鉄鉱	嘆きのロザリオ	4	100
05	1	587	501	04	1	9	甲殻	たかなし食堂のコテ	1	60
05	1	587	501	04	1	11	アルミ缶	たかなし食堂のフライパン	1	60
05	1	504	504	04	1	9	ド根性雑草	合気道の心得	1	75
05	1	507	507	04	1	6	ネジ	フェイクピアス	4	75
05	1	27	512	04	1	13	良い石材	完全バランス栄養食グミ	4	100
05	1	512	512	04	1	7	韮	隔絶の硝子	3	50
05	1	1369	514	04	1	6	ネジ	スノードール	4	75
05	1	301	515	04	1	11	牙	牙のタリスマン	4	75
05	1	1019	517	04	1	8	孔雀石	ハボタンのブローチ	4	100
05	1	532	518	04	1	11	甲殻	黒色のケープ	105	37
05	1	524	524	04	1	7	黄鉄鉱	灰色ジャージ	105	22
05	1	524	524	04	1	8	平石	塩ビパイプ	1	15
05	1	858	525	04	1	13	ド根性雑草	安寧のジュエル	100	37
05	1	265	527	04	1	11	何かの殻	貝殻のストラップ	4	75
05	1	564	527	04	1	7	白い塊	ドーナツ型の石	4	100
05	1	132	528	04	1	3	アルミ缶	みかん	1	75
05	1	527	528	04	1	14	何かの骨	何かの標本	3	100
05	1	693	530	04	1	11	白石	青いリボンの髪飾り	4	75
05	1	740	530	04	1	8	吸い殻	泥	1	50
05	1	265	531	04	1	9	甲殻	反力の魔石	100	37
05	1	534	534	04	1	8	吸い殻	大砲	129	25
05	1	235	536	04	1	8	駄石	明太子フランスパン	1	50
05	1	870	543	04	1	6	ネジ	“Karmijn” Edge	1	75
05	1	1448	544	04	1	10	平石	石突ステッキ	1	75
05	1	706	545	04	1	7	韮	小手	105	25
05	1	546	546	04	1	10	毛	夕日色の執念	1	10
05	1	739	547	04	1	7	ネジ	お揃いのブーツ	1	52
05	1	466	548	04	1	12	牙	丈夫な鎖帷子	3	75
05	1	190	550	04	1	11	甲殻	高貴っぽい外套	105	37
05	1	608	550	04	1	12	毛	黒い紐	4	50
05	1	551	551	04	1	14	不思議な牙	ダブルクロスフュージョンアーマー	3	50
05	1	1101	555	04	1	2	杉	お杉	1	100
05	1	17	557	04	1	3	ド根性雑草	コイン	4	75
05	1	649	557	04	1	7	羽	ダウンフェザー	105	25
05	1	9	562	04	1	7	白樺	作業用ツナギ	3	75
05	1	1252	563	04	1	10	ネジ	鉄のアンクレット	4	75
05	1	564	564	04	1	11	何かの殻	殻のお守り	4	75
05	1	342	565	04	1	11	羽	紅茶色の羽根飾り	100	20
05	1	52	566	04	1	9	松	霊威	1	75
05	1	651	568	04	1	9	牙	今日も死ななきゃ十分ハッピー	3	75
05	1	570	570	04	1	12	美味しくない草	靴下	3	20
05	1	159	571	04	1	10	牙	砲弓『ペザンテ』	129	75
05	1	532	571	04	1	12	何かの殻	装衣『アレグレット』	105	37
05	1	575	575	04	1	9	ねばねば	瓶詰めの雲	1	50
05	1	616	575	04	1	6	ド根性雑草	ならぬ大仏	4	60
05	1	616	575	04	1	12	花びら	ルージュココ 416	4	40
05	1	583	583	04	1	9	不思議な石	化身の胴【青鳥】	3	50
05	1	106	586	04	1	7	杉	金串+	1	100
05	1	1207	591	04	1	7	平石	情熱の残光	4	75
05	1	332	592	04	1	8	牙	祭服（土木作業用）	3	75
05	1	369	596	04	1	3	藍鉄鉱	EAT IN	3	100
05	1	486	596	04	1	7	何か固い物体	EAT IN	1	75
05	1	510	597	04	1	9	孔雀石	ゆめかわステッキ	1	100
05	1	125	598	04	1	12	何か固い物体	いびつな形の音叉	4	75
05	1	598	598	04	1	8	何かの殻	眩しい腕輪	3	75
05	1	736	598	04	1	11	孔雀石	おぞましい斧	1	80
05	1	561	600	04	1	6	白石	栗鼠のタイピン	4	75
05	1	255	601	04	1	13	ネジ	セーラー服	3	75
05	1	529	602	04	1	6	ド根性雑草	煤けたスティレット	1	60
05	1	606	606	04	1	6	駄木	豊穣もたらす身体髪膚	1	50
05	1	911	606	04	1	9	ねばねば	ひきよせる鈴	4	50
05	1	606	607	04	1	12	駄石	インファイトシールド	1	50
05	1	889	608	04	1	12	何か固い物体	アイオライト・ペンデュラム	1	75
05	1	1075	608	04	1	11	牙	ヴラディノ・スピネル	3	75
05	1	1129	611	04	1	8	アルミ缶	ギミック満載ジュラルミンケース	1	75
05	1	615	615	04	1	8	ネジ	ねじねじねじ	1	45
05	1	615	615	04	1	9	毛	ふわふわ	3	10
05	1	575	616	04	1	8	ネジ	ワイルドワイバーン	129	75
05	1	616	616	04	1	9	美味しくない草	使えないライター	4	40
05	1	189	619	04	1	6	松	弐式骨刀	1	75
05	1	624	624	04	1	9	花びら	ローズブレスレット	4	50
05	1	636	625	04	1	8	アルミ缶	Type01-LMAT	129	75
05	1	305	627	04	1	4	白石	玉の緒の紡ぎ	1	75
05	1	472	627	04	1	7	不思議な雫	クリスタル防弾インナー	3	50
05	1	628	628	04	1	4	不思議な牙	力の魔石	4	35
05	1	628	628	04	1	5	不思議な石	木製のつえ	1	15
05	1	629	629	04	1	8	韮	花飾り	3	25
05	1	623	630	04	1	8	平石	星空リボン	3	75
05	1	70	634	04	1	10	爪	ボトルオープナー	1	75
05	1	451	635	04	1	12	大軽石	数珠ナックル	1	75
05	1	636	636	04	1	9	アルミ缶	天雷の大筒	129	75
05	1	642	641	04	1	2	ド根性雑草	ベルベットの鞍	3	75
05	1	641	642	04	1	6	ネジ	もりもり銛	1	75
05	1	514	645	04	1	12	不思議な雫	黒錆びたトレンチコート	105	25
05	1	778	645	04	1	5	不思議な石	ウサギの足	4	50
05	1	476	646	04	1	7	羽	魔刃《カゼキリ》	1	50
05	1	648	648	04	1	8	美味しくない草	白桜の護符	3	40
05	1	17	649	04	1	7	ド根性雑草	ポケットコイン	4	75
05	1	210	649	04	1	6	吸い殻	拡光鏡玉Ⅰ型	1	50
05	1	567	651	04	1	10	駄石	なが～い鋏	129	50
05	1	654	654	04	1	11	針	HolyCrestⅢ	1	75
05	1	654	656	04	1	11	ボロ布	鬼骨-黒-	1	50
05	1	654	656	04	1	13	藍鉄鉱	鬼骨-白-	1	100
05	1	269	658	04	1	7	ネジ	日輪逸刀『灼光』	1	75
05	1	1	668	04	1	11	不思議な石	女神の神槍	1	50
05	1	669	669	04	1	8	平石	翡翠のネックレス	4	75
05	1	711	671	04	1	7	ド根性雑草	ダチュラのイヤリング	4	67
05	1	755	673	04	1	8	孔雀石	手甲鉤	1	100
05	1	362	676	04	1	8	大軽石	鴻毛の黒服	3	75
05	1	676	676	04	1	7	ネジ	真紅の槍	1	75
05	1	447	678	04	1	11	ネジ	憎悪の魔石	1	75
05	1	685	685	04	1	13	ねばねば	青水晶の服飾	100	25
05	1	1164	685	04	1	12	吸い殻	セヘル・モリ【カウス】	1	50
05	1	1026	691	04	1	8	ド根性雑草	草色のパーカー	3	75
05	1	693	693	04	1	10	ド根性雑草	ありふれたトラベルハット	4	75
05	1	1490	693	04	1	12	良い木材	アイスアックス	1	100
05	1	695	694	04	1	8	毛	靴紐	4	50
05	1	664	697	04	1	11	ド根性雑草	紅いアンクレット	100	33
05	1	94	699	04	1	11	牙	ごくらく	105	37
05	1	706	706	04	1	10	何か固い物体	チノパン	105	37
05	1	708	708	04	1	12	ネジ	ドリル	4	75
05	1	708	708	04	1	11	ボロ布	ましろバンテージ	1	10
05	1	1009	708	04	1	6	松	花粉のシールド	1	15
05	1	676	709	04	1	2	孔雀石	めいてい	1	100
05	1	709	709	04	1	11	大軽石	わらわらお目目	4	75
05	1	711	711	04	1	10	ド根性雑草	茨の王冠	4	67
05	1	401	713	04	1	1	駄物	試作改良うさみみばくだん	1	50
05	1	435	716	04	1	7	藍鉄鉱	コンバットアーマー	3	100
05	1	717	717	04	1	13	ド根性雑草	奈落の幽翼	105	37
05	1	266	719	04	1	8	ねばねば	防護煙霧	3	50
05	1	431	722	04	1	8	何か固い物体	銀の乙女の胸像（ミニ）	4	75
05	1	348	724	04	1	11	アルミ缶	史実書	1	75
05	1	1321	724	04	1	10	何かの骨	先取りコーデのプリーツスカート	3	100
05	1	173	727	04	1	6	ネジ	松葉杖	1	75
05	1	1308	729	04	1	6	ネジ	ヤミィのネジィ	1	75
05	1	967	730	04	1	3	何か固い物体	彼の人を想う練香	4	75
05	1	305	732	04	1	10	牙	くちばし	1	75
05	1	183	735	04	1	11	ぬめぬめ	哭き龍	1	50
05	1	647	735	04	1	10	何か固い物体	不断の袴	105	37
05	1	1084	740	04	1	15	ド根性雑草	β:Pollux	4	75
05	1	743	743	04	1	10	花びら	華のブローチ	3	40
05	1	743	744	04	1	12	ド根性雑草	黄色いレインコート	3	60
05	1	203	750	04	1	9	ド根性雑草	ムスカリの群れ	4	75
05	1	203	751	04	1	12	不思議な石	アネモネの腕飾り	4	50
05	1	496	757	04	1	10	韮	使い慣れたデイパック	3	50
05	1	968	762	04	1	3	藍鉄鉱	藍砂の護飾	4	100
05	1	970	762	04	1	10	ド根性雑草	黒砂の衛盾	3	75
05	1	767	767	04	1	9	孔雀石	鉱油塗れの廃工具	1	100
05	1	1353	767	04	1	11	駄石	色褪せたマスコット	4	50
05	1	775	775	04	1	9	毛	柔らかな羽衣	3	15
05	1	777	777	04	1	8	すごい木材	常夜の天幕	1	150
05	1	990	781	04	1	9	毛	めれんげ	4	50
05	1	1437	781	04	1	11	松	甘いお菓子の飾り紙	3	75
05	1	723	783	04	1	11	吸い殻	アンタレス	1	50
05	1	814	783	04	1	10	毛	クラスト	3	45
05	1	165	784	04	1	13	すごい木材	ピカピカに磨いた手錠	1	150
05	1	768	784	04	1	12	藍鉄鉱	赤いイヤリング	4	100
05	1	987	784	04	1	6	藍鉄鉱	シンプルな髪飾り	4	100
05	1	336	789	04	1	11	松	アルクス	1	75
05	1	133	791	04	1	9	韮	『好災の羽Ⅱ』	3	50
05	1	1065	793	04	1	9	牙	もこもこのストール	3	75
05	1	1448	795	04	1	8	平石	ビードロイド０２	1	75
05	1	422	798	04	1	14	甲殻	風除けのマリチウム	3	75
05	1	798	798	04	1	10	松	鈍く輝くクリスタルナイフ	1	75
05	1	194	799	04	1	13	松	松の鍬	1	75
05	1	709	801	04	1	9	針	金平鹿	4	75
05	1	777	801	04	1	10	駄石	伊場仙	1	50
05	1	1333	812	04	1	8	美味しくない草	翠色の具足	3	50
05	1	1358	812	04	1	10	大軽石	錆びついた鉢金	4	75
05	1	723	814	04	1	10	不思議な雫	ビーム出る扇子	1	50
05	1	1058	814	04	1	7	ド根性雑草	まんまるメガネ	4	75
05	1	591	816	04	1	6	孔雀石	オリーブの首飾り	3	100
05	1	475	819	04	1	7	ド根性雑草	ナイフの鞘	4	75
05	1	238	821	04	1	9	すごい石材	二重のクリップ	4	150
05	1	777	821	04	1	11	孔雀石	二重爪	1	100
05	1	232	824	04	1	6	吸い殻	燻る炎の御印	4	35
05	1	911	831	04	1	8	吸い殻	真空試験管	4	50
05	1	832	832	04	1	10	韮	韮で紡いだ栞	4	50
05	1	832	832	04	1	11	ド根性雑草	覚醒剤	4	75
05	1	839	839	04	1	12	羽	エアリズムの黒いの	3	25
05	1	144	847	04	1	13	平石	大砲	129	75
05	1	853	853	04	1	10	松	丸太	1	75
05	1	1159	853	04	1	11	ド根性雑草	ド根性お守り	4	75
05	1	855	855	04	1	8	ネジ	シャルフクラレ	1	75
05	1	859	859	04	1	9	杉	鳳の胴着	3	90
05	1	456	862	04	1	8	花びら	花びらの栞	4	50
05	1	865	865	04	1	9	ド根性雑草	深緑のブローチ	4	60
05	1	868	868	04	1	11	吸い殻	レースの手袋	4	50
05	1	1012	870	04	1	6	何かの殻	NORMAL:grimoire	4	75
05	1	1222	877	04	1	8	韮	ソーラー電卓	4	50
05	1	213	879	04	1	10	何かの殻	煤けたロケット	100	37
05	1	20	884	04	1	6	ネジ	すごいエッチな本	1	75
05	1	52	886	04	1	11	腐木	浸食のファティーグ	1	75
05	1	566	886	04	1	9	ねばねば	夕向秋背	3	50
05	1	159	888	04	1	11	松	使い倒したスコップ	1	75
05	1	889	889	04	1	11	孔雀石	鉤爪	1	100
05	1	1075	889	04	1	10	羽	夜闇	3	50
05	1	951	890	04	1	8	吸い殻	魔纏 『どらねこ』	105	25
05	1	481	892	04	1	3	ド根性雑草	若葉色のネックレス	4	75
05	1	564	893	04	1	9	ネジ	ピノ・ノワールのワイン	4	75
05	1	691	895	04	1	5	ネジ	二銃《螺旋》	1	75
05	1	927	896	04	1	11	松	ボロボロの入院着	3	75
05	1	927	897	04	1	9	花びら	ボロボロの入院着	3	50
05	1	903	903	04	1	8	何かの殻	ライダースーツ	3	75
05	1	1007	903	04	1	15	アルミ缶	アルミガン	1	75
05	1	906	906	04	1	12	不思議な石	防具Ａ	3	50
05	1	906	906	04	1	13	不思議な石	防具Ｂ	3	50
05	1	165	909	04	1	10	平石	夜繋のツバメ	1	75
05	1	1270	910	04	1	6	白樺	ぬくぬくパーカー	3	75
05	1	474	911	04	1	8	孔雀石	アーネスト・プレイヤー	1	100
05	1	474	911	04	1	12	すごい木材	フリーリィ・スカイシー・ダイブ	1	150
05	1	915	915	04	1	12	木瓜	特製皿カバー	4	75
05	1	915	915	04	1	10	韮	美しいキュウリ	4	50
05	1	1	924	04	1	10	ネジ	おおごえ	1	75
05	1	928	928	04	1	10	ボロ布	血濡れた創藍高校の制服	3	40
05	1	762	932	04	1	11	藍鉄鉱	滅びの光	1	100
05	1	111	935	04	1	12	牙	紅薔薇の華衣	3	75
05	1	1088	935	04	1	4	不思議な牙	赤薔薇の髪飾り	4	45
05	1	203	936	04	1	4	不思議な牙	スノーフレークの首飾り	4	50
05	1	936	936	04	1	11	良い石材	マジックじゃないハンド	1	100
05	1	727	938	04	1	11	毛	レインボー丸サングラス	3	50
05	1	1308	938	04	1	13	駄石	ハミィ石	1	50
05	1	481	945	04	1	11	美味しくない草	ウサギモチーフのバレッタ	4	50
05	1	634	945	04	1	2	吸い殻	白ウサギのドレス	3	50
05	1	219	954	04	1	9	白樺	漆黒のドレス	3	75
05	1	960	960	04	1	8	ボロ布	病春月	1	50
05	1	1144	961	04	1	13	ボロ布	ガードエンジェル	3	50
05	1	963	963	04	1	4	不思議な牙	サバイバルナイフ	1	20
05	1	296	967	04	1	9	甲殻	ゆったりパーカー	3	75
05	1	967	967	04	1	14	ド根性雑草	赤いマフラー	4	75
05	1	970	968	04	1	8	ネジ	蔓竜胆の花鎖	3	75
05	1	762	969	04	1	8	孔雀石	磨かれた石片	1	100
05	1	1377	970	04	1	6	ネジ	歪噛	1	75
05	1	600	971	04	1	11	ド根性雑草	鱗銀の鏡盾	3	75
05	1	968	971	04	1	8	すごい石材	苔瑪瑙のストーンナイフ。	4	150
05	1	1377	971	04	1	12	すごい木材	大きな木かご。	1	150
05	1	1377	971	04	1	3	ネジ	錆びの浮いたフレーム。	1	75
05	1	762	973	04	1	7	ネジ	頑固一徹ぼろぼろグローブ	1	75
05	1	974	975	04	1	15	ネジ	八重桜のスカート	3	75
05	1	181	978	04	1	10	不思議な石	熾盛天晴学園制服	3	35
05	1	980	980	04	1	9	不思議な牙	まじかるピン止め	1	50
05	1	981	981	04	1	7	白石	ニュルニュル	3	52
05	1	984	984	04	1	14	良い木材	木刀すぺさる	1	100
05	1	48	987	04	1	7	孔雀石	紅い華の髪飾り	4	100
05	1	730	987	04	1	6	孔雀石	墨流しの篭手	3	100
05	1	1269	989	04	1	12	何か固い物体	Mosin-Nagant1892	129	75
05	1	990	990	04	1	11	柳	歩行軍手のストラップ	4	100
05	1	1270	990	04	1	12	羽	いつもの服	105	25
05	1	1432	990	04	1	10	毛	ねじれた針	1	50
05	1	995	995	04	1	6	ネジ	ジ・ヴァンシィ	4	60
05	1	997	997	04	1	5	不思議な石	つるつる石	4	20
05	1	998	998	04	1	13	不思議な雫	『絶体冷度』ver.2	129	50
05	1	970	999	04	1	12	吸い殻	黒のマントカーディガン	105	25
05	1	904	1007	04	1	13	杉	ラウンドシールド	4	100
05	1	421	1013	04	1	2	すごい木材	マグナム	1	150
05	1	967	1013	04	1	10	藍鉄鉱	ビショップの駒	4	100
05	1	987	1013	04	1	7	針	ポーンの駒	4	75
05	1	1016	1016	04	1	9	白石	摩訶般若波羅蜜多経	3	75
05	1	832	1018	04	1	10	毛	調理式自走パンジャンドラム	4	50
05	1	4	1019	04	1	11	牙	暗影のオーラ	1	75
05	1	463	1019	04	1	7	藍鉄鉱	氷晶のオーラ	105	50
05	1	1019	1019	04	1	9	孔雀石	夜霧のオーラ	4	100
05	1	1046	1022	04	1	9	駄木	硝子の短剣	1	50
05	1	1097	1022	04	1	4	不思議な牙	牙笛	4	50
05	1	1097	1022	04	1	10	駄石	燧石の点火機	4	50
05	1	1023	1023	04	1	6	平石	癒しの勾玉	4	52
05	1	691	1026	04	1	11	松	天之麻迦古弓	1	75
05	1	1026	1026	04	1	14	白樺	緋緋色金二枚胴具足	3	75
05	1	1219	1026	04	1	10	黒い塊	死返玉	4	100
05	1	1460	1028	04	1	8	爪	無針注射器	4	75
05	1	865	1032	04	1	6	韮	赤い石のピアス	4	40
05	1	1033	1033	04	1	8	ド根性雑草	ステンカラーコート	3	75
05	1	1034	1034	04	1	14	すごい木材	殺菌済スカルペル	1	150
05	1	1440	1037	04	1	10	花びら	花をあしらった春の洋服	105	25
05	1	476	1040	04	1	10	孔雀石	火葬連なる罪業	1	100
05	1	1181	1040	04	1	9	吸い殻	沈黙たり得る鎮魂	3	50
05	1	1041	1041	04	1	10	藍鉄鉱	藍鉄の刃	1	80
05	1	1041	1041	04	1	6	平石	テクニカルストーン	1	60
05	1	854	1043	04	1	7	ネジ	千夜一夜	3	75
05	1	566	1044	04	1	1	駄物	いい巫女服	3	50
05	1	1101	1044	04	1	6	腐木	霊魂	1	75
05	1	1124	1045	04	1	4	何か固い物体	機械仕掛けの四肢 1.2	1	75
05	1	1047	1047	04	1	7	ド根性雑草	繁茂緑草	4	75
05	1	1047	1047	04	1	11	良い木材	覆苔巨石	4	100
05	1	1232	1047	04	1	9	何か固い物体	黒曜堅樹	1	75
05	1	1050	1050	04	1	8	白樺	星幡宮ふわふわ巫女服	105	30
05	1	1238	1057	04	1	11	ネジ	乙種菱付戦闘鎖『ガリア人の剣』	1	75
05	1	723	1058	04	1	10	不思議な石	悪意	1	50
05	1	1058	1058	04	1	11	毛	アタッシュケース	4	50
05	1	1238	1059	04	1	9	杉	太いBS	1	100
05	1	1103	1065	04	1	10	柳	シガレット+	4	100
05	1	1067	1067	04	1	6	腐木	刃こぼれの酷いナイフ	1	75
05	1	1075	1075	04	1	8	牙	食らい付くもの	3	75
05	1	1103	1077	04	1	8	何かの殻	またまたぬめった包帯	4	75
05	1	1081	1081	04	1	9	毛	新品深鍋	1	30
05	1	1095	1094	04	1	10	ド根性雑草	呟く仮面	4	75
05	1	14	1097	04	1	12	羽	薄手のロングコート	105	25
05	1	1045	1099	04	1	11	ド根性雑草	交通安全の御守	4	75
05	1	1124	1099	04	1	9	吸い殻	ロケット花火	1	50
05	1	1095	1100	04	1	8	ド根性雑草	生還する荷物	4	75
05	1	1095	1101	04	1	13	ド根性雑草	生還する荷物	4	75
05	1	95	1104	04	1	13	ネジ	「想い強まりし拳銃」	1	75
05	1	1137	1104	04	1	11	不思議な石	螺鈿細工のコイン	4	50
05	1	175	1105	04	1	11	韮	毒を仕込み易そうなナイフ	1	50
05	1	1107	1107	04	1	6	ネジ	焼ききれたCPUチップ	4	75
05	1	1084	1111	04	1	11	ネジ	ねじのピアス	4	75
05	1	1113	1113	04	1	2	吸い殻	燃える蔦	1	50
05	1	1251	1115	04	1	8	松	差火	1	75
05	1	300	1123	04	1	12	花びら	Flower Shotgun	1	50
05	1	385	1123	04	1	11	白樺	《柳の手》	3	75
05	1	209	1124	04	1	14	不思議な石	えびてんマフラー	3	50
05	1	1124	1124	04	1	4	何か固い物体	おてもと	1	75
05	1	1129	1129	04	1	16	アルミ缶	薄銀	1	75
05	1	1132	1132	04	1	13	ド根性雑草	草染の衣	3	75
05	1	1137	1137	04	1	10	花びら	桃花鈴「ゆうぞら」	4	50
05	1	1141	1141	04	1	7	吸い殻	高圧蒸気機関式歯車銃	1	20
05	1	961	1144	04	1	7	吸い殻	イグナイター	1	50
05	1	1144	1144	04	1	11	ボロ布	デモンズ・スキン	3	50
05	1	1231	1144	04	1	6	何か柔らかい物体	ラトルスネーク	4	50
05	1	1142	1145	04	1	11	駄物	追加用火種	1	35
05	1	1147	1147	04	1	8	松	呪いのガントレットLv2	3	75
05	1	1150	1150	04	1	11	不思議な石	迷い	4	45
05	1	20	1152	04	1	10	毛	飛月輪	1	50
05	1	782	1155	04	1	7	白石	キラッとバレッタ	4	75
05	1	1157	1157	04	1	12	ネジ	銀の財宝“定期更新増悪怨恨呪珠”	4	75
05	1	637	1158	04	1	7	ネジ	マイクロ避キニ	4	75
05	1	1162	1162	04	1	14	ボロ布	碍子	4	35
05	1	1163	1163	04	1	11	吸い殻	18ポンド野砲	129	50
05	1	1229	1163	04	1	10	ネジ	迷彩服	3	52
05	1	685	1164	04	1	6	白石	おさかなキーホルダー	4	75
05	1	1164	1164	04	1	12	ネジ	黒晶の長剣	1	75
05	1	1167	1167	04	1	10	牙	どこぞの斧	1	60
05	1	1169	1169	04	1	8	孔雀石	雅の装	3	100
05	1	431	1171	04	1	15	針	ホワイトブリム	4	75
05	1	1154	1171	04	1	13	孔雀石	殺生石の破片	1	100
05	1	497	1172	04	1	9	ネジ	俵	1	75
05	1	1172	1173	04	1	8	毛	リバーブ	4	50
05	1	1163	1180	04	1	5	花びら	波形砲・試作式音響陣	129	50
05	1	1229	1180	04	1	8	ド根性雑草	着流し	3	52
05	1	476	1181	04	1	12	アルミ缶	アルケミック・コーン	1	75
05	1	646	1181	04	1	10	何かの殻	リバイバル・コア	100	37
05	1	231	1182	04	1	10	ド根性雑草	絡縁御守	4	75
05	1	436	1197	04	1	11	白石	錆鉄の角飾	1	75
05	1	1169	1205	04	1	6	藍鉄鉱	藍鉄鉱の半片	3	100
05	1	591	1207	04	1	6	松	竜巻のように荒ぶる欲望	3	75
05	1	795	1209	04	1	10	何か固い物体	防具（仮）	3	75
05	1	1209	1209	04	1	13	大軽石	めっちゃ軽いし	4	75
05	1	1348	1215	04	1	8	ド根性雑草	藍染めの三角巾	4	75
05	1	1219	1219	04	1	9	ド根性雑草	パレット	4	75
05	1	72	1222	04	1	6	何か柔らかい物体	軟穿甲	1	50
05	1	951	1222	04	1	13	大軽石	石壁受け	105	37
05	1	1222	1222	04	1	10	藍鉄鉱	五感刻み	4	100
05	1	1222	1222	04	1	12	藍鉄鉱	Freeze-Breeze	4	100
05	1	614	1226	04	1	6	白石	赤く粘つく糸	1	75
05	1	1037	1226	04	1	10	吸い殻	赤いボロリング	4	50
05	1	1440	1226	04	1	9	ネジ	斑模様の法衣	105	37
05	1	1460	1228	04	1	10	ボロ布	布の守り	4	50
05	1	1229	1229	04	1	11	不思議な雫	青のスニーカー	3	35
05	1	724	1230	04	1	9	何かの殻	交通安全御守	4	75
05	1	1321	1230	04	1	12	ド根性雑草	ド根性上着	3	75
05	1	1144	1231	04	1	11	ボロ布	布の護符	3	50
05	1	1231	1231	04	1	5	何か柔らかい物体	銀色のピアス	4	50
05	1	1232	1232	04	1	7	ネジ	血曇り	1	75
05	1	1235	1235	04	1	11	花びら	丈夫なスパッツ	1	10
05	1	326	1237	04	1	12	ド根性雑草	ひつじの安眠ぬいぐるみ	3	75
05	1	1244	1237	04	1	7	ネジ	チョコ味のお饅頭	1	75
05	1	223	1239	04	1	11	ネジ	ばーるのようなもの？	1	75
05	1	263	1239	04	1	6	ド根性雑草	漆黒のマント	3	60
05	1	1260	1247	04	1	9	木瓜	深核の炎水晶	4	75
05	1	1348	1253	04	1	10	ド根性雑草	紺の組み紐	4	75
05	1	624	1257	04	1	6	毛	ポーションのストラップ	4	50
05	1	1258	1258	04	1	10	毛	いつもの服	3	50
05	1	1290	1260	04	1	11	ネジ	剛槍・牛蒡抜き	1	75
05	1	949	1262	04	1	7	藍鉄鉱	藍金のバックル	4	100
05	1	1034	1262	04	1	9	良い木材	高品質な短銃	1	100
05	1	122	1264	04	1	7	孔雀石	カラフルな傘	3	100
05	1	990	1270	04	1	1	花びら	へばりついた花びら	4	50
05	1	1278	1278	04	1	12	良い木材	雷神刀	1	100
05	1	1290	1280	04	1	9	木瓜	ティンダーロインステッキ	1	75
05	1	1282	1282	04	1	13	駄木	いっぱい殴れそうなヤツ	1	50
05	1	329	1283	04	1	11	ネジ	パイルバンカー(バネ式)	1	75
05	1	1303	1283	04	1	12	不思議な石	ビームシールド(クリアパーツ)	3	50
05	1	977	1284	04	1	9	韮	綾取り	1	50
05	1	1260	1290	04	1	14	ネジ	進境の懐中時計	4	75
05	1	1290	1290	04	1	12	毛	悪滅のやえば	1	50
05	1	1355	1292	04	1	9	大軽石	＜犬用＞リード	4	75
05	1	1288	1296	04	1	10	腐木	木杖	129	75
05	1	1283	1303	04	1	9	ド根性雑草	ド根性	4	75
05	1	1305	1305	04	1	10	何か固い物体	ホノオアーマーお手製フォームⅢ	1	15
05	1	727	1308	04	1	12	不思議な雫	レインボーガスマスク	3	50
05	1	729	1308	04	1	15	大軽石	かちかち	4	75
05	1	1308	1308	04	1	18	駄木	よも木	1	50
05	1	1309	1309	04	1	6	ねばねば	耳ドリル	3	50
05	1	1080	1310	04	1	6	平石	蒼色の鳩	4	75
05	1	1309	1311	04	1	2	藍鉄鉱	ゆきうさぎ	3	100
05	1	134	1314	04	1	7	何か柔らかい物体	銀翼のコピス	1	50
05	1	1316	1316	04	1	7	ド根性雑草	雑草魂のタオル	1	15
05	1	500	1324	04	1	7	牙	大牙の刀	1	75
05	1	1324	1324	04	1	10	孔雀石	霊糸礼装	3	100
05	1	500	1327	04	1	6	すごい木材	血猿爪	1	150
05	1	1327	1327	04	1	11	何か固い物体	猫のお守り	4	75
05	1	1329	1329	04	1	10	毛	アラビックフリンジ	4	20
05	1	1329	1329	04	1	9	花びら	レースアーム	3	25
05	1	1330	1330	04	1	11	ボロ布	ABCマント	3	50
05	1	1331	1331	04	1	12	牙	蘇芳染の襟巻	3	75
05	1	1334	1334	04	1	8	何か固い物体	潔癖な白衣	3	75
05	1	1334	1334	04	1	4	何かの殻	ナースポーチ	3	75
05	1	1336	1336	04	1	7	駄物	魔剣ナマクラ	1	20
05	1	1338	1338	04	1	8	韮	空間鍵：韮	1	50
05	1	1338	1338	04	1	12	ド根性雑草	空間鍵：根	1	75
05	1	1340	1340	04	1	7	吸い殻	ファイヤーてぶくろ	1	50
05	1	1341	1341	04	1	9	ボロ布	ハイブースタ	3	50
05	1	1539	1341	04	1	6	杉	バスターランスⅢ	1	80
05	1	1303	1344	04	1	10	良い木材	魔除けのブレスレット	3	100
05	1	1303	1344	04	1	11	ド根性雑草	守護の法衣	105	37
05	1	1278	1345	04	1	15	牙	ソードブレイカー	1	75
05	1	1278	1345	04	1	13	良い木材	マカナ	1	100
05	1	1345	1345	04	1	10	アルミ缶	チェインシールド	3	75
05	1	1253	1348	04	1	10	何か固い物体	月読則宗『影打』	1	75
05	1	398	1350	04	1	6	孔雀石	鉄の延べ棒（特大）	1	100
05	1	1207	1350	04	1	8	針	情報集積体のシェル	4	75
05	1	676	1352	04	1	4	孔雀石	紙片強化板『眼球と舌の為の』	1	100
05	1	514	1353	04	1	7	牙	ムショワール《夕暮れの色》	105	37
05	1	740	1353	04	1	3	すごい木材	エクリチュール《plateau》	1	150
05	1	1353	1353	04	1	1	針	エクリチュール『スュテュール』	4	75
05	1	510	1354	04	1	6	駄石	左腕	1	50
05	1	767	1354	04	1	3	駄石	右腕	1	50
05	1	1355	1355	04	1	9	不思議な石	コンタクトレンズ	4	50
05	1	1355	1355	04	1	11	大軽石	猫	4	75
05	1	198	1357	04	1	10	大軽石	ツインテイル	1	75
05	1	1301	1362	04	1	11	ド根性雑草	凶運の呪紋刻みし灰褐色の胸当て	3	52
05	1	1519	1373	04	1	6	何か柔らかい物体	銀細工の髪留め	4	50
05	1	1386	1386	04	1	12	黄鉄鉱	愚者の金	1	75
05	1	1388	1386	04	1	10	花びら	黒蝶貝の腰飾り	4	50
05	1	1387	1387	04	1	9	毛	PG-02	3	50
05	1	1386	1388	04	1	11	韮	ぎょいこう	1	50
05	1	1396	1396	04	1	4	不思議な牙	牙のお守り	4	50
05	1	221	1397	04	1	10	木瓜	古びた木刀	1	75
05	1	268	1398	04	1	6	柳	狐火シールド	3	100
05	1	330	1403	04	1	6	ネジ	蒼電の牙	1	75
05	1	1403	1403	04	1	9	ボロ布	つぎはぎの服	105	25
05	1	1403	1403	04	1	10	韮	韮の腰飾り	3	50
05	1	1406	1406	04	1	8	毛	鬼瓦	1	10
05	1	1407	1407	04	1	5	不思議な石	重たい水筒	1	35
05	1	1408	1407	04	1	10	韮	なんか韮くさい防水エプロン	3	50
05	1	1407	1408	04	1	11	白石	硬い杖	1	52
05	1	1408	1408	04	1	10	毛	羽織る物	3	50
05	1	92	1415	04	1	8	白樺	ロングセーラー	3	75
05	1	984	1415	04	1	9	白石	お土産木刀（石）	1	75
05	1	1415	1415	04	1	11	ド根性雑草	根性リング焼き	4	75
05	1	1417	1417	04	1	5	不思議な石	巫女服	3	20
05	1	1422	1421	04	1	16	柳	柳の弓	1	100
05	1	1421	1423	04	1	11	毛	ウールオーラ	4	50
05	1	1427	1427	04	1	9	吸い殻	不思議なバーナー	1	40
05	1	1432	1431	04	1	8	白石	飲みきった酒瓶	1	75
05	1	1437	1431	04	1	11	何か固い物体	ダンボールシールド	3	75
05	1	1432	1432	04	1	6	松	おおかみさん	1	75
05	1	1437	1432	04	1	8	韮	何か	3	50
05	1	1433	1433	04	1	9	駄石	手頃な石	1	50
05	1	1103	1437	04	1	10	毛	駆血帯	4	50
05	1	614	1439	04	1	11	白石	神聖粉砕炎拳改	1	75
05	1	1440	1440	04	1	9	韮	春色のメイド服	105	25
05	1	1448	1448	04	1	12	孔雀石	フレイムスローア	1	100
05	1	268	1460	04	1	9	ねばねば	白銀の毛皮	3	50
05	1	1398	1460	04	1	12	ぬめぬめ	隠された闘争心	1	50
05	1	1462	1462	04	1	11	針	硬い頭	1	45
05	1	221	1464	04	1	10	毛	筆	1	50
05	1	641	1473	04	1	2	松	ひしゃげた槍	1	75
05	1	1476	1476	04	1	4	不思議な牙	ゆらめく光	105	25
05	1	1495	1476	04	1	12	ネジ	アカイロ	1	75
05	1	1376	1478	04	1	3	ネジ	凝血の短槍	1	75
05	1	132	1480	04	1	11	ネジ	半濁音ポンカタナ	1	75
05	1	1481	1481	04	1	12	ド根性雑草	願月	4	75
05	1	1527	1483	04	1	7	アルミ缶	メタルケース	1	45
05	1	94	1490	04	1	11	大軽石	敏捷の外套	3	75
05	1	1490	1490	04	1	12	すごい木材	攻撃石	1	150
05	1	1491	1491	04	1	9	平石	天の衣	4	75
05	1	1476	1495	04	1	13	ド根性雑草	学ラン	105	37
05	1	1476	1495	04	1	4	不思議な牙	Tシャツ	105	25
05	1	1502	1502	04	1	7	ネジ	ねじ	1	24
05	1	1504	1504	04	1	4	不思議な牙	白鯨	1	20
05	1	1504	1504	04	1	10	木瓜	白石の首飾り	4	30
05	1	1530	1506	04	1	10	ネジ	趙合金（？）バケツ	129	75
05	1	1507	1507	04	1	9	毛	もこもこしてるやつ	3	45
05	1	1527	1527	04	1	6	何かの殻	アイスエッジ	1	45
05	1	1534	1534	04	1	9	ボロ布	次元幾裂のヴェール壁	100	25
05	1	1539	1539	04	1	9	ボロ布	トラバサミ	1	40
05	1	1540	1540	04	1	10	ボロ布	スコーピオン	1	25
05	1	1540	1540	04	1	7	ド根性雑草	ヘアピン	4	15
05	1	613	1541	04	1	4	不思議な牙	コルミージョ	1	50
05	1	1530	1553	04	1	8	木瓜	大筒	129	75
05	1	1530	1559	04	1	8	木瓜	大太刀『桜吹雪』	1	75
05	1	380	1564	04	1	9	杉	刀	1	80
05	1	1293	1579	04	1	4	不思議な牙	牙のネックレス	4	50
05	1	1598	1579	04	1	5	不思議な石	烙扇	1	50
05	1	567	1580	04	1	8	駄石	しんなり鍼	1	50
05	1	651	1580	04	1	7	不思議な石	ぐったりエプロン	3	50
05	1	651	1580	04	1	9	駄石	ぼんやり学生服	3	50
05	1	1580	1580	04	1	10	駄木	どんより鍼ホルダー	4	45
05	1	1583	1583	04	1	5	不思議な石	インビジター	3	50
05	1	71	1585	04	1	5	不思議な石	ヘアピン	4	50
05	1	269	1585	04	1	4	不思議な牙	フォトンダガー	1	50
05	1	269	1585	04	1	7	ネジ	FN57	1	75
05	1	1104	1585	04	1	8	ボロ布	蒼いパーカー	3	50
05	1	1594	1594	04	1	4	不思議な牙	即席の腹当て	3	15
05	1	1594	1594	04	1	5	不思議な石	即席ブラックジャック	1	15
05	1	515	1595	04	1	4	不思議な牙	製麺機	1	50
05	1	1595	1595	04	1	5	不思議な石	真縞紙	4	50
05	1	1293	1598	04	1	4	不思議な牙	獣笛	4	50
05	1	1598	1598	04	1	5	不思議な石	サファイアネイル	1	50
05	1	1601	1601	04	1	5	不思議な石	コバルトブルー	4	10
05	1	1603	1603	04	1	4	不思議な牙	研究者の孤独な魔法	1	20
05	1	1603	1603	04	1	5	不思議な石	魔術師の孤独な白衣	3	20
