result_no	generate_no	e_no	receiver_e_no	name	skill_id	card_no	
32	0	1434	1	女教皇のカード	772	32
32	0	209	2	ユグドラシル	969	32
32	0	695	4	ハデスポムグラネイト	878	32
32	0	1774	5	すくすくそだつ	771	31
32	0	216	6	バカンスお嬢様（季節外れ）	282	32
32	0	7	7	本能と寿司	1003	32
32	0	753	8	ライトブリンガー	716	31
32	0	1290	9	アガレス	951	29
32	0	170	10	識札	948	31
32	0	1685	11	蛾蠱ノ咒	630	27
32	0	975	12	エデンファントム	940	32
32	0	61	13	おバニーですわ！	1012	32
32	0	1478	14	デスパレイトブラッド	742	32
32	0	104	16	塗ったくられたカード	930	32
32	0	1366	17	御神木の枝	702	32
32	0	1199	18	喉元へ伸びる諸手	468	31
32	0	1418	19	カード：ユートゥルナ	913	32
32	0	385	22	クリエイト：コーラス	732	32
32	0	132	24	囓られた柘榴	878	32
32	0	453	26	破壊計画	603	32
32	0	1153	27	魔法少女召喚	859	32
32	0	1164	28	『月光雨』	1012	31
32	0	605	30	面影	1007	32
32	0	699	34	レスレクシオン	900	32
32	0	1370	36	暴竜の咆哮	912	32
32	0	1052	37	幻影の爆撃	1015	31
32	0	646	38	臨時図書館	788	32
32	0	416	39	ふぉふぉFOXコーヒー	877	30
32	0	717	40	『Qimranut』	768	32
32	0	624	41	Cヘカトンケイル	801	32
32	0	529	42	機械仕掛けの牙を持つ者・ヨナ	921	32
32	0	723	44	貴種吸血鬼(偽)	878	30
32	0	1007	47	立ちはだかる者	932	31
32	0	1703	49	お騒がせ狐娘の空腹	701	32
32	0	187	50	レスレクシオン	900	32
32	0	251	52	産堕：八咫烏	932	32
32	0	90	53	ウォークライ	908	32
32	0	591	54	巻き付くピアノ線	723	32
32	0	435	55	膨れ上がる衝動	576	32
32	0	659	57	ナツメヤシのぬいぐるみ	940	31
32	0	219	58	赤いカード	801	31
32	0	1112	60	全時傷殴打	1015	32
32	0	13	61	《三ツ目る恵》	576	32
32	0	862	62	謎のスプレー缶（大）	874	32
32	0	158	63	ミヅハノメのカード	944	31
32	0	808	65	偽りの禁呪詠唱	591	32
32	0	345	66	スクライカー	984	30
32	0	69	69	火魔	814	32
32	0	1323	70	生命の水を注いで	948	32
32	0	279	72	導き	825	32
32	0	369	73	くろねこねこねこ	900	32
32	0	1013	75	ワールドスレイヤー	801	32
32	0	795	76	スプリット・ジ・アトム	876	32
32	0	77	77	タイタイタイトロープロープ	682	32
32	0	1667	79	僕らのヒーロー	796	32
32	0	1295	83	みんなそろって落ちるのよ	856	23
32	0	1377	84	うちわ	735	32
32	0	88	85	モルダー	632	31
32	0	474	86	冒涜する奏者：強化暗示	876	32
32	0	85	88	レインフォース	876	30
32	0	133	89	基本証明《質量保存の法則》	876	32
32	0	53	90	領域創造：密林の供犠	576	32
32	0	203	92	果て	907	26
32	0	557	94	楽園はいつも炎の中に	877	32
32	0	1320	95	転写『メメントモリ』	856	30
32	0	277	97	[DSN309]怪盗ペチュニア	877	31
32	0	606	99	呱々が煌めく	630	31
32	0	620	100	折れたナイフ	795	32
32	0	1482	103	英雄と英雄に恋をした女神の話	796	31
32	0	16	104	魔力付与：白弥の慈悲	878	32
32	0	261	105	ㅤㅤㅤㅤㅤㅤㅤㅤㅤㅤ	1015	32
32	0	353	106	分厚いおにく	876	32
32	0	450	107	守護天使	801	32
32	0	380	111	アルムピアエール	860	32
32	0	534	113	古の大樹	969	32
32	0	1303	115	守護者の血焔	919	29
32	0	366	116	風に抗い鐘は鳴る	783	32
32	0	751	117	ファイアプレデター	789	32
32	0	136	120	拒蝕【事象否定】	900	31
32	0	354	123	Ling a Lilium	793	32
32	0	378	125	伽藍の国	734	31
32	0	729	126	リザレクポーション	824	32
32	0	159	127	ライブラリ	788	32
32	0	917	130	魔女の気紛れ	1	32
32	0	24	132	私をお呼びか？／バケツヘルム卿	900	31
32	0	89	133	れいんふぉーす	876	30
32	0	837	134	おまじない	969	32
32	0	120	136	し～かぐ君	799	32
32	0	236	138	ラッキースター	793	32
32	0	1258	141	クリプトグラフ	981	32
32	0	1203	142	黒幕・オブ・ザ・ワールド	877	32
32	0	451	144	従順	866	32
32	0	1147	145	ダインスレイフ	918	32
32	0	497	147	？？？	795	32
32	0	687	148	鏡鳴	919	32
32	0	732	150	木の芽流し	493	29
32	0	1173	151	NIGHTWALKER	948	30
32	0	519	152	再形成／REGENERATE	900	32
32	0	782	153	“紅雨”	596	32
32	0	305	155	A.I.WORLD	633	32
32	0	949	156	僕の心臓をお食べよ！	913	32
32	0	1433	157	サモン：ヒーロー	796	32
32	0	63	158	タイジュ	969	31
32	0	127	159	供饌のカード	878	32
32	0	1210	160	海開き	900	32
32	0	1222	161	昏昏	858	32
32	0	1103	164	アースシンパシー	896	29
32	0	669	165	31.リザレクポーション	824	32
32	0	392	166	偉大なる炎	716	32
32	0	585	169	誓約のしるし	682	32
32	0	10	170	起死回生	969	31
32	0	1647	171	P373　豊饒	896	32
32	0	1157	172	ランチカードNo.31	735	32
32	0	744	173	特性『毒の体』	539	32
32	0	661	174	涙火出燈會	602	31
32	0	191	178	邪邪癒馬	824	32
32	0	904	179	アムブロシア	1007	30
32	0	1615	181	ダーティアクション	553	30
32	0	974	182	妖精のカード	1003	32
32	0	223	183	プール！	969	29
32	0	275	184	摩滅せしめる悪夢	984	32
32	0	855	185	【焔竜】ホムラ	918	32
32	0	50	187	碧の疾風	274	32
32	0	348	188	紅の思い出【夏祭り】	801	31
32	0	812	189	仄暗い海の底へ	900	32
32	0	178	191	八咫オカメダンス	984	31
32	0	210	193	永劫の車輪《Orffyreus》	813	27
32	0	1700	194	ヘカトンケイル	801	32
32	0	1037	195	サモン：スレイプニル	831	32
32	0	748	198	強化蘇生	900	27
32	0	656	200	安寧	878	32
32	0	592	201	怒鳴れ！腹の底から！	1012	32
32	0	880	202	最後の切り札	900	28
32	0	92	203	『悔い無き終わりを』	801	32
32	0	1342	204	サイドチェスト	666	29
32	0	1137	205	桜源郷の世界樹	969	32
32	0	947	206	不滅の宝石	900	32
32	0	893	207	模倣のカード	955	32
32	0	2	209	ヘカトンケイル	801	32
32	0	193	210	終末の鎖	908	32
32	0	235	211	どんよりする	984	32
32	0	645	213	ア゛ア゛ア゛ア゛ァァ・・・・・	991	32
32	0	564	215	アルティメットフォーム	907	32
32	0	6	216	ビッグ・ワン	921	31
32	0	317	218	代償	576	26
32	0	58	219	…………	514	32
32	0	273	221	森	576	32
32	0	843	222	【限定顕現：杵独王】	768	32
32	0	183	223	千疋	838	32
32	0	1648	224	Mg混入火炎瓶	806	32
32	0	373	226	絵画：シグルドリーヴァ	734	31
32	0	377	229	あっちもこっちもドーンだし！	772	32
32	0	709	231	鼓舞する歌声	876	32
32	0	286	233	クリエイト：ブラッド	919	29
32	0	1464	234	レスレクシオン	900	30
32	0	211	235	レインフォース	876	32
32	0	138	236	クルマの因習	908	32
32	0	954	238	メメメメントモリモリモモリリ	856	32
32	0	421	239	【緑】	813	32
32	0	274	240	Code:ST	877	32
32	0	768	244	ワッフル	1000	32
32	0	52	251	白き平穏の使徒 -憤怒-	908	32
32	0	543	253	CODE:[2.63]	907	31
32	0	533	255	みてい	900	32
32	0	1715	256	油布	913	31
32	0	667	257	起死回生SPITFIRE	808	32
32	0	692	260	ゆめのおわり	592	26
32	0	105	261	夜半の時間	826	32
32	0	262	262	エラト	1012	32
32	0	1416	265	全ては夜の中	982	32
32	0	1278	266	《超越存在・創世の撃鉄》	801	31
32	0	432	269	水行式『水無月』	784	31
32	0	304	270	風蝕	957	32
32	0	1439	271	アルスマグナ	689	30
32	0	272	272	狼符「ルナティックインパクト」	985	32
32	0	221	273	へかとん！	801	32
32	0	240	274	歳星の奇跡	969	32
32	0	184	275	狂化	878	31
32	0	1491	276	イミテーション・ゲーム	997	32
32	0	97	277	夜霧地下科学研究所	969	32
32	0	372	278	card_volcano	937	32
32	0	72	279	Create:flood	683	31
32	0	722	281	ヒールスレッド	900	32
32	0	919	283	でかくてつよくてかっこいい武器！	1000	31
32	0	1692	284	強化支援弾：閃型	907	28
32	0	485	285	雨の夜	955	31
32	0	233	286	臭い物に蓋をせよ	902	32
32	0	634	288	ながれぼし	916	32
32	0	440	289	ぷまう	878	31
32	0	1302	290	変身ベルト（廉価版）	907	31
32	0	500	295	今川焼	985	23
32	0	1674	296	ヘイルカード	68	32
32	0	1270	297	破片飛ばし	801	32
32	0	1462	300	草を食べる	532	32
32	0	428	301	魔法の薬	998	32
32	0	553	303	あるてぃめっとふぉーむ	907	31
32	0	270	304	Cold Fall	900	29
32	0	155	305	ニューゲームアゲイン	900	31
32	0	805	308	祈祷した信仰者	867	32
32	0	912	311	己を鼓舞する歌	576	32
32	0	1314	312	慈悲	877	32
32	0	948	315	リザレクアロマ	969	32
32	0	218	317	空に輝くレインボー	904	29
32	0	493	319	《鏡映シノ具現：幻想ノ世界》	734	30
32	0	1519	321	ザ・ガーディアン	948	32
32	0	911	322	フリーリィ・スカイシー・ダイブ	918	31
32	0	702	326	『護神結界【千手抄現】』	801	32
32	0	1247	327	アグネスヤトラ	927	29
32	0	577	329	百烈	801	32
32	0	427	330	焔の癒し	810	30
32	0	1646	331	サモン：ベヒモス	965	32
32	0	360	332	応急処置	273	32
32	0	1679	333	≪数撃ちゃ当たる≫	801	32
32	0	514	336	煌めく極星光	714	32
32	0	1331	339	エレクトリックパレード	882	31
32	0	344	344	ポメブロウ	591	32
32	0	66	345	黒黴の殻	277	29
32	0	613	346	朽ちぬ生命の樹	969	32
32	0	783	347	アセンド	900	32
32	0	188	348	レスレクシオン	900	32
32	0	1080	350	暗黒の知識のパピルス	935	31
32	0	106	353	フォックスコーヒー	951	30
32	0	123	354	真貴楼	969	32
32	0	1298	357	スキルカード：トキツカゼ	637	31
32	0	332	360	具現化：覆いかぶさるナニカ	984	27
32	0	884	361	埼玉県	932	29
32	0	1664	362	第三概念下の収益	985	32
32	0	1139	363	メイズ	849	32
32	0	116	366	[甘い毒]	981	32
32	0	73	369	奉仕精神	925	32
32	0	736	370	Blazing Fether	789	32
32	0	757	371	3インチの時計台	734	32
32	0	278	372	とある酒場のバーテンダー	900	32
32	0	226	373	天佑神助	877	32
32	0	1215	374	何か凄い樹	969	32
32	0	1101	375	ダンタリオンのカード	994	32
32	0	229	377	[SR]群条エナ	734	31
32	0	125	378	無片の爆炎	553	32
32	0	111	380	深淵の歌	969	29
32	0	869	381	影猫の王女	955	31
32	0	580	383	AF目P属:6.破壊	1015	31
32	0	1205	384	うなー	1012	29
32	0	22	385	『完成装備』UR	907	31
32	0	470	386	《羨望ノ睥睨》	957	32
32	0	1144	388	ハト魔法「サクリファイス」	867	32
32	0	1373	390	契約の白蛇	900	31
32	0	166	392	アドレナリン	900	32
32	0	1583	394	アンノウンズフェイク	667	28
32	0	597	398	学者こねこ	1002	32
32	0	414	399	ユウギのわくわくおみくじ	858	32
32	0	444	401	招雷の魔法円	846	32
32	0	530	404	【　】	779	32
32	0	1132	406	不死呪回	595	32
32	0	691	409	炎の息吹	742	32
32	0	969	411	No.32	900	32
32	0	1094	412	陶器のカード：ウェルフェア	948	26
32	0	399	414	世界に望まれた終焉の樹	969	31
32	0	767	415	忘却処理	904	32
32	0	39	416	タイトロープ	682	32
32	0	491	417	黒い名刺	834	30
32	0	1251	418	下山の神髄	518	30
32	0	658	419	殺界『万里一閃･星薙之太刀』	663	32
32	0	551	420	モンスター・オブ・ゴリラ	734	32
32	0	239	421	Ｘの字斬り	1015	30
32	0	821	422	落雷	877	32
32	0	1330	423	ヒーﾉﾚ	1015	32
32	0	1000	424	禍ツ風	901	31
32	0	1111	425	ファウのきまぐれ	639	32
32	0	518	426	季節外れの雪	1003	29
32	0	330	427	狐火	810	27
32	0	301	428	Onyx	971	32
32	0	1250	430	パーシステンス	554	32
32	0	1211	431	反禍過恢	860	32
32	0	269	432	刃砕	774	28
32	0	1253	433	★ミ	801	31
32	0	538	434	ぱりぴ★ほりっく	877	31
32	0	55	435	雨を喚ぶ龍の祝福	948	32
32	0	958	436	鬼神の加護	734	31
32	0	289	440	最悪の時間	921	31
32	0	1613	442	散華ノ紅	813	31
32	0	1398	443	鉄拳！アミィハンドクラッシュ！	921	30
32	0	401	444	あんこうの唐揚げ	935	32
32	0	614	445	ウルフヘッド	912	32
32	0	1619	446	ソウルミュージック	881	31
32	0	1392	447	アルカナ：悪魔	785	32
32	0	1097	448	Primal Fear	907	32
32	0	475	449	飢渇のカード	789	32
32	0	107	450	仮	824	32
32	0	144	451	──の記憶	780	30
32	0	649	452	デウスエリカマキナ	1015	32
32	0	26	453	撫でまわす悪意の癒手	900	31
32	0	885	455	叫びの淵	913	32
32	0	1043	461	『エッダ　"ウプサラ写本"』	969	32
32	0	1049	462	裁きの炎	938	30
32	0	1305	463	magicalpowder	909	32
32	0	678	464	ハルシ	971	32
32	0	1152	465	身代わり石	900	31
32	0	889	468	瘴気	526	32
32	0	386	470	ハンニバル	874	32
32	0	1280	472	ウェルダン	948	32
32	0	1487	473	俺が、俺達がジャイアントメカだ！	735	32
32	0	86	474	慈悲の天輪	948	32
32	0	449	475	焼連打	174	30
32	0	537	476	咆哮：勇者の凱旋	912	31
32	0	1036	481	怒涛の連撃	801	32
32	0	285	485	奇跡の御業	977	30
32	0	1237	486	れすきゅー！	900	32
32	0	516	487	エファヴェセント	388	29
32	0	1723	488	パワフルヒール	736	29
32	0	799	490	ハデスポムグラネイト	878	32
32	0	417	491	寝てる場合じゃないだろう？	375	27
32	0	935	492	刀魂・黒炎纏刀	742	30
32	0	319	493	フォービドゥンシンカー	683	31
32	0	612	494	ファントムペイン	927	32
32	0	1754	495	コーンドッグ	878	31
32	0	713	496	兎耳のカード	901	32
32	0	147	497	首縄	801	32
32	0	1350	498	次元侵襲	983	32
32	0	1051	499	LOTA`S COLLECT32	901	32
32	0	295	500	＊＊＊	977	32
32	0	985	501	ヴァニッシュ	904	31
32	0	720	502	加具土命	926	30
32	0	813	503	飢え渇く霧	625	32
32	0	1047	512	蘖	742	31
32	0	1564	513	ブロッコリー	734	31
32	0	336	514	オーバードライブ	961	32
32	0	1289	515	Healing Candy	969	31
32	0	487	516	歌声	969	32
32	0	619	517	でっけーざくろ	878	32
32	0	426	518	"魔法姑娘"アストロイェライ	719	30
32	0	152	519	レスレクシオン	900	30
32	0	973	523	バナナの皮	861	32
32	0	755	525	レスレクシオン	900	27
32	0	1050	526	おきつねライトニング	903	31
32	0	891	527	ショップカード	824	32
32	0	995	528	煌錠	998	32
32	0	42	529	清めの一撃	916	32
32	0	404	530	[ERROR]	918	31
32	0	601	532	満漢全席	706	32
32	0	255	533	リオタール	683	30
32	0	113	534	ナス祭りｗｗｗ	941	32
32	0	1399	535	《吊された男》	918	32
32	0	1257	536	魔女の秘薬	900	32
32	0	476	537	イートフォーム	797	31
32	0	434	538	特盛マルゲリータ	664	31
32	0	1580	539	おいしいレーズン	815	32
32	0	552	541	ニルヴァエナ	945	31
32	0	253	543	お母様	969	32
32	0	1507	544	幻影のかけら	584	32
32	0	598	545	チナミタクシー乗り場	900	9
32	0	854	546	A strange day	877	29
32	0	1743	547	鋼鉄都市	541	27
32	0	901	548	フラワーグロウ	516	32
32	0	1223	550	最期の晩餐	877	32
32	0	420	551	リンカニック・マキナ	1015	32
32	0	541	552	タヌッシュ	904	29
32	0	303	553	【変化】究極形態	907	31
32	0	1372	554	お昼寝するちいさな兄妹	984	7
32	0	1030	555	地震だー？！	902	31
32	0	94	557	無敵要塞ザイガス	877	32
32	0	747	561	椿の描かれたカード	858	31
32	0	760	562	呪符:誰かの怖いもの	576	31
32	0	1252	563	祝福のカード	877	30
32	0	215	564	アリス・イン・ワンダーランド	689	32
32	0	970	566	彼方の呼声	955	32
32	0	1663	567	アンダーテイカー	983	31
32	0	1282	568	おもちおいしい	610	32
32	0	616	571	暴走契約	1000	31
32	0	1293	575	破壊の術式	610	31
32	0	329	577	乾坤一擲	808	31
32	0	383	580	シェアハピ	913	31
32	0	774	582	護りの銀雫	789	31
32	0	1077	583	瑤池蟠桃	969	32
32	0	950	584	おめでたいビーム	916	28
32	0	169	585	エナジーフォックスコーヒー	954	32
32	0	814	586	蛍光グリーンの液体	900	32
32	0	942	587	インドラ	903	31
32	0	1268	588	ハートのひつじ兵	584	32
32	0	54	591	サモン：鋼鉄メイデンさんレプリカ	796	28
32	0	201	592	導きのアイオライト	846	32
32	0	990	593	世界の欠片	387	32
32	0	1639	596	血と魂を捧ぐ	878	31
32	0	398	597	転送：トキワ工房錬成申請書	811	32
32	0	545	598	ゆいの日記	728	31
32	0	532	601	スミの炭になりたい	877	31
32	0	1230	602	ユグドラーメン	969	31
32	0	847	603	掴み取る幸運	877	32
32	0	1008	604	ボンバルディエ	553	21
32	0	30	605	うぇいくあっぷ	974	32
32	0	99	606	霞みゆく景色のカンタータ	835	32
32	0	1011	607	おさんぽ時間	877	30
32	0	1539	608	ホワイトパウダー	961	32
32	0	494	612	『同胞』に祝福を！	706	29
32	0	346	613	繰り返される夢	900	31
32	0	445	614	フラグメントグリッター	907	30
32	0	571	616	『最終楽章』	901	30
32	0	517	619	ホワイトカード	516	32
32	0	100	620	エンチャントアーマー	740	32
32	0	41	624	赤よりも焃き赫	591	32
32	0	858	625	クラウソラス	916	32
32	0	1104	626	仮カード	834	29
32	0	1636	627	星に願いを	789	32
32	0	1239	631	紅糸	787	32
32	0	288	634	纏われ紅蓮	801	32
32	0	1461	635	因縁	918	27
32	0	870	636	カード	912	31
32	0	1483	637	迷探偵の護身術（武器破壊編）	774	32
32	0	1585	639	終わらない夢	969	32
32	0	213	645	トリに翼	907	31
32	0	38	646	マぱんち	667	32
32	0	1099	647	回避力	573	29
32	0	452	649	未知の不協和音	714	32
32	0	1490	651	鼓動	576	32
32	0	1169	654	死んでしまうとはなさけない	969	32
32	0	200	656	【R】すし	616	29
32	0	419	658	ウレイ飯	953	31
32	0	57	659	カクメイバクダン～ダイサンハン～	772	32
32	0	174	661	回避領域展開	877	32
32	0	1357	663	狐尾堂ショップカード	734	30
32	0	257	667	サイン・ヴァルゴ[無色]	951	28
32	0	165	669	燃え盛る炎	935	31
32	0	1095	671	宅配便『確変』	877	31
32	0	1016	673	荊街八景	908	32
32	0	1044	676	雷神	973	32
32	0	464	678	伊左知留女幸給	969	32
32	0	682	681	使い捨て乾電池	941	31
32	0	681	682	ディメンジョンドライヴ	877	30
32	0	714	685	怪しすぎる装置	969	30
32	0	148	687	天体観測	908	20
32	0	409	691	コールイン【ボルカノ】	937	32
32	0	260	692	ハーモニカおねえさんよりNo22	909	32
32	0	1453	693	裏返る地表	1015	32
32	0	1026	694	聖剣・天羽々斬剣	916	32
32	0	4	695	エクスプロード	417	32
32	0	34	699	くまー。	878	32
32	0	326	702	聖女の祈り	712	32
32	0	231	709	モーセの奇跡	406	32
32	0	1197	711	みなしずく	682	32
32	0	496	713	ミリキアレギア	706	32
32	0	685	714	サモン：タケミカヅチ	973	25
32	0	838	716	ねこ	169	27
32	0	40	717	落星	639	31
32	0	1019	719	圧縮次元鏡	834	27
32	0	502	720	アハ・イシュケ	689	20
32	0	281	722	グロリア・ストライザー	1015	32
32	0	44	723	仮カード	792	32
32	0	1327	724	猿月爪【サルガッソー】	801	27
32	0	1022	727	思念の氷柱	683	32
32	0	126	729	模倣術式「意富加牟豆美命」	878	32
32	0	1396	730	がんばっちゃう子犬たち	918	32
32	0	150	732	成長した比翼王（ひよこ）	948	31
32	0	1661	733	輝刀一閃	916	31
32	0	1321	735	『黄昏よりも暗き』	853	30
32	0	370	736	薬草学	88	32
32	0	173	744	怪物の高揚	602	31
32	0	561	747	黒い感情が込み上げる！	800	29
32	0	198	748	ハリ湖に響く歌声	621	31
32	0	1589	750	クイックレメディ	133	32
32	0	117	751	ずっと一緒に居られますように	706	32
32	0	8	753	機械仕掛けの神の唄	1015	30
32	0	525	755	最後の切り札	921	29
32	0	371	757	貴方のためのスキャット	991	30
32	0	1100	758	アポカリプス＊	968	26
32	0	562	760	鬼怨万攘：死ヲ受クベシ、一切怨敵	921	31
32	0	977	762	深海より	740	32
32	0	415	767	Plaguebringer	800	32
32	0	244	768	【花摘みの星冠】	161	30
32	0	1148	771	望郷	908	14
32	0	582	774	『感謝の笑顔』	810	31
32	0	1121	777	レスレクシオン	900	32
32	0	778	778	サクラフィアンマ	813	32
32	0	898	779	フリッカージャブ	925	32
32	0	998	780	アイシクル・バースト	942	31
32	0	153	782	狐天使	994	31
32	0	347	783	紗良の思い出【ぬいぐるみ】	734	32
32	0	1311	784	うさドラシル	969	32
32	0	1790	788	《傷つけるやみ》	866	32
32	0	1755	789	偵察	576	32
32	0	1061	793	北海道恭子	609	32
32	0	1263	794	咲ちゃんプロマイドact9	1015	28
32	0	76	795	スポーツドリンク	716	31
32	0	831	796	生命樹	969	30
32	0	798	797	Period.	971	32
32	0	797	798	June bride	921	32
32	0	490	799	みんながんばれ～	619	32
32	0	932	801	噛みつき	807	32
32	0	1308	804	よもブラリ	788	24
32	0	308	805	ザオ…ル	824	31
32	0	816	807	null	766	26
32	0	65	808	暫定	965	21
32	0	1444	810	スーパーバーンナックル	921	30
32	0	189	812	ねこメッサー	813	32
32	0	503	813	冥界ノ甘キ毒	878	31
32	0	586	814	Shadow Mirror 32	985	32
32	0	807	816	シークレットショット	612	32
32	0	422	821	『』	900	32
32	0	796	831	クリエイト：ブロッサム	813	28
32	0	1054	833	炸裂光弾	978	32
32	0	134	837	Strength	576	31
32	0	716	838	回復茸	900	31
32	0	1283	839	理力回路・再起動	900	31
32	0	840	840	夏茄子	898	28
32	0	1058	841	百の命と屍の座	969	27
32	0	222	843	妖晶幽帰	913	26
32	0	603	847	強制終幕	1015	31
32	0	546	854	アムブロシア	1007	32
32	0	185	855	ツキミソウ	876	31
32	0	989	856	伸びる火線	916	32
32	0	625	858	被り物（ドラゴン）	912	30
32	0	1352	861	贋作紙片《夜》	907	32
32	0	62	862	秘符【死神】	878	32
32	0	1457	865	★★★アルマジロトカゲ	907	32
32	0	381	869	【竜兔乃霊薬】	969	32
32	0	636	870	応龍詩片	912	16
32	0	1324	876	にゃんとひゃくれつけん	801	30
32	0	951	877	Down,down,down	552	32
32	0	896	879	ɐɔıʇsnɹ	799	31
32	0	202	880	Code:A	907	32
32	0	1312	881	はですぽむぐらねいと	878	32
32	0	361	884	再生の奇跡	969	32
32	0	455	885	原子を砕く拳	921	32
32	0	908	888	クリエイト：キャノン	610	32
32	0	468	889	淀んだ悪意	856	32
32	0	1783	890	スペースデブリ	874	31
32	0	527	891	外持雨	876	26
32	0	1345	892	ワンモアチャンス	969	32
32	0	207	893	二人でカラオケ！	772	32
32	0	879	896	炎邪流集中法	177	28
32	0	1088	897	じわれ！	805	32
32	0	779	898	ケーキを一口	878	31
32	0	548	901	■	811	30
32	0	1180	903	トラジェディア	853	32
32	0	179	904	世界樹の加護	969	32
32	0	1448	905	爆発フェステイバル	930	24
32	0	888	908	桜漬けオリーブオイル	813	31
32	0	1159	909	ビオラ	518	32
32	0	1534	910	クルトカラナガン	969	32
32	0	322	911	霹靂	898	31
32	0	311	912	炎方呪術・恨	789	32
32	0	130	917	■	742	27
32	0	283	919	トウフくん(DJ)	766	32
32	0	1309	923	ねこリセットグラネイト	878	28
32	0	1495	924	爆音マフラー	125	32
32	0	1600	927	蜃気楼	940	31
32	0	1493	931	猫の鳴き聲	984	32
32	0	801	932	孤木死灰	961	32
32	0	492	935	理に届く一筆	1015	32
32	0	1115	938	カグツチ	926	31
32	0	587	942	惑わぬ準星	591	31
32	0	206	947	【N】秋葉原舞音	775	27
32	0	315	948	罪過のエルフ	935	30
32	0	156	949	血啜魔剣	918	31
32	0	584	950	セイズ	713	31
32	0	877	951	繊維の多い大根	773	32
32	0	238	954	スペシャルタイム	877	32
32	0	436	958	メガトンパンチ	921	32
32	0	1634	967	日々鍛錬	994	32
32	0	1415	968	えんじぇるしんぱすぃー	896	32
32	0	411	969	命綱	900	32
32	0	566	970	『コヌマ』	866	32
32	0	971	971	おわりのうた。	908	32
32	0	523	973	<【金宿】銀幕の竜宮金魚>	1015	29
32	0	182	974	ラメルカード【フレア・シドロス】	908	32
32	0	12	975	ディスカード・サイス	794	32
32	0	1209	976	テレビが映らない	844	32
32	0	762	977	ディエスイレ	908	32
32	0	1344	978	思い出の一片	955	32
32	0	501	985	夏の思い出～黄色い筋肉を添えて～	940	31
32	0	856	989	竜の祝福	913	31
32	0	593	990	Wʎ Hǝɹo	901	32
32	0	528	995	花水木	878	32
32	0	1796	997	ハデスポムポムニクキュウト！	878	26
32	0	780	998	殴打	921	32
32	0	1758	999	怪光線【雷】	903	31
32	0	424	1000	創生の雫	969	32
32	0	47	1007	仮	900	32
32	0	604	1008	貸出闇人形	981	32
32	0	607	1011	アガレス	951	32
32	0	1403	1012	サンダーウルフパック	806	32
32	0	75	1013	画料転成	882	32
32	0	673	1016	幸せな夢を	734	32
32	0	719	1019	怪獣大決戦！	859	32
32	0	727	1022	葵ちゃんカード：RRC	900	30
32	0	694	1026	変化：異形化促進	387	32
32	0	555	1030	公家手裏剣	801	32
32	0	1348	1032	四辺白乱	801	31
32	0	481	1036	魅惑的な契約	961	15
32	0	195	1037	祝福の夢	734	28
32	0	1288	1039	スペシャルタイム	877	24
32	0	461	1043	ファイアサークル	810	32
32	0	676	1044	血よ、万物の素となれ	882	31
32	0	1710	1046	レスレクシオン	900	32
32	0	512	1047	焼けた鉄槌	639	32
32	0	462	1049	茨の血爪	918	32
32	0	526	1050	幸福四叶草	1011	29
32	0	499	1051	カグツチ	926	25
32	0	37	1052	太陽の応援	932	31
32	0	833	1054	パンクミュージック	377	30
32	0	1397	1057	アカデミー・ミュージカルショー	877	32
32	0	841	1058	うぇるふぇあ	948	29
32	0	1296	1059	サモン：スペシャルゲスト	997	32
32	0	793	1061	困ったときの常備薬	969	28
32	0	1594	1065	刃折れ蟷螂の「お前も折れろ！」	774	32
32	0	1075	1075	磨かれた爪	813	32
32	0	583	1077	触手大盤振る舞いⅡ	782	32
32	0	350	1080	Three of Cups	898	32
32	0	1436	1084	『どうせ、誰も』	930	29
32	0	897	1088	とてつもなく美味しい紅茶	930	31
32	0	412	1094	生滅変化	1012	32
32	0	671	1095	メテオストライク	639	32
32	0	448	1097	蠢く肉塊が入った試験管	969	32
32	0	647	1099	血杯	900	32
32	0	758	1100	スペシャルタイム	877	32
32	0	375	1101	強行偵察部隊	801	32
32	0	164	1103	糧	1008	32
32	0	626	1104	式符【鳳仙花】	789	30
32	0	425	1111	『無題』	796	32
32	0	60	1112	スノーパレット	900	32
32	0	938	1115	ダストデビル	572	30
32	0	777	1121	[ソーサリーノート]ルナリウム	935	30
32	0	1543	1123	全裸中年男性大行進	919	31
32	0	1682	1124	守護獣	250	32
32	0	406	1132	スペシャークタイム	877	32
32	0	205	1137	唸る声色	942	32
32	0	363	1139	私がジャイアニズム	921	31
32	0	388	1144	感情顕現：吐色の憧憬	859	29
32	0	145	1147	シャイニングフォース	846	31
32	0	771	1148	不幸な血末	919	32
32	0	465	1152	烈日	1015	32
32	0	27	1153	とりあえず	877	30
32	0	1310	1154	アンチドート	559	32
32	0	1719	1155	バイオレット・ミラー	104	32
32	0	172	1157	アーカイブ32	951	31
32	0	1440	1158	はですぽむぐらねいと	878	29
32	0	909	1159	シェイドの庇護	856	27
32	0	1161	1161	図面庫	788	9
32	0	1191	1163	ティー・タイム	877	26
32	0	28	1164	逆凶：逆行の霊泉	900	32
32	0	654	1169	ティア・ホーリーグレイル	900	32
32	0	1506	1172	キャンプファイアー跡地	670	31
32	0	151	1173	千骨観音	801	32
32	0	903	1180	剣の担い手	916	32
32	0	1360	1181	火の粉	899	29
32	0	1353	1182	写本：ベヒル	962	32
32	0	1163	1191	ダイソスしイヌ	918	31
32	0	1595	1192	酸辣スパイストッピング券	991	32
32	0	711	1197	焼け落ちる劇場	547	32
32	0	18	1199	半人半珊瑚のコワタリ	969	27
32	0	142	1203	『なんでも癒してあげますよう？』	813	29
32	0	384	1205	フルグラ	205	32
32	0	1726	1207	森の御贄	878	32
32	0	976	1209	空白のカード	916	30
32	0	160	1210	自然の祈り	969	32
32	0	431	1211	観覧車の光	900	28
32	0	374	1215	四季の叫び	825	32
32	0	161	1222	御繋転華	602	30
32	0	550	1223	ワンチャンあるか	900	32
32	0	602	1230	レスレクシオン	900	32
32	0	1368	1231	喧嘩士ばりの全力フック	921	32
32	0	486	1237	パパパパンチ	921	32
32	0	1720	1238	ライブラリ	788	32
32	0	631	1239	自失	742	30
32	0	327	1247	お呼びよパラハテちゃん	905	31
32	0	430	1250	フォレストオファリング	576	31
32	0	418	1251	切開	969	31
32	0	563	1252	なげきのこえ	209	30
32	0	433	1253	女学生の嗜み	908	32
32	0	536	1257	クリエイト：ワンダーランド	734	32
32	0	141	1258	お肉が降ってきた！	357	31
32	0	1485	1260	ハデスポムグラネイト	878	31
32	0	1340	1262	貴様も一緒につれていく・・・！	51	32
32	0	794	1263	セカンドエース	948	31
32	0	588	1268	レスレクシオン	900	32
32	0	1301	1269	Final-Blast	1015	32
32	0	297	1270	製法の心得：融解薬	899	30
32	0	266	1278	ENo.266	1015	32
32	0	472	1280	レイディアント・ナース	716	32
32	0	568	1282	究極生命体！！	907	32
32	0	839	1283	マキャヴィティ	631	32
32	0	1039	1288	怪人カード「サイベース」	901	32
32	0	515	1289	紅い林檎	878	32
32	0	9	1290	国津神の加護	618	28
32	0	575	1293	eternalphobia	801	32
32	0	83	1295	無題	799	32
32	0	1059	1296	ミーシャ・サモン：パラディン	905	32
32	0	357	1298	運転状況見合わせ	856	32
32	0	1269	1301	白紙のカード	329	32
32	0	290	1302	星影の河に想う	925	30
32	0	115	1303	魔紋召喚	796	32
32	0	463	1305	繁茂	969	28
32	0	804	1308	別離ノ瞳	880	32
32	0	923	1309	青い羽根	273	31
32	0	1154	1310	剣魔の助太刀	811	32
32	0	784	1311	黒塊	982	31
32	0	881	1312	風邪薬	494	32
32	0	312	1314	蒼の波動	19	31
32	0	95	1320	真・クラッシュダウン	918	32
32	0	735	1321	レスレクシオン	900	32
32	0	70	1323	カストレイション	801	31
32	0	876	1324	悪夢：充満する毒ガス	980	32
32	0	724	1327	まるす	689	32
32	0	423	1330	鼠と竜のゲーム	940	32
32	0	339	1331	邪な竜のカミカゼ	955	32
32	0	1262	1340	優位の果実	878	29
32	0	1354	1341	《なもなきやみ》	907	24
32	0	204	1342	霞み消える理想郷	877	31
32	0	978	1344	《終わりじゃない》	900	31
32	0	892	1345	《ハデスポムグラネイト》	878	32
32	0	1032	1348	フォレストオファリング	576	32
32	0	498	1350	うれしいごちそう！	801	31
32	0	861	1352	シャークカード	797	32
32	0	1182	1353	陰りし記憶の兵	667	32
32	0	1341	1354	神王爆水撃	685	32
32	0	663	1357	軋轢	902	28
32	0	1181	1360	生命賛歌	896	29
32	0	1541	1364	ある出張料理店ののぼり	236	29
32	0	17	1366	エスパースアントルメ	969	24
32	0	1605	1367	竜化―治水流撃―	152	32
32	0	1231	1368	ひつじさん	969	32
32	0	1657	1369	存在しなかった都市伝説	576	32
32	0	36	1370	『泥被る造花』	576	32
32	0	1708	1371	手向け	797	32
32	0	554	1372	がんばれエモート	784	31
32	0	390	1373	動かぬ時	300	32
32	0	84	1377	_	576	30
32	0	447	1392	春のねこ	867	27
32	0	1395	1395	秘伝のかえし	969	25
32	0	730	1396	「いまいちど」のフダ	900	23
32	0	1057	1397	円弧のマエストロ	948	32
32	0	443	1398	闇の化身：守護	796	29
32	0	535	1399	世界樹の花	969	31
32	0	1012	1403	恵陸雨	554	26
32	0	968	1415	花	969	28
32	0	265	1416	暗獄の手甲	591	29
32	0	19	1418	海底より出は海神の歌	900	24
32	0	157	1433	《あの人を助けて》	876	31
32	0	1	1434	鳥の狂乱	877	29
32	0	1084	1436	しみ	215	29
32	0	271	1439	補強材	876	28
32	0	1158	1440	D.Dインストール	800	29
32	0	810	1444	黒霧	633	22
32	0	905	1448	ますみ☆ブロマイド	856	29
32	0	693	1453	属性変化：地	518	29
32	0	865	1457	イバラ切手	900	31
32	0	1606	1460	クリエイト：エキストラハンド	782	31
32	0	635	1461	いいサングラス	1000	22
32	0	300	1462	機械仕掛けの少女	1015	29
32	0	234	1464	逆巻きの花弁	273	32
32	0	14	1478	『最低最悪の日』	878	32
32	0	1684	1481	水の守護神	944	30
32	0	103	1482	鏡面世界	877	30
32	0	637	1483	焔太鼓	937	28
32	0	1260	1485	地団駄	902	24
32	0	473	1487	石に花咲く	969	19
32	0	651	1490	「Hanging Child」	876	32
32	0	276	1491	『猫の女教皇』	1000	27
32	0	931	1493	コクア:	955	27
32	0	924	1495	いたちの加護	877	29
32	0	1172	1506	メテオ	639	31
32	0	544	1507	放課後メジェドタイム	877	28
32	0	321	1519	レインフォース	876	30
32	0	910	1534	くまー	969	31
32	0	608	1539	ステイクオール	808	27
32	0	1364	1541	-黒い影-	663	28
32	0	1123	1543	ゾーン・トランス	1003	30
32	0	513	1564	ナゾのたまご	591	28
32	0	539	1580	- 響 -	900	28
32	0	394	1583	うきうきお人形セット	981	28
32	0	639	1585	送魂	983	25
32	0	750	1589	終点	1015	26
32	0	1065	1594	フライハイトアクセル	76	27
32	0	1192	1595	リザレクション	900	27
32	0	927	1600	［RR］開放宣言	807	26
32	0	1367	1605	ライズエナジー注入	300	22
32	0	1460	1606	空の音	801	16
32	0	1718	1609	主婦の不満	927	22
32	0	442	1613	変質治療	813	25
32	0	181	1615	チタン	921	22
32	0	446	1619	相手を倒す意思	1012	26
32	0	967	1634	青い稲妻！	828	26
32	0	627	1636	スリル満点のやつ	631	25
32	0	596	1639	ハデスポムグラネイト	878	26
32	0	331	1646	あめふり	800	20
32	0	171	1647	さんま	900	23
32	0	224	1648	折れぬ闘志	632	24
32	0	1369	1657	炎の中で踊り狂うもの達	678	24
32	0	1759	1659	すていくおーる	808	22
32	0	733	1661	琥珀糖	948	19
32	0	567	1663	真如相廻向	846	23
32	0	362	1664	ひよこのおてつだい	742	24
32	0	79	1667	スペードの8	984	9
32	0	296	1674	揺籠は波の綾	900	18
32	0	333	1679	-ﾓﾁﾀﾞvsｲﾊﾞﾓﾁﾀﾞ-	726	22
32	0	1124	1682	なめこ	925	21
32	0	1481	1684	お終いの日	908	18
32	0	11	1685	功夫	907	21
32	0	284	1692	押し付けられし祝福	969	18
32	0	194	1700	リサージェンス	900	15
32	0	49	1703	うぱぱんち！ᕦ(ò_óˇ)ᕤ	1003	18
32	0	1371	1708	新鮮な鮭	874	15
32	0	1046	1710	血肉を模す一粒	878	17
32	0	256	1715	広域帯複製装置	969	16
32	0	1609	1718	癒針	842	15
32	0	1155	1719	帰ノ刃＜レスレクシオン＞	900	9
32	0	1238	1720	★4　馬壁 りずむ	788	16
32	0	488	1723	暗黒超級正拳	921	15
32	0	1207	1726	漢比べ	772	15
32	0	547	1743	チラシ	774	10
32	0	495	1754	百香/セントセント	813	10
32	0	789	1755	戦術支援	876	8
32	0	999	1758	幸福な記憶	174	9
32	0	1659	1759	雲鷹	916	10
32	0	5	1774	歪んだ福音	969	3
32	0	890	1783	輪唱	908	4
32	0	788	1790	瘴気	860	3
32	0	997	1796	大地より	576	3
