result_no	generate_no	party_no	landform_id	move_count	
23	0	0001	1	0
23	0	0001	2	4
23	0	0001	3	0
23	0	0001	4	0
23	0	0001	5	0
23	0	0002	1	0
23	0	0002	2	8
23	0	0002	3	0
23	0	0002	4	8
23	0	0002	5	0
23	0	0003	1	1
23	0	0003	2	0
23	0	0003	3	0
23	0	0003	4	0
23	0	0003	5	0
23	0	0005	1	0
23	0	0005	2	3
23	0	0005	3	0
23	0	0005	4	0
23	0	0005	5	0
23	0	0006	1	0
23	0	0006	2	0
23	0	0006	3	0
23	0	0006	4	4
23	0	0006	5	0
23	0	0007	1	0
23	0	0007	2	0
23	0	0007	3	16
23	0	0007	4	0
23	0	0007	5	4
23	0	0008	1	0
23	0	0008	2	0
23	0	0008	3	0
23	0	0008	4	4
23	0	0008	5	0
23	0	0009	1	8
23	0	0009	2	0
23	0	0009	3	12
23	0	0009	4	0
23	0	0009	5	0
23	0	0010	1	0
23	0	0010	2	0
23	0	0010	3	0
23	0	0010	4	20
23	0	0010	5	0
23	0	0011	1	2
23	0	0011	2	0
23	0	0011	3	0
23	0	0011	4	0
23	0	0011	5	0
23	0	0012	1	8
23	0	0012	2	0
23	0	0012	3	0
23	0	0012	4	12
23	0	0012	5	0
23	0	0013	1	4
23	0	0013	2	4
23	0	0013	3	0
23	0	0013	4	4
23	0	0013	5	0
23	0	0014	1	0
23	0	0014	2	4
23	0	0014	3	0
23	0	0014	4	0
23	0	0014	5	0
23	0	0015	1	0
23	0	0015	2	0
23	0	0015	3	0
23	0	0015	4	0
23	0	0015	5	8
23	0	0016	1	0
23	0	0016	2	4
23	0	0016	3	0
23	0	0016	4	0
23	0	0016	5	0
23	0	0017	1	4
23	0	0017	2	4
23	0	0017	3	0
23	0	0017	4	4
23	0	0017	5	0
23	0	0018	1	0
23	0	0018	2	0
23	0	0018	3	6
23	0	0018	4	0
23	0	0018	5	9
23	0	0019	1	0
23	0	0019	2	4
23	0	0019	3	0
23	0	0019	4	0
23	0	0019	5	0
23	0	0020	1	3
23	0	0020	2	9
23	0	0020	3	0
23	0	0020	4	8
23	0	0020	5	0
23	0	0021	1	0
23	0	0021	2	2
23	0	0021	3	0
23	0	0021	4	0
23	0	0021	5	0
23	0	0022	1	0
23	0	0022	2	0
23	0	0022	3	0
23	0	0022	4	0
23	0	0022	5	20
23	0	0023	1	0
23	0	0023	2	0
23	0	0023	3	0
23	0	0023	4	1
23	0	0023	5	0
23	0	0024	1	4
23	0	0024	2	0
23	0	0024	3	0
23	0	0024	4	0
23	0	0024	5	0
23	0	0025	1	8
23	0	0025	2	0
23	0	0025	3	0
23	0	0025	4	4
23	0	0025	5	8
23	0	0026	1	0
23	0	0026	2	0
23	0	0026	3	8
23	0	0026	4	0
23	0	0026	5	12
23	0	0027	1	0
23	0	0027	2	4
23	0	0027	3	0
23	0	0027	4	0
23	0	0027	5	0
23	0	0028	1	4
23	0	0028	2	0
23	0	0028	3	0
23	0	0028	4	0
23	0	0028	5	0
23	0	0029	1	1
23	0	0029	2	0
23	0	0029	3	0
23	0	0029	4	0
23	0	0029	5	0
23	0	0030	1	4
23	0	0030	2	0
23	0	0030	3	0
23	0	0030	4	0
23	0	0030	5	0
23	0	0033	1	1
23	0	0033	2	0
23	0	0033	3	0
23	0	0033	4	0
23	0	0033	5	0
23	0	0034	1	1
23	0	0034	2	3
23	0	0034	3	0
23	0	0034	4	1
23	0	0034	5	0
23	0	0035	1	0
23	0	0035	2	0
23	0	0035	3	12
23	0	0035	4	0
23	0	0035	5	3
23	0	0036	1	1
23	0	0036	2	3
23	0	0036	3	0
23	0	0036	4	1
23	0	0036	5	0
23	0	0037	1	4
23	0	0037	2	0
23	0	0037	3	0
23	0	0037	4	0
23	0	0037	5	0
23	0	0038	1	0
23	0	0038	2	8
23	0	0038	3	4
23	0	0038	4	8
23	0	0038	5	0
23	0	0039	1	2
23	0	0039	2	0
23	0	0039	3	0
23	0	0039	4	0
23	0	0039	5	0
23	0	0040	1	0
23	0	0040	2	0
23	0	0040	3	0
23	0	0040	4	20
23	0	0040	5	0
23	0	0042	1	2
23	0	0042	2	0
23	0	0042	3	0
23	0	0042	4	0
23	0	0042	5	0
23	0	0043	1	0
23	0	0043	2	4
23	0	0043	3	0
23	0	0043	4	2
23	0	0043	5	4
23	0	0044	1	0
23	0	0044	2	0
23	0	0044	3	16
23	0	0044	4	4
23	0	0044	5	0
23	0	0045	1	0
23	0	0045	2	1
23	0	0045	3	0
23	0	0045	4	0
23	0	0045	5	0
23	0	0046	1	1
23	0	0046	2	0
23	0	0046	3	0
23	0	0046	4	0
23	0	0046	5	0
23	0	0048	1	10
23	0	0048	2	0
23	0	0048	3	0
23	0	0048	4	0
23	0	0048	5	0
23	0	0050	1	0
23	0	0050	2	6
23	0	0050	3	0
23	0	0050	4	0
23	0	0050	5	0
23	0	0052	1	8
23	0	0052	2	0
23	0	0052	3	0
23	0	0052	4	12
23	0	0052	5	0
23	0	0054	1	0
23	0	0054	2	0
23	0	0054	3	0
23	0	0054	4	8
23	0	0054	5	12
23	0	0056	1	1
23	0	0056	2	0
23	0	0056	3	0
23	0	0056	4	0
23	0	0056	5	0
23	0	0058	1	0
23	0	0058	2	10
23	0	0058	3	0
23	0	0058	4	8
23	0	0058	5	0
23	0	0059	1	1
23	0	0059	2	0
23	0	0059	3	0
23	0	0059	4	0
23	0	0059	5	0
23	0	0060	1	0
23	0	0060	2	16
23	0	0060	3	0
23	0	0060	4	4
23	0	0060	5	0
23	0	0061	1	4
23	0	0061	2	0
23	0	0061	3	0
23	0	0061	4	0
23	0	0061	5	0
23	0	0062	1	2
23	0	0062	2	0
23	0	0062	3	0
23	0	0062	4	0
23	0	0062	5	0
23	0	0069	1	4
23	0	0069	2	8
23	0	0069	3	0
23	0	0069	4	8
23	0	0069	5	0
23	0	0070	1	0
23	0	0070	2	0
23	0	0070	3	0
23	0	0070	4	20
23	0	0070	5	0
23	0	0071	1	4
23	0	0071	2	0
23	0	0071	3	0
23	0	0071	4	0
23	0	0071	5	0
23	0	0073	1	0
23	0	0073	2	8
23	0	0073	3	0
23	0	0073	4	8
23	0	0073	5	0
23	0	0074	1	10
23	0	0074	2	0
23	0	0074	3	0
23	0	0074	4	0
23	0	0074	5	0
23	0	0076	1	0
23	0	0076	2	0
23	0	0076	3	0
23	0	0076	4	4
23	0	0076	5	1
23	0	0077	1	3
23	0	0077	2	1
23	0	0077	3	0
23	0	0077	4	2
23	0	0077	5	0
23	0	0078	1	1
23	0	0078	2	0
23	0	0078	3	0
23	0	0078	4	0
23	0	0078	5	0
23	0	0082	1	0
23	0	0082	2	0
23	0	0082	3	8
23	0	0082	4	12
23	0	0082	5	0
23	0	0083	1	1
23	0	0083	2	0
23	0	0083	3	0
23	0	0083	4	0
23	0	0083	5	0
23	0	0084	1	0
23	0	0084	2	1
23	0	0084	3	0
23	0	0084	4	0
23	0	0084	5	0
23	0	0085	1	0
23	0	0085	2	0
23	0	0085	3	8
23	0	0085	4	0
23	0	0085	5	2
23	0	0088	1	0
23	0	0088	2	0
23	0	0088	3	0
23	0	0088	4	4
23	0	0088	5	0
23	0	0089	1	4
23	0	0089	2	4
23	0	0089	3	0
23	0	0089	4	4
23	0	0089	5	0
23	0	0090	1	0
23	0	0090	2	0
23	0	0090	3	16
23	0	0090	4	0
23	0	0090	5	4
23	0	0092	1	0
23	0	0092	2	3
23	0	0092	3	0
23	0	0092	4	0
23	0	0092	5	0
23	0	0093	1	0
23	0	0093	2	1
23	0	0093	3	0
23	0	0093	4	0
23	0	0093	5	0
23	0	0094	1	0
23	0	0094	2	1
23	0	0094	3	0
23	0	0094	4	0
23	0	0094	5	0
23	0	0096	1	0
23	0	0096	2	1
23	0	0096	3	0
23	0	0096	4	0
23	0	0096	5	0
23	0	0099	1	4
23	0	0099	2	12
23	0	0099	3	0
23	0	0099	4	4
23	0	0099	5	0
23	0	0101	1	0
23	0	0101	2	0
23	0	0101	3	1
23	0	0101	4	0
23	0	0101	5	4
23	0	0103	1	0
23	0	0103	2	1
23	0	0103	3	0
23	0	0103	4	0
23	0	0103	5	0
23	0	0104	1	4
23	0	0104	2	0
23	0	0104	3	0
23	0	0104	4	8
23	0	0104	5	8
23	0	0105	1	0
23	0	0105	2	0
23	0	0105	3	0
23	0	0105	4	16
23	0	0105	5	4
23	0	0106	1	4
23	0	0106	2	8
23	0	0106	3	0
23	0	0106	4	4
23	0	0106	5	0
23	0	0107	1	4
23	0	0107	2	0
23	0	0107	3	0
23	0	0107	4	0
23	0	0107	5	0
23	0	0108	1	1
23	0	0108	2	0
23	0	0108	3	0
23	0	0108	4	0
23	0	0108	5	0
23	0	0110	1	3
23	0	0110	2	0
23	0	0110	3	0
23	0	0110	4	0
23	0	0110	5	0
23	0	0111	1	0
23	0	0111	2	8
23	0	0111	3	0
23	0	0111	4	12
23	0	0111	5	0
23	0	0113	1	0
23	0	0113	2	0
23	0	0113	3	3
23	0	0113	4	2
23	0	0113	5	0
23	0	0115	1	3
23	0	0115	2	0
23	0	0115	3	0
23	0	0115	4	0
23	0	0115	5	0
23	0	0116	1	0
23	0	0116	2	1
23	0	0116	3	0
23	0	0116	4	0
23	0	0116	5	0
23	0	0117	1	0
23	0	0117	2	4
23	0	0117	3	0
23	0	0117	4	0
23	0	0117	5	0
23	0	0119	1	0
23	0	0119	2	4
23	0	0119	3	0
23	0	0119	4	0
23	0	0119	5	0
23	0	0122	1	0
23	0	0122	2	4
23	0	0122	3	0
23	0	0122	4	0
23	0	0122	5	0
23	0	0123	1	4
23	0	0123	2	0
23	0	0123	3	0
23	0	0123	4	12
23	0	0123	5	0
23	0	0125	1	1
23	0	0125	2	0
23	0	0125	3	0
23	0	0125	4	0
23	0	0125	5	0
23	0	0126	1	0
23	0	0126	2	0
23	0	0126	3	0
23	0	0126	4	20
23	0	0126	5	0
23	0	0127	1	1
23	0	0127	2	0
23	0	0127	3	0
23	0	0127	4	0
23	0	0127	5	0
23	0	0128	1	0
23	0	0128	2	2
23	0	0128	3	0
23	0	0128	4	0
23	0	0128	5	0
23	0	0129	1	2
23	0	0129	2	0
23	0	0129	3	0
23	0	0129	4	0
23	0	0129	5	0
23	0	0132	1	0
23	0	0132	2	0
23	0	0132	3	0
23	0	0132	4	4
23	0	0132	5	1
23	0	0133	1	0
23	0	0133	2	2
23	0	0133	3	0
23	0	0133	4	0
23	0	0133	5	0
23	0	0136	1	4
23	0	0136	2	4
23	0	0136	3	0
23	0	0136	4	4
23	0	0136	5	0
23	0	0137	1	0
23	0	0137	2	2
23	0	0137	3	0
23	0	0137	4	0
23	0	0137	5	0
23	0	0141	1	4
23	0	0141	2	0
23	0	0141	3	0
23	0	0141	4	0
23	0	0141	5	0
23	0	0144	1	4
23	0	0144	2	0
23	0	0144	3	0
23	0	0144	4	0
23	0	0144	5	0
23	0	0146	1	0
23	0	0146	2	1
23	0	0146	3	0
23	0	0146	4	0
23	0	0146	5	0
23	0	0147	1	0
23	0	0147	2	0
23	0	0147	3	0
23	0	0147	4	2
23	0	0147	5	2
23	0	0148	1	3
23	0	0148	2	6
23	0	0148	3	0
23	0	0148	4	3
23	0	0148	5	0
23	0	0150	1	4
23	0	0150	2	4
23	0	0150	3	0
23	0	0150	4	12
23	0	0150	5	0
23	0	0151	1	4
23	0	0151	2	6
23	0	0151	3	0
23	0	0151	4	2
23	0	0151	5	0
23	0	0153	1	0
23	0	0153	2	10
23	0	0153	3	0
23	0	0153	4	0
23	0	0153	5	0
23	0	0154	1	0
23	0	0154	2	2
23	0	0154	3	0
23	0	0154	4	1
23	0	0154	5	2
23	0	0157	1	4
23	0	0157	2	8
23	0	0157	3	0
23	0	0157	4	8
23	0	0157	5	0
23	0	0158	1	0
23	0	0158	2	1
23	0	0158	3	3
23	0	0158	4	0
23	0	0158	5	1
23	0	0159	1	0
23	0	0159	2	0
23	0	0159	3	8
23	0	0159	4	0
23	0	0159	5	2
23	0	0161	1	3
23	0	0161	2	0
23	0	0161	3	0
23	0	0161	4	0
23	0	0161	5	0
23	0	0162	1	0
23	0	0162	2	0
23	0	0162	3	0
23	0	0162	4	0
23	0	0162	5	2
23	0	0163	1	2
23	0	0163	2	0
23	0	0163	3	0
23	0	0163	4	0
23	0	0163	5	0
23	0	0164	1	12
23	0	0164	2	3
23	0	0164	3	0
23	0	0164	4	0
23	0	0164	5	0
23	0	0165	1	4
23	0	0165	2	12
23	0	0165	3	0
23	0	0165	4	4
23	0	0165	5	0
23	0	0168	1	0
23	0	0168	2	2
23	0	0168	3	0
23	0	0168	4	0
23	0	0168	5	0
23	0	0171	1	0
23	0	0171	2	6
23	0	0171	3	0
23	0	0171	4	4
23	0	0171	5	0
23	0	0172	1	0
23	0	0172	2	2
23	0	0172	3	0
23	0	0172	4	0
23	0	0172	5	0
23	0	0173	1	0
23	0	0173	2	2
23	0	0173	3	0
23	0	0173	4	0
23	0	0173	5	0
23	0	0174	1	0
23	0	0174	2	0
23	0	0174	3	4
23	0	0174	4	8
23	0	0174	5	8
23	0	0176	1	0
23	0	0176	2	0
23	0	0176	3	0
23	0	0176	4	1
23	0	0176	5	0
23	0	0178	1	2
23	0	0178	2	3
23	0	0178	3	0
23	0	0178	4	0
23	0	0178	5	0
23	0	0179	1	2
23	0	0179	2	0
23	0	0179	3	0
23	0	0179	4	2
23	0	0179	5	1
23	0	0181	1	4
23	0	0181	2	0
23	0	0181	3	0
23	0	0181	4	0
23	0	0181	5	0
23	0	0182	1	0
23	0	0182	2	0
23	0	0182	3	0
23	0	0182	4	4
23	0	0182	5	0
23	0	0183	1	4
23	0	0183	2	0
23	0	0183	3	0
23	0	0183	4	12
23	0	0183	5	0
23	0	0185	1	4
23	0	0185	2	8
23	0	0185	3	0
23	0	0185	4	0
23	0	0185	5	0
23	0	0186	1	1
23	0	0186	2	0
23	0	0186	3	0
23	0	0186	4	0
23	0	0186	5	0
23	0	0190	1	0
23	0	0190	2	0
23	0	0190	3	6
23	0	0190	4	0
23	0	0190	5	9
23	0	0194	1	0
23	0	0194	2	8
23	0	0194	3	4
23	0	0194	4	8
23	0	0194	5	0
23	0	0197	1	0
23	0	0197	2	1
23	0	0197	3	0
23	0	0197	4	0
23	0	0197	5	0
23	0	0198	1	0
23	0	0198	2	3
23	0	0198	3	0
23	0	0198	4	12
23	0	0198	5	0
23	0	0202	1	1
23	0	0202	2	0
23	0	0202	3	0
23	0	0202	4	0
23	0	0202	5	0
23	0	0203	1	0
23	0	0203	2	2
23	0	0203	3	0
23	0	0203	4	0
23	0	0203	5	0
23	0	0204	1	0
23	0	0204	2	3
23	0	0204	3	0
23	0	0204	4	0
23	0	0204	5	0
23	0	0207	1	2
23	0	0207	2	0
23	0	0207	3	0
23	0	0207	4	0
23	0	0207	5	0
23	0	0208	1	0
23	0	0208	2	0
23	0	0208	3	1
23	0	0208	4	0
23	0	0208	5	0
23	0	0209	1	4
23	0	0209	2	4
23	0	0209	3	0
23	0	0209	4	4
23	0	0209	5	0
23	0	0213	1	4
23	0	0213	2	8
23	0	0213	3	0
23	0	0213	4	8
23	0	0213	5	0
23	0	0215	1	4
23	0	0215	2	0
23	0	0215	3	0
23	0	0215	4	0
23	0	0215	5	0
23	0	0216	1	4
23	0	0216	2	0
23	0	0216	3	0
23	0	0216	4	0
23	0	0216	5	0
23	0	0218	1	0
23	0	0218	2	8
23	0	0218	3	4
23	0	0218	4	8
23	0	0218	5	0
23	0	0223	1	2
23	0	0223	2	0
23	0	0223	3	0
23	0	0223	4	0
23	0	0223	5	0
23	0	0226	1	4
23	0	0226	2	0
23	0	0226	3	0
23	0	0226	4	0
23	0	0226	5	0
23	0	0227	1	0
23	0	0227	2	0
23	0	0227	3	1
23	0	0227	4	0
23	0	0227	5	0
23	0	0228	1	20
23	0	0228	2	0
23	0	0228	3	0
23	0	0228	4	0
23	0	0228	5	0
23	0	0232	1	0
23	0	0232	2	0
23	0	0232	3	0
23	0	0232	4	1
23	0	0232	5	0
23	0	0233	1	4
23	0	0233	2	2
23	0	0233	3	0
23	0	0233	4	0
23	0	0233	5	0
23	0	0234	1	4
23	0	0234	2	0
23	0	0234	3	0
23	0	0234	4	0
23	0	0234	5	0
23	0	0235	1	0
23	0	0235	2	0
23	0	0235	3	16
23	0	0235	4	0
23	0	0235	5	4
23	0	0236	1	0
23	0	0236	2	0
23	0	0236	3	0
23	0	0236	4	3
23	0	0236	5	0
23	0	0238	1	2
23	0	0238	2	3
23	0	0238	3	0
23	0	0238	4	4
23	0	0238	5	0
23	0	0239	1	0
23	0	0239	2	0
23	0	0239	3	0
23	0	0239	4	0
23	0	0239	5	4
23	0	0240	1	0
23	0	0240	2	2
23	0	0240	3	0
23	0	0240	4	0
23	0	0240	5	0
23	0	0242	1	0
23	0	0242	2	0
23	0	0242	3	0
23	0	0242	4	2
23	0	0242	5	3
23	0	0251	1	8
23	0	0251	2	0
23	0	0251	3	0
23	0	0251	4	12
23	0	0251	5	0
23	0	0255	1	4
23	0	0255	2	0
23	0	0255	3	0
23	0	0255	4	8
23	0	0255	5	8
23	0	0256	1	0
23	0	0256	2	4
23	0	0256	3	0
23	0	0256	4	0
23	0	0256	5	0
23	0	0257	1	0
23	0	0257	2	0
23	0	0257	3	0
23	0	0257	4	16
23	0	0257	5	4
23	0	0258	1	1
23	0	0258	2	0
23	0	0258	3	0
23	0	0258	4	0
23	0	0258	5	0
23	0	0260	1	4
23	0	0260	2	4
23	0	0260	3	0
23	0	0260	4	12
23	0	0260	5	0
23	0	0263	1	0
23	0	0263	2	2
23	0	0263	3	0
23	0	0263	4	4
23	0	0263	5	4
23	0	0266	1	4
23	0	0266	2	0
23	0	0266	3	0
23	0	0266	4	0
23	0	0266	5	0
23	0	0267	1	3
23	0	0267	2	0
23	0	0267	3	0
23	0	0267	4	0
23	0	0267	5	0
23	0	0268	1	0
23	0	0268	2	4
23	0	0268	3	0
23	0	0268	4	8
23	0	0268	5	8
23	0	0269	1	1
23	0	0269	2	0
23	0	0269	3	0
23	0	0269	4	0
23	0	0269	5	0
23	0	0270	1	4
23	0	0270	2	8
23	0	0270	3	0
23	0	0270	4	4
23	0	0270	5	0
23	0	0277	1	4
23	0	0277	2	4
23	0	0277	3	0
23	0	0277	4	8
23	0	0277	5	0
23	0	0278	1	4
23	0	0278	2	0
23	0	0278	3	0
23	0	0278	4	0
23	0	0278	5	0
23	0	0279	1	2
23	0	0279	2	0
23	0	0279	3	0
23	0	0279	4	0
23	0	0279	5	0
23	0	0282	1	1
23	0	0282	2	0
23	0	0282	3	0
23	0	0282	4	0
23	0	0282	5	0
23	0	0283	1	0
23	0	0283	2	0
23	0	0283	3	0
23	0	0283	4	0
23	0	0283	5	20
23	0	0286	1	0
23	0	0286	2	6
23	0	0286	3	2
23	0	0286	4	2
23	0	0286	5	0
23	0	0289	1	0
23	0	0289	2	1
23	0	0289	3	0
23	0	0289	4	0
23	0	0289	5	0
23	0	0297	1	2
23	0	0297	2	0
23	0	0297	3	3
23	0	0297	4	0
23	0	0297	5	0
23	0	0301	1	4
23	0	0301	2	4
23	0	0301	3	0
23	0	0301	4	8
23	0	0301	5	0
23	0	0303	1	4
23	0	0303	2	4
23	0	0303	3	0
23	0	0303	4	8
23	0	0303	5	0
23	0	0305	1	4
23	0	0305	2	0
23	0	0305	3	0
23	0	0305	4	0
23	0	0305	5	0
23	0	0306	1	0
23	0	0306	2	0
23	0	0306	3	1
23	0	0306	4	0
23	0	0306	5	0
23	0	0311	1	4
23	0	0311	2	12
23	0	0311	3	0
23	0	0311	4	4
23	0	0311	5	0
23	0	0312	1	0
23	0	0312	2	0
23	0	0312	3	0
23	0	0312	4	0
23	0	0312	5	4
23	0	0314	1	4
23	0	0314	2	0
23	0	0314	3	0
23	0	0314	4	0
23	0	0314	5	0
23	0	0317	1	0
23	0	0317	2	0
23	0	0317	3	0
23	0	0317	4	0
23	0	0317	5	2
23	0	0322	1	0
23	0	0322	2	16
23	0	0322	3	0
23	0	0322	4	4
23	0	0322	5	0
23	0	0323	1	1
23	0	0323	2	0
23	0	0323	3	0
23	0	0323	4	0
23	0	0323	5	0
23	0	0332	1	4
23	0	0332	2	8
23	0	0332	3	0
23	0	0332	4	8
23	0	0332	5	0
23	0	0333	1	4
23	0	0333	2	0
23	0	0333	3	0
23	0	0333	4	0
23	0	0333	5	0
23	0	0341	1	0
23	0	0341	2	0
23	0	0341	3	9
23	0	0341	4	0
23	0	0341	5	0
23	0	0342	1	0
23	0	0342	2	0
23	0	0342	3	10
23	0	0342	4	0
23	0	0342	5	0
23	0	0346	1	3
23	0	0346	2	0
23	0	0346	3	0
23	0	0346	4	0
23	0	0346	5	0
23	0	0347	1	0
23	0	0347	2	0
23	0	0347	3	0
23	0	0347	4	15
23	0	0347	5	0
23	0	0349	1	1
23	0	0349	2	0
23	0	0349	3	0
23	0	0349	4	0
23	0	0349	5	0
23	0	0351	1	1
23	0	0351	2	0
23	0	0351	3	0
23	0	0351	4	0
23	0	0351	5	0
23	0	0353	1	0
23	0	0353	2	0
23	0	0353	3	0
23	0	0353	4	3
23	0	0353	5	0
23	0	0356	1	1
23	0	0356	2	0
23	0	0356	3	0
23	0	0356	4	0
23	0	0356	5	0
23	0	0357	1	0
23	0	0357	2	3
23	0	0357	3	0
23	0	0357	4	0
23	0	0357	5	0
23	0	0358	1	0
23	0	0358	2	0
23	0	0358	3	0
23	0	0358	4	1
23	0	0358	5	0
23	0	0361	1	0
23	0	0361	2	4
23	0	0361	3	0
23	0	0361	4	0
23	0	0361	5	0
23	0	0362	1	0
23	0	0362	2	16
23	0	0362	3	0
23	0	0362	4	4
23	0	0362	5	0
23	0	0365	1	3
23	0	0365	2	0
23	0	0365	3	0
23	0	0365	4	0
23	0	0365	5	0
23	0	0367	1	3
23	0	0367	2	0
23	0	0367	3	0
23	0	0367	4	0
23	0	0367	5	0
23	0	0368	1	1
23	0	0368	2	0
23	0	0368	3	0
23	0	0368	4	0
23	0	0368	5	0
23	0	0370	1	0
23	0	0370	2	15
23	0	0370	3	0
23	0	0370	4	0
23	0	0370	5	0
23	0	0371	1	1
23	0	0371	2	0
23	0	0371	3	0
23	0	0371	4	0
23	0	0371	5	0
23	0	0373	1	4
23	0	0373	2	8
23	0	0373	3	0
23	0	0373	4	4
23	0	0373	5	0
23	0	0377	1	3
23	0	0377	2	0
23	0	0377	3	0
23	0	0377	4	0
23	0	0377	5	0
23	0	0392	1	0
23	0	0392	2	0
23	0	0392	3	16
23	0	0392	4	0
23	0	0392	5	4
23	0	0394	1	8
23	0	0394	2	0
23	0	0394	3	0
23	0	0394	4	12
23	0	0394	5	0
23	0	0398	1	0
23	0	0398	2	0
23	0	0398	3	0
23	0	0398	4	16
23	0	0398	5	4
23	0	0403	1	1
23	0	0403	2	0
23	0	0403	3	4
23	0	0403	4	0
23	0	0403	5	0
23	0	0404	1	0
23	0	0404	2	0
23	0	0404	3	5
23	0	0404	4	0
23	0	0404	5	0
23	0	0410	1	0
23	0	0410	2	1
23	0	0410	3	0
23	0	0410	4	0
23	0	0410	5	0
23	0	0412	1	0
23	0	0412	2	1
23	0	0412	3	0
23	0	0412	4	0
23	0	0412	5	0
23	0	0413	1	1
23	0	0413	2	0
23	0	0413	3	0
23	0	0413	4	0
23	0	0413	5	0
23	0	0418	1	12
23	0	0418	2	0
23	0	0418	3	0
23	0	0418	4	8
23	0	0418	5	0
23	0	0421	1	2
23	0	0421	2	0
23	0	0421	3	0
23	0	0421	4	0
23	0	0421	5	0
23	0	0422	1	0
23	0	0422	2	4
23	0	0422	3	0
23	0	0422	4	16
23	0	0422	5	0
23	0	0434	1	2
23	0	0434	2	0
23	0	0434	3	0
23	0	0434	4	0
23	0	0434	5	0
23	0	0438	1	1
23	0	0438	2	0
23	0	0438	3	0
23	0	0438	4	0
23	0	0438	5	0
23	0	0443	1	0
23	0	0443	2	0
23	0	0443	3	0
23	0	0443	4	4
23	0	0443	5	0
23	0	0446	1	0
23	0	0446	2	0
23	0	0446	3	0
23	0	0446	4	8
23	0	0446	5	2
23	0	0449	1	0
23	0	0449	2	1
23	0	0449	3	0
23	0	0449	4	0
23	0	0449	5	0
23	0	0452	1	0
23	0	0452	2	4
23	0	0452	3	0
23	0	0452	4	0
23	0	0452	5	0
23	0	0458	1	0
23	0	0458	2	1
23	0	0458	3	0
23	0	0458	4	0
23	0	0458	5	4
23	0	0461	1	0
23	0	0461	2	8
23	0	0461	3	4
23	0	0461	4	8
23	0	0461	5	0
23	0	0462	1	0
23	0	0462	2	2
23	0	0462	3	0
23	0	0462	4	1
23	0	0462	5	2
23	0	0466	1	1
23	0	0466	2	0
23	0	0466	3	0
23	0	0466	4	0
23	0	0466	5	0
23	0	0467	1	1
23	0	0467	2	0
23	0	0467	3	0
23	0	0467	4	0
23	0	0467	5	0
23	0	0470	1	0
23	0	0470	2	8
23	0	0470	3	0
23	0	0470	4	12
23	0	0470	5	0
23	0	0472	1	3
23	0	0472	2	0
23	0	0472	3	0
23	0	0472	4	0
23	0	0472	5	0
23	0	0476	1	0
23	0	0476	2	0
23	0	0476	3	4
23	0	0476	4	0
23	0	0476	5	1
23	0	0477	1	0
23	0	0477	2	1
23	0	0477	3	0
23	0	0477	4	0
23	0	0477	5	0
23	0	0481	1	1
23	0	0481	2	0
23	0	0481	3	0
23	0	0481	4	0
23	0	0481	5	0
23	0	0483	1	0
23	0	0483	2	2
23	0	0483	3	0
23	0	0483	4	0
23	0	0483	5	0
23	0	0484	1	0
23	0	0484	2	0
23	0	0484	3	0
23	0	0484	4	0
23	0	0484	5	2
23	0	0485	1	1
23	0	0485	2	0
23	0	0485	3	0
23	0	0485	4	0
23	0	0485	5	0
23	0	0488	1	0
23	0	0488	2	2
23	0	0488	3	0
23	0	0488	4	0
23	0	0488	5	0
23	0	0491	1	1
23	0	0491	2	0
23	0	0491	3	0
23	0	0491	4	0
23	0	0491	5	0
23	0	0493	1	1
23	0	0493	2	0
23	0	0493	3	0
23	0	0493	4	0
23	0	0493	5	0
23	0	0496	1	0
23	0	0496	2	0
23	0	0496	3	0
23	0	0496	4	8
23	0	0496	5	2
23	0	0498	1	0
23	0	0498	2	2
23	0	0498	3	0
23	0	0498	4	0
23	0	0498	5	0
23	0	0500	1	8
23	0	0500	2	8
23	0	0500	3	0
23	0	0500	4	0
23	0	0500	5	0
23	0	0501	1	4
23	0	0501	2	2
23	0	0501	3	0
23	0	0501	4	4
23	0	0501	5	0
23	0	0504	1	0
23	0	0504	2	0
23	0	0504	3	0
23	0	0504	4	0
23	0	0504	5	1
23	0	0506	1	2
23	0	0506	2	0
23	0	0506	3	0
23	0	0506	4	0
23	0	0506	5	0
23	0	0513	1	0
23	0	0513	2	0
23	0	0513	3	0
23	0	0513	4	12
23	0	0513	5	8
23	0	0518	1	8
23	0	0518	2	8
23	0	0518	3	0
23	0	0518	4	4
23	0	0518	5	0
23	0	0519	1	3
23	0	0519	2	12
23	0	0519	3	0
23	0	0519	4	0
23	0	0519	5	0
23	0	0520	1	0
23	0	0520	2	1
23	0	0520	3	0
23	0	0520	4	0
23	0	0520	5	0
23	0	0524	1	0
23	0	0524	2	1
23	0	0524	3	0
23	0	0524	4	0
23	0	0524	5	0
23	0	0527	1	0
23	0	0527	2	0
23	0	0527	3	0
23	0	0527	4	8
23	0	0527	5	2
23	0	0530	1	3
23	0	0530	2	0
23	0	0530	3	0
23	0	0530	4	1
23	0	0530	5	0
23	0	0540	1	1
23	0	0540	2	0
23	0	0540	3	0
23	0	0540	4	0
23	0	0540	5	0
23	0	0541	1	0
23	0	0541	2	0
23	0	0541	3	8
23	0	0541	4	0
23	0	0541	5	2
23	0	0544	1	8
23	0	0544	2	12
23	0	0544	3	0
23	0	0544	4	0
23	0	0544	5	0
23	0	0545	1	4
23	0	0545	2	8
23	0	0545	3	0
23	0	0545	4	8
23	0	0545	5	0
23	0	0547	1	6
23	0	0547	2	0
23	0	0547	3	0
23	0	0547	4	0
23	0	0547	5	9
23	0	0548	1	1
23	0	0548	2	0
23	0	0548	3	0
23	0	0548	4	4
23	0	0548	5	0
23	0	0549	1	0
23	0	0549	2	1
23	0	0549	3	0
23	0	0549	4	0
23	0	0549	5	0
23	0	0554	1	0
23	0	0554	2	0
23	0	0554	3	3
23	0	0554	4	2
23	0	0554	5	0
23	0	0556	1	1
23	0	0556	2	0
23	0	0556	3	0
23	0	0556	4	0
23	0	0556	5	0
23	0	0561	1	0
23	0	0561	2	1
23	0	0561	3	0
23	0	0561	4	0
23	0	0561	5	0
23	0	0564	1	0
23	0	0564	2	0
23	0	0564	3	0
23	0	0564	4	4
23	0	0564	5	1
23	0	0565	1	1
23	0	0565	2	0
23	0	0565	3	0
23	0	0565	4	0
23	0	0565	5	0
23	0	0567	1	0
23	0	0567	2	0
23	0	0567	3	0
23	0	0567	4	4
23	0	0567	5	16
23	0	0570	1	1
23	0	0570	2	0
23	0	0570	3	0
23	0	0570	4	0
23	0	0570	5	0
23	0	0575	1	1
23	0	0575	2	0
23	0	0575	3	0
23	0	0575	4	0
23	0	0575	5	0
23	0	0577	1	2
23	0	0577	2	0
23	0	0577	3	0
23	0	0577	4	0
23	0	0577	5	0
23	0	0579	1	0
23	0	0579	2	1
23	0	0579	3	0
23	0	0579	4	0
23	0	0579	5	0
23	0	0580	1	2
23	0	0580	2	0
23	0	0580	3	0
23	0	0580	4	1
23	0	0580	5	0
23	0	0581	1	1
23	0	0581	2	0
23	0	0581	3	0
23	0	0581	4	0
23	0	0581	5	0
23	0	0583	1	0
23	0	0583	2	1
23	0	0583	3	0
23	0	0583	4	0
23	0	0583	5	0
23	0	0584	1	1
23	0	0584	2	0
23	0	0584	3	0
23	0	0584	4	0
23	0	0584	5	0
23	0	0591	1	0
23	0	0591	2	0
23	0	0591	3	0
23	0	0591	4	16
23	0	0591	5	4
23	0	0593	1	0
23	0	0593	2	2
23	0	0593	3	0
23	0	0593	4	0
23	0	0593	5	0
23	0	0596	1	0
23	0	0596	2	0
23	0	0596	3	0
23	0	0596	4	4
23	0	0596	5	1
23	0	0606	1	1
23	0	0606	2	0
23	0	0606	3	0
23	0	0606	4	3
23	0	0606	5	0
23	0	0607	1	0
23	0	0607	2	0
23	0	0607	3	2
23	0	0607	4	3
23	0	0607	5	0
23	0	0610	1	1
23	0	0610	2	0
23	0	0610	3	0
23	0	0610	4	0
23	0	0610	5	0
23	0	0614	1	2
23	0	0614	2	0
23	0	0614	3	0
23	0	0614	4	0
23	0	0614	5	0
23	0	0616	1	1
23	0	0616	2	0
23	0	0616	3	0
23	0	0616	4	0
23	0	0616	5	0
23	0	0620	1	1
23	0	0620	2	1
23	0	0620	3	0
23	0	0620	4	0
23	0	0620	5	0
23	0	0628	1	1
23	0	0628	2	0
23	0	0628	3	0
23	0	0628	4	0
23	0	0628	5	0
23	0	0629	1	1
23	0	0629	2	0
23	0	0629	3	0
23	0	0629	4	0
23	0	0629	5	0
23	0	0638	1	0
23	0	0638	2	0
23	0	0638	3	0
23	0	0638	4	1
23	0	0638	5	0
23	0	0643	1	1
23	0	0643	2	0
23	0	0643	3	0
23	0	0643	4	0
23	0	0643	5	0
23	0	0646	1	1
23	0	0646	2	3
23	0	0646	3	0
23	0	0646	4	0
23	0	0646	5	1
23	0	0654	1	0
23	0	0654	2	1
23	0	0654	3	0
23	0	0654	4	0
23	0	0654	5	0
23	0	0656	1	0
23	0	0656	2	1
23	0	0656	3	0
23	0	0656	4	0
23	0	0656	5	0
23	0	0658	1	0
23	0	0658	2	0
23	0	0658	3	16
23	0	0658	4	4
23	0	0658	5	0
23	0	0672	1	1
23	0	0672	2	0
23	0	0672	3	0
23	0	0672	4	0
23	0	0672	5	0
23	0	0676	1	0
23	0	0676	2	1
23	0	0676	3	0
23	0	0676	4	4
23	0	0676	5	0
23	0	0680	1	1
23	0	0680	2	1
23	0	0680	3	1
23	0	0680	4	0
23	0	0680	5	2
23	0	0687	1	0
23	0	0687	2	16
23	0	0687	3	4
23	0	0687	4	0
23	0	0687	5	0
23	0	0689	1	0
23	0	0689	2	0
23	0	0689	3	0
23	0	0689	4	1
23	0	0689	5	0
23	0	0690	1	1
23	0	0690	2	0
23	0	0690	3	0
23	0	0690	4	0
23	0	0690	5	0
23	0	0691	1	1
23	0	0691	2	0
23	0	0691	3	0
23	0	0691	4	0
23	0	0691	5	0
23	0	0693	1	0
23	0	0693	2	0
23	0	0693	3	1
23	0	0693	4	0
23	0	0693	5	2
23	0	0699	1	1
23	0	0699	2	4
23	0	0699	3	0
23	0	0699	4	1
23	0	0699	5	0
23	0	0702	1	0
23	0	0702	2	0
23	0	0702	3	0
23	0	0702	4	1
23	0	0702	5	0
23	0	0724	1	1
23	0	0724	2	0
23	0	0724	3	0
23	0	0724	4	0
23	0	0724	5	0
23	0	0727	1	0
23	0	0727	2	4
23	0	0727	3	0
23	0	0727	4	0
23	0	0727	5	0
23	0	0730	1	0
23	0	0730	2	10
23	0	0730	3	0
23	0	0730	4	0
23	0	0730	5	0
23	0	0731	1	0
23	0	0731	2	2
23	0	0731	3	0
23	0	0731	4	0
23	0	0731	5	0
23	0	0733	1	0
23	0	0733	2	0
23	0	0733	3	6
23	0	0733	4	0
23	0	0733	5	4
23	0	0736	1	1
23	0	0736	2	0
23	0	0736	3	0
23	0	0736	4	0
23	0	0736	5	0
23	0	0737	1	1
23	0	0737	2	0
23	0	0737	3	0
23	0	0737	4	0
23	0	0737	5	0
23	0	0740	1	0
23	0	0740	2	1
23	0	0740	3	0
23	0	0740	4	0
23	0	0740	5	0
23	0	0742	1	3
23	0	0742	2	0
23	0	0742	3	0
23	0	0742	4	2
23	0	0742	5	0
23	0	0743	1	2
23	0	0743	2	2
23	0	0743	3	0
23	0	0743	4	0
23	0	0743	5	0
23	0	0748	1	1
23	0	0748	2	0
23	0	0748	3	0
23	0	0748	4	0
23	0	0748	5	0
23	0	0752	1	0
23	0	0752	2	0
23	0	0752	3	0
23	0	0752	4	1
23	0	0752	5	0
23	0	0765	1	0
23	0	0765	2	0
23	0	0765	3	0
23	0	0765	4	3
23	0	0765	5	0
23	0	0767	1	0
23	0	0767	2	1
23	0	0767	3	0
23	0	0767	4	0
23	0	0767	5	0
23	0	0771	1	1
23	0	0771	2	0
23	0	0771	3	0
23	0	0771	4	0
23	0	0771	5	0
23	0	0774	1	4
23	0	0774	2	0
23	0	0774	3	0
23	0	0774	4	0
23	0	0774	5	0
23	0	0775	1	0
23	0	0775	2	1
23	0	0775	3	0
23	0	0775	4	0
23	0	0775	5	0
23	0	0779	1	0
23	0	0779	2	0
23	0	0779	3	0
23	0	0779	4	0
23	0	0779	5	16
23	0	0781	1	0
23	0	0781	2	12
23	0	0781	3	0
23	0	0781	4	3
23	0	0781	5	0
23	0	0788	1	0
23	0	0788	2	3
23	0	0788	3	0
23	0	0788	4	0
23	0	0788	5	0
23	0	0797	1	0
23	0	0797	2	2
23	0	0797	3	0
23	0	0797	4	0
23	0	0797	5	0
23	0	0805	1	0
23	0	0805	2	0
23	0	0805	3	0
23	0	0805	4	4
23	0	0805	5	1
23	0	0812	1	1
23	0	0812	2	3
23	0	0812	3	0
23	0	0812	4	0
23	0	0812	5	1
23	0	0813	1	2
23	0	0813	2	0
23	0	0813	3	0
23	0	0813	4	0
23	0	0813	5	0
23	0	0819	1	0
23	0	0819	2	1
23	0	0819	3	0
23	0	0819	4	0
23	0	0819	5	0
23	0	0823	1	0
23	0	0823	2	1
23	0	0823	3	0
23	0	0823	4	0
23	0	0823	5	0
23	0	0834	1	1
23	0	0834	2	0
23	0	0834	3	0
23	0	0834	4	0
23	0	0834	5	0
23	0	0837	1	0
23	0	0837	2	2
23	0	0837	3	0
23	0	0837	4	0
23	0	0837	5	0
23	0	0839	1	0
23	0	0839	2	0
23	0	0839	3	0
23	0	0839	4	15
23	0	0839	5	0
23	0	0844	1	1
23	0	0844	2	0
23	0	0844	3	0
23	0	0844	4	0
23	0	0844	5	0
23	0	0851	1	0
23	0	0851	2	0
23	0	0851	3	0
23	0	0851	4	0
23	0	0851	5	1
23	0	0852	1	0
23	0	0852	2	0
23	0	0852	3	0
23	0	0852	4	1
23	0	0852	5	0
23	0	0853	1	4
23	0	0853	2	0
23	0	0853	3	0
23	0	0853	4	0
23	0	0853	5	0
23	0	0855	1	0
23	0	0855	2	2
23	0	0855	3	0
23	0	0855	4	0
23	0	0855	5	0
23	0	0857	1	1
23	0	0857	2	0
23	0	0857	3	0
23	0	0857	4	0
23	0	0857	5	0
23	0	0861	1	0
23	0	0861	2	0
23	0	0861	3	0
23	0	0861	4	1
23	0	0861	5	0
23	0	0862	1	2
23	0	0862	2	0
23	0	0862	3	0
23	0	0862	4	6
23	0	0862	5	2
23	0	0868	1	4
23	0	0868	2	0
23	0	0868	3	0
23	0	0868	4	1
23	0	0868	5	0
23	0	0869	1	0
23	0	0869	2	1
23	0	0869	3	0
23	0	0869	4	3
23	0	0869	5	0
23	0	0871	1	1
23	0	0871	2	0
23	0	0871	3	0
23	0	0871	4	0
23	0	0871	5	0
23	0	0875	1	0
23	0	0875	2	0
23	0	0875	3	0
23	0	0875	4	2
23	0	0875	5	3
23	0	0876	1	1
23	0	0876	2	0
23	0	0876	3	0
23	0	0876	4	0
23	0	0876	5	0
23	0	0881	1	1
23	0	0881	2	0
23	0	0881	3	0
23	0	0881	4	0
23	0	0881	5	0
23	0	0883	1	1
23	0	0883	2	0
23	0	0883	3	1
23	0	0883	4	0
23	0	0883	5	3
23	0	0885	1	1
23	0	0885	2	0
23	0	0885	3	0
23	0	0885	4	1
23	0	0885	5	0
23	0	0892	1	1
23	0	0892	2	2
23	0	0892	3	0
23	0	0892	4	2
23	0	0892	5	0
23	0	0893	1	1
23	0	0893	2	0
23	0	0893	3	0
23	0	0893	4	0
23	0	0893	5	0
23	0	0895	1	1
23	0	0895	2	2
23	0	0895	3	0
23	0	0895	4	0
23	0	0895	5	0
23	0	0896	1	4
23	0	0896	2	8
23	0	0896	3	0
23	0	0896	4	0
23	0	0896	5	0
23	0	0903	1	0
23	0	0903	2	12
23	0	0903	3	0
23	0	0903	4	3
23	0	0903	5	0
23	0	0912	1	0
23	0	0912	2	0
23	0	0912	3	0
23	0	0912	4	20
23	0	0912	5	0
23	0	0913	1	0
23	0	0913	2	0
23	0	0913	3	1
23	0	0913	4	0
23	0	0913	5	0
23	0	0914	1	0
23	0	0914	2	4
23	0	0914	3	0
23	0	0914	4	1
23	0	0914	5	0
23	0	0915	1	0
23	0	0915	2	1
23	0	0915	3	0
23	0	0915	4	0
23	0	0915	5	0
23	0	0916	1	2
23	0	0916	2	1
23	0	0916	3	0
23	0	0916	4	0
23	0	0916	5	0
23	0	0917	1	0
23	0	0917	2	1
23	0	0917	3	0
23	0	0917	4	3
23	0	0917	5	1
23	0	0919	1	2
23	0	0919	2	0
23	0	0919	3	0
23	0	0919	4	0
23	0	0919	5	0
23	0	0920	1	0
23	0	0920	2	0
23	0	0920	3	0
23	0	0920	4	3
23	0	0920	5	2
23	0	0927	1	0
23	0	0927	2	1
23	0	0927	3	0
23	0	0927	4	0
23	0	0927	5	0
23	0	0928	1	0
23	0	0928	2	0
23	0	0928	3	0
23	0	0928	4	0
23	0	0928	5	1
23	0	0929	1	8
23	0	0929	2	0
23	0	0929	3	0
23	0	0929	4	2
23	0	0929	5	0
23	0	0932	1	0
23	0	0932	2	2
23	0	0932	3	0
23	0	0932	4	0
23	0	0932	5	0
23	0	0936	1	0
23	0	0936	2	1
23	0	0936	3	0
23	0	0936	4	0
23	0	0936	5	0
23	0	0948	1	1
23	0	0948	2	0
23	0	0948	3	0
23	0	0948	4	0
23	0	0948	5	0
23	0	0957	1	1
23	0	0957	2	0
23	0	0957	3	0
23	0	0957	4	0
23	0	0957	5	0
23	0	0963	1	1
23	0	0963	2	0
23	0	0963	3	0
23	0	0963	4	0
23	0	0963	5	0
23	0	0973	1	0
23	0	0973	2	2
23	0	0973	3	0
23	0	0973	4	3
23	0	0973	5	0
23	0	0974	1	4
23	0	0974	2	4
23	0	0974	3	0
23	0	0974	4	4
23	0	0974	5	0
23	0	0977	1	4
23	0	0977	2	4
23	0	0977	3	0
23	0	0977	4	4
23	0	0977	5	0
23	0	0980	1	0
23	0	0980	2	0
23	0	0980	3	1
23	0	0980	4	0
23	0	0980	5	0
23	0	0995	1	0
23	0	0995	2	4
23	0	0995	3	0
23	0	0995	4	1
23	0	0995	5	0
23	0	0997	1	1
23	0	0997	2	1
23	0	0997	3	0
23	0	0997	4	0
23	0	0997	5	3
23	0	0999	1	12
23	0	0999	2	3
23	0	0999	3	0
23	0	0999	4	0
23	0	0999	5	0
23	0	1022	1	1
23	0	1022	2	0
23	0	1022	3	0
23	0	1022	4	0
23	0	1022	5	0
23	0	1027	1	1
23	0	1027	2	0
23	0	1027	3	0
23	0	1027	4	0
23	0	1027	5	0
23	0	1037	1	4
23	0	1037	2	0
23	0	1037	3	0
23	0	1037	4	0
23	0	1037	5	0
23	0	1040	1	0
23	0	1040	2	0
23	0	1040	3	0
23	0	1040	4	0
23	0	1040	5	5
23	0	1041	1	3
23	0	1041	2	0
23	0	1041	3	0
23	0	1041	4	0
23	0	1041	5	2
23	0	1049	1	4
23	0	1049	2	0
23	0	1049	3	0
23	0	1049	4	12
23	0	1049	5	4
23	0	1050	1	4
23	0	1050	2	0
23	0	1050	3	0
23	0	1050	4	0
23	0	1050	5	0
23	0	1054	1	1
23	0	1054	2	0
23	0	1054	3	0
23	0	1054	4	0
23	0	1054	5	0
23	0	1067	1	1
23	0	1067	2	1
23	0	1067	3	0
23	0	1067	4	0
23	0	1067	5	3
23	0	1071	1	0
23	0	1071	2	0
23	0	1071	3	0
23	0	1071	4	0
23	0	1071	5	5
23	0	1072	1	2
23	0	1072	2	1
23	0	1072	3	0
23	0	1072	4	0
23	0	1072	5	2
23	0	1073	1	0
23	0	1073	2	1
23	0	1073	3	0
23	0	1073	4	0
23	0	1073	5	0
23	0	1080	1	0
23	0	1080	2	0
23	0	1080	3	0
23	0	1080	4	16
23	0	1080	5	4
23	0	1089	1	0
23	0	1089	2	0
23	0	1089	3	0
23	0	1089	4	0
23	0	1089	5	1
23	0	1094	1	1
23	0	1094	2	2
23	0	1094	3	0
23	0	1094	4	14
23	0	1094	5	3
23	0	1102	1	4
23	0	1102	2	0
23	0	1102	3	0
23	0	1102	4	0
23	0	1102	5	0
23	0	1112	1	0
23	0	1112	2	1
23	0	1112	3	0
23	0	1112	4	0
23	0	1112	5	0
23	0	1113	1	0
23	0	1113	2	0
23	0	1113	3	1
23	0	1113	4	0
23	0	1113	5	0
23	0	1127	1	8
23	0	1127	2	0
23	0	1127	3	0
23	0	1127	4	0
23	0	1127	5	0
23	0	1128	1	1
23	0	1128	2	0
23	0	1128	3	0
23	0	1128	4	0
23	0	1128	5	0
23	0	1132	1	0
23	0	1132	2	0
23	0	1132	3	0
23	0	1132	4	2
23	0	1132	5	3
23	0	1135	1	0
23	0	1135	2	1
23	0	1135	3	0
23	0	1135	4	0
23	0	1135	5	0
23	0	1144	1	0
23	0	1144	2	0
23	0	1144	3	0
23	0	1144	4	10
23	0	1144	5	0
23	0	1147	1	0
23	0	1147	2	1
23	0	1147	3	0
23	0	1147	4	0
23	0	1147	5	0
23	0	1148	1	8
23	0	1148	2	2
23	0	1148	3	0
23	0	1148	4	0
23	0	1148	5	0
23	0	1150	1	0
23	0	1150	2	0
23	0	1150	3	0
23	0	1150	4	1
23	0	1150	5	0
23	0	1157	1	0
23	0	1157	2	0
23	0	1157	3	0
23	0	1157	4	0
23	0	1157	5	5
23	0	1160	1	0
23	0	1160	2	1
23	0	1160	3	0
23	0	1160	4	0
23	0	1160	5	0
23	0	1161	1	1
23	0	1161	2	2
23	0	1161	3	0
23	0	1161	4	0
23	0	1161	5	2
23	0	1163	1	16
23	0	1163	2	0
23	0	1163	3	0
23	0	1163	4	4
23	0	1163	5	0
23	0	1167	1	0
23	0	1167	2	2
23	0	1167	3	3
23	0	1167	4	0
23	0	1167	5	0
23	0	1171	1	1
23	0	1171	2	0
23	0	1171	3	0
23	0	1171	4	0
23	0	1171	5	0
23	0	1172	1	0
23	0	1172	2	0
23	0	1172	3	0
23	0	1172	4	8
23	0	1172	5	2
23	0	1181	1	0
23	0	1181	2	0
23	0	1181	3	4
23	0	1181	4	0
23	0	1181	5	1
23	0	1187	1	0
23	0	1187	2	1
23	0	1187	3	0
23	0	1187	4	0
23	0	1187	5	0
23	0	1192	1	3
23	0	1192	2	0
23	0	1192	3	0
23	0	1192	4	0
23	0	1192	5	2
23	0	1199	1	1
23	0	1199	2	0
23	0	1199	3	0
23	0	1199	4	0
23	0	1199	5	2
23	0	1200	1	5
23	0	1200	2	0
23	0	1200	3	0
23	0	1200	4	0
23	0	1200	5	0
23	0	1208	1	0
23	0	1208	2	1
23	0	1208	3	0
23	0	1208	4	0
23	0	1208	5	0
23	0	1211	1	2
23	0	1211	2	0
23	0	1211	3	0
23	0	1211	4	3
23	0	1211	5	0
23	0	1219	1	1
23	0	1219	2	0
23	0	1219	3	0
23	0	1219	4	0
23	0	1219	5	0
23	0	1222	1	0
23	0	1222	2	5
23	0	1222	3	0
23	0	1222	4	0
23	0	1222	5	0
23	0	1231	1	1
23	0	1231	2	0
23	0	1231	3	0
23	0	1231	4	0
23	0	1231	5	0
23	0	1232	1	0
23	0	1232	2	1
23	0	1232	3	0
23	0	1232	4	0
23	0	1232	5	0
23	0	1234	1	4
23	0	1234	2	0
23	0	1234	3	0
23	0	1234	4	16
23	0	1234	5	0
23	0	1240	1	0
23	0	1240	2	1
23	0	1240	3	0
23	0	1240	4	0
23	0	1240	5	0
23	0	1244	1	1
23	0	1244	2	0
23	0	1244	3	0
23	0	1244	4	0
23	0	1244	5	0
23	0	1246	1	0
23	0	1246	2	0
23	0	1246	3	12
23	0	1246	4	8
23	0	1246	5	0
23	0	1247	1	16
23	0	1247	2	0
23	0	1247	3	4
23	0	1247	4	0
23	0	1247	5	0
23	0	1256	1	3
23	0	1256	2	0
23	0	1256	3	0
23	0	1256	4	0
23	0	1256	5	0
23	0	1257	1	4
23	0	1257	2	0
23	0	1257	3	0
23	0	1257	4	0
23	0	1257	5	0
23	0	1263	1	0
23	0	1263	2	0
23	0	1263	3	2
23	0	1263	4	0
23	0	1263	5	0
23	0	1270	1	0
23	0	1270	2	2
23	0	1270	3	0
23	0	1270	4	3
23	0	1270	5	0
23	0	1276	1	1
23	0	1276	2	0
23	0	1276	3	0
23	0	1276	4	0
23	0	1276	5	0
23	0	1278	1	0
23	0	1278	2	0
23	0	1278	3	0
23	0	1278	4	8
23	0	1278	5	2
23	0	1283	1	2
23	0	1283	2	0
23	0	1283	3	2
23	0	1283	4	1
23	0	1283	5	0
23	0	1286	1	0
23	0	1286	2	0
23	0	1286	3	3
23	0	1286	4	0
23	0	1286	5	2
23	0	1288	1	4
23	0	1288	2	0
23	0	1288	3	0
23	0	1288	4	0
23	0	1288	5	0
23	0	1292	1	0
23	0	1292	2	0
23	0	1292	3	1
23	0	1292	4	0
23	0	1292	5	0
23	0	1293	1	1
23	0	1293	2	0
23	0	1293	3	0
23	0	1293	4	0
23	0	1293	5	0
23	0	1298	1	0
23	0	1298	2	1
23	0	1298	3	0
23	0	1298	4	0
23	0	1298	5	0
23	0	1301	1	0
23	0	1301	2	2
23	0	1301	3	0
23	0	1301	4	0
23	0	1301	5	0
23	0	1302	1	6
23	0	1302	2	0
23	0	1302	3	6
23	0	1302	4	0
23	0	1302	5	0
23	0	1303	1	0
23	0	1303	2	4
23	0	1303	3	0
23	0	1303	4	4
23	0	1303	5	2
23	0	1307	1	0
23	0	1307	2	0
23	0	1307	3	1
23	0	1307	4	0
23	0	1307	5	0
23	0	1312	1	2
23	0	1312	2	0
23	0	1312	3	0
23	0	1312	4	2
23	0	1312	5	1
23	0	1314	1	0
23	0	1314	2	1
23	0	1314	3	0
23	0	1314	4	4
23	0	1314	5	0
23	0	1315	1	0
23	0	1315	2	0
23	0	1315	3	0
23	0	1315	4	3
23	0	1315	5	1
23	0	1317	1	1
23	0	1317	2	0
23	0	1317	3	0
23	0	1317	4	0
23	0	1317	5	0
23	0	1320	1	1
23	0	1320	2	0
23	0	1320	3	0
23	0	1320	4	0
23	0	1320	5	0
23	0	1326	1	0
23	0	1326	2	1
23	0	1326	3	0
23	0	1326	4	0
23	0	1326	5	0
23	0	1330	1	0
23	0	1330	2	0
23	0	1330	3	0
23	0	1330	4	2
23	0	1330	5	6
23	0	1331	1	0
23	0	1331	2	1
23	0	1331	3	0
23	0	1331	4	0
23	0	1331	5	0
23	0	1332	1	0
23	0	1332	2	1
23	0	1332	3	0
23	0	1332	4	0
23	0	1332	5	0
23	0	1336	1	3
23	0	1336	2	0
23	0	1336	3	3
23	0	1336	4	9
23	0	1336	5	0
23	0	1341	1	0
23	0	1341	2	4
23	0	1341	3	0
23	0	1341	4	0
23	0	1341	5	0
23	0	1342	1	4
23	0	1342	2	0
23	0	1342	3	0
23	0	1342	4	0
23	0	1342	5	0
23	0	1352	1	1
23	0	1352	2	4
23	0	1352	3	0
23	0	1352	4	0
23	0	1352	5	0
23	0	1356	1	1
23	0	1356	2	0
23	0	1356	3	0
23	0	1356	4	0
23	0	1356	5	0
23	0	1360	1	1
23	0	1360	2	0
23	0	1360	3	0
23	0	1360	4	0
23	0	1360	5	0
23	0	1364	1	2
23	0	1364	2	3
23	0	1364	3	0
23	0	1364	4	0
23	0	1364	5	0
23	0	1365	1	1
23	0	1365	2	0
23	0	1365	3	0
23	0	1365	4	0
23	0	1365	5	1
23	0	1366	1	1
23	0	1366	2	0
23	0	1366	3	0
23	0	1366	4	0
23	0	1366	5	0
23	0	1369	1	0
23	0	1369	2	0
23	0	1369	3	0
23	0	1369	4	5
23	0	1369	5	0
23	0	1370	1	0
23	0	1370	2	1
23	0	1370	3	0
23	0	1370	4	0
23	0	1370	5	0
23	0	1372	1	3
23	0	1372	2	3
23	0	1372	3	0
23	0	1372	4	9
23	0	1372	5	0
23	0	1375	1	0
23	0	1375	2	2
23	0	1375	3	0
23	0	1375	4	0
23	0	1375	5	0
23	0	1377	1	0
23	0	1377	2	1
23	0	1377	3	0
23	0	1377	4	0
23	0	1377	5	0
23	0	1385	1	1
23	0	1385	2	0
23	0	1385	3	0
23	0	1385	4	0
23	0	1385	5	0
23	0	1386	1	0
23	0	1386	2	0
23	0	1386	3	0
23	0	1386	4	1
23	0	1386	5	0
23	0	1387	1	0
23	0	1387	2	2
23	0	1387	3	0
23	0	1387	4	0
23	0	1387	5	0
23	0	1390	1	0
23	0	1390	2	0
23	0	1390	3	4
23	0	1390	4	6
23	0	1390	5	0
23	0	1392	1	4
23	0	1392	2	0
23	0	1392	3	0
23	0	1392	4	0
23	0	1392	5	12
23	0	1393	1	1
23	0	1393	2	0
23	0	1393	3	0
23	0	1393	4	0
23	0	1393	5	0
23	0	1395	1	0
23	0	1395	2	0
23	0	1395	3	3
23	0	1395	4	0
23	0	1395	5	12
23	0	1401	1	0
23	0	1401	2	0
23	0	1401	3	0
23	0	1401	4	0
23	0	1401	5	3
23	0	1403	1	0
23	0	1403	2	0
23	0	1403	3	0
23	0	1403	4	2
23	0	1403	5	3
23	0	1407	1	1
23	0	1407	2	0
23	0	1407	3	0
23	0	1407	4	0
23	0	1407	5	0
23	0	1416	1	0
23	0	1416	2	0
23	0	1416	3	0
23	0	1416	4	0
23	0	1416	5	1
23	0	1417	1	1
23	0	1417	2	0
23	0	1417	3	0
23	0	1417	4	0
23	0	1417	5	0
23	0	1421	1	0
23	0	1421	2	0
23	0	1421	3	0
23	0	1421	4	6
23	0	1421	5	0
23	0	1436	1	0
23	0	1436	2	0
23	0	1436	3	2
23	0	1436	4	3
23	0	1436	5	0
23	0	1444	1	3
23	0	1444	2	0
23	0	1444	3	0
23	0	1444	4	0
23	0	1444	5	0
23	0	1453	1	0
23	0	1453	2	1
23	0	1453	3	0
23	0	1453	4	0
23	0	1453	5	0
23	0	1457	1	0
23	0	1457	2	0
23	0	1457	3	2
23	0	1457	4	2
23	0	1457	5	1
23	0	1461	1	2
23	0	1461	2	0
23	0	1461	3	3
23	0	1461	4	0
23	0	1461	5	0
23	0	1462	1	0
23	0	1462	2	0
23	0	1462	3	0
23	0	1462	4	2
23	0	1462	5	2
23	0	1464	1	0
23	0	1464	2	1
23	0	1464	3	0
23	0	1464	4	4
23	0	1464	5	0
23	0	1467	1	1
23	0	1467	2	0
23	0	1467	3	0
23	0	1467	4	0
23	0	1467	5	0
23	0	1471	1	1
23	0	1471	2	0
23	0	1471	3	0
23	0	1471	4	0
23	0	1471	5	0
23	0	1475	1	0
23	0	1475	2	1
23	0	1475	3	0
23	0	1475	4	0
23	0	1475	5	0
23	0	1476	1	0
23	0	1476	2	0
23	0	1476	3	6
23	0	1476	4	0
23	0	1476	5	4
23	0	1478	1	0
23	0	1478	2	1
23	0	1478	3	0
23	0	1478	4	0
23	0	1478	5	0
23	0	1481	1	2
23	0	1481	2	0
23	0	1481	3	3
23	0	1481	4	0
23	0	1481	5	0
23	0	1482	1	0
23	0	1482	2	1
23	0	1482	3	0
23	0	1482	4	4
23	0	1482	5	0
23	0	1483	1	0
23	0	1483	2	6
23	0	1483	3	0
23	0	1483	4	3
23	0	1483	5	6
23	0	1485	1	0
23	0	1485	2	0
23	0	1485	3	0
23	0	1485	4	1
23	0	1485	5	0
23	0	1490	1	0
23	0	1490	2	1
23	0	1490	3	0
23	0	1490	4	0
23	0	1490	5	0
23	0	1491	1	1
23	0	1491	2	0
23	0	1491	3	0
23	0	1491	4	0
23	0	1491	5	0
23	0	1492	1	0
23	0	1492	2	1
23	0	1492	3	0
23	0	1492	4	0
23	0	1492	5	0
23	0	1506	1	0
23	0	1506	2	0
23	0	1506	3	0
23	0	1506	4	0
23	0	1506	5	20
23	0	1507	1	0
23	0	1507	2	4
23	0	1507	3	0
23	0	1507	4	1
23	0	1507	5	0
23	0	1516	1	1
23	0	1516	2	0
23	0	1516	3	0
23	0	1516	4	0
23	0	1516	5	0
23	0	1520	1	1
23	0	1520	2	0
23	0	1520	3	0
23	0	1520	4	0
23	0	1520	5	0
23	0	1522	1	0
23	0	1522	2	1
23	0	1522	3	0
23	0	1522	4	0
23	0	1522	5	0
23	0	1529	1	2
23	0	1529	2	0
23	0	1529	3	3
23	0	1529	4	0
23	0	1529	5	0
23	0	1540	1	1
23	0	1540	2	0
23	0	1540	3	0
23	0	1540	4	0
23	0	1540	5	0
23	0	1543	1	1
23	0	1543	2	0
23	0	1543	3	0
23	0	1543	4	0
23	0	1543	5	0
23	0	1547	1	1
23	0	1547	2	0
23	0	1547	3	0
23	0	1547	4	4
23	0	1547	5	0
23	0	1555	1	0
23	0	1555	2	1
23	0	1555	3	0
23	0	1555	4	0
23	0	1555	5	0
23	0	1567	1	0
23	0	1567	2	0
23	0	1567	3	0
23	0	1567	4	4
23	0	1567	5	1
23	0	1568	1	0
23	0	1568	2	1
23	0	1568	3	0
23	0	1568	4	0
23	0	1568	5	0
23	0	1571	1	0
23	0	1571	2	0
23	0	1571	3	0
23	0	1571	4	0
23	0	1571	5	2
23	0	1574	1	1
23	0	1574	2	0
23	0	1574	3	0
23	0	1574	4	0
23	0	1574	5	0
23	0	1579	1	3
23	0	1579	2	0
23	0	1579	3	0
23	0	1579	4	0
23	0	1579	5	0
23	0	1583	1	0
23	0	1583	2	0
23	0	1583	3	0
23	0	1583	4	3
23	0	1583	5	2
23	0	1594	1	0
23	0	1594	2	1
23	0	1594	3	0
23	0	1594	4	0
23	0	1594	5	0
23	0	1601	1	0
23	0	1601	2	0
23	0	1601	3	0
23	0	1601	4	3
23	0	1601	5	2
23	0	1606	1	0
23	0	1606	2	1
23	0	1606	3	0
23	0	1606	4	0
23	0	1606	5	0
23	0	1609	1	0
23	0	1609	2	2
23	0	1609	3	0
23	0	1609	4	3
23	0	1609	5	0
23	0	1615	1	1
23	0	1615	2	0
23	0	1615	3	0
23	0	1615	4	0
23	0	1615	5	0
23	0	1619	1	2
23	0	1619	2	0
23	0	1619	3	0
23	0	1619	4	0
23	0	1619	5	0
23	0	1631	1	1
23	0	1631	2	0
23	0	1631	3	0
23	0	1631	4	0
23	0	1631	5	0
23	0	1636	1	0
23	0	1636	2	0
23	0	1636	3	0
23	0	1636	4	2
23	0	1636	5	8
23	0	1641	1	1
23	0	1641	2	0
23	0	1641	3	0
23	0	1641	4	0
23	0	1641	5	0
23	0	1644	1	2
23	0	1644	2	0
23	0	1644	3	0
23	0	1644	4	0
23	0	1644	5	0
23	0	1646	1	4
23	0	1646	2	0
23	0	1646	3	0
23	0	1646	4	1
23	0	1646	5	0
23	0	1650	1	1
23	0	1650	2	0
23	0	1650	3	0
23	0	1650	4	0
23	0	1650	5	0
23	0	1656	1	1
23	0	1656	2	0
23	0	1656	3	0
23	0	1656	4	0
23	0	1656	5	0
23	0	1657	1	0
23	0	1657	2	1
23	0	1657	3	0
23	0	1657	4	0
23	0	1657	5	0
23	0	1658	1	1
23	0	1658	2	0
23	0	1658	3	0
23	0	1658	4	0
23	0	1658	5	0
23	0	1661	1	1
23	0	1661	2	0
23	0	1661	3	0
23	0	1661	4	0
23	0	1661	5	0
23	0	1667	1	2
23	0	1667	2	0
23	0	1667	3	0
23	0	1667	4	0
23	0	1667	5	0
23	0	1668	1	1
23	0	1668	2	0
23	0	1668	3	0
23	0	1668	4	0
23	0	1668	5	0
23	0	1669	1	1
23	0	1669	2	0
23	0	1669	3	0
23	0	1669	4	0
23	0	1669	5	0
23	0	1679	1	3
23	0	1679	2	0
23	0	1679	3	2
23	0	1679	4	0
23	0	1679	5	0
23	0	1682	1	1
23	0	1682	2	0
23	0	1682	3	0
23	0	1682	4	0
23	0	1682	5	0
23	0	1685	1	1
23	0	1685	2	0
23	0	1685	3	0
23	0	1685	4	0
23	0	1685	5	0
23	0	1697	1	0
23	0	1697	2	1
23	0	1697	3	0
23	0	1697	4	0
23	0	1697	5	0
23	0	1699	1	1
23	0	1699	2	0
23	0	1699	3	0
23	0	1699	4	0
23	0	1699	5	0
23	0	1700	1	1
23	0	1700	2	0
23	0	1700	3	0
23	0	1700	4	0
23	0	1700	5	0
23	0	1701	1	0
23	0	1701	2	1
23	0	1701	3	0
23	0	1701	4	0
23	0	1701	5	0
23	0	1702	1	1
23	0	1702	2	0
23	0	1702	3	0
23	0	1702	4	0
23	0	1702	5	0
23	0	1705	1	1
23	0	1705	2	0
23	0	1705	3	0
23	0	1705	4	0
23	0	1705	5	0
23	0	1706	1	4
23	0	1706	2	0
23	0	1706	3	0
23	0	1706	4	0
23	0	1706	5	0
23	0	1707	1	1
23	0	1707	2	0
23	0	1707	3	0
23	0	1707	4	0
23	0	1707	5	0
23	0	1708	1	0
23	0	1708	2	1
23	0	1708	3	0
23	0	1708	4	0
23	0	1708	5	0
23	0	1709	1	0
23	0	1709	2	1
23	0	1709	3	0
23	0	1709	4	0
23	0	1709	5	0
23	0	1711	1	1
23	0	1711	2	0
23	0	1711	3	0
23	0	1711	4	0
23	0	1711	5	0
23	0	1713	1	1
23	0	1713	2	0
23	0	1713	3	0
23	0	1713	4	0
23	0	1713	5	0
23	0	1714	1	3
23	0	1714	2	0
23	0	1714	3	0
23	0	1714	4	0
23	0	1714	5	0
23	0	1715	1	2
23	0	1715	2	0
23	0	1715	3	0
23	0	1715	4	0
23	0	1715	5	0
23	0	1717	1	1
23	0	1717	2	0
23	0	1717	3	0
23	0	1717	4	0
23	0	1717	5	0
23	0	1719	1	0
23	0	1719	2	0
23	0	1719	3	1
23	0	1719	4	2
23	0	1719	5	0
23	0	1721	1	3
23	0	1721	2	0
23	0	1721	3	1
23	0	1721	4	1
23	0	1721	5	0
23	0	1722	1	1
23	0	1722	2	0
23	0	1722	3	0
23	0	1722	4	0
23	0	1722	5	0
23	0	1723	1	0
23	0	1723	2	1
23	0	1723	3	0
23	0	1723	4	0
23	0	1723	5	0
23	0	1726	1	0
23	0	1726	2	0
23	0	1726	3	0
23	0	1726	4	3
23	0	1726	5	2
23	0	1732	1	1
23	0	1732	2	0
23	0	1732	3	0
23	0	1732	4	0
23	0	1732	5	0
23	0	1740	1	1
23	0	1740	2	0
23	0	1740	3	0
23	0	1740	4	0
23	0	1740	5	0
23	0	1741	1	1
23	0	1741	2	0
23	0	1741	3	0
23	0	1741	4	3
23	0	1741	5	0
23	0	1743	1	1
23	0	1743	2	0
23	0	1743	3	0
23	0	1743	4	0
23	0	1743	5	0
23	0	1744	1	1
23	0	1744	2	0
23	0	1744	3	0
23	0	1744	4	0
23	0	1744	5	0
23	0	1745	1	1
23	0	1745	2	0
23	0	1745	3	0
23	0	1745	4	0
23	0	1745	5	0
23	0	1746	1	1
23	0	1746	2	0
23	0	1746	3	0
23	0	1746	4	0
23	0	1746	5	0
23	0	1747	1	3
23	0	1747	2	0
23	0	1747	3	0
23	0	1747	4	0
23	0	1747	5	2
23	0	1748	1	1
23	0	1748	2	0
23	0	1748	3	0
23	0	1748	4	0
23	0	1748	5	0
23	0	1749	1	0
23	0	1749	2	2
23	0	1749	3	0
23	0	1749	4	0
23	0	1749	5	0
23	0	1751	1	0
23	0	1751	2	1
23	0	1751	3	0
23	0	1751	4	0
23	0	1751	5	0
23	0	1752	1	0
23	0	1752	2	1
23	0	1752	3	0
23	0	1752	4	0
23	0	1752	5	0
23	0	1753	1	1
23	0	1753	2	0
23	0	1753	3	0
23	0	1753	4	0
23	0	1753	5	0
23	0	1754	1	6
23	0	1754	2	3
23	0	1754	3	0
23	0	1754	4	0
23	0	1754	5	0
23	0	1757	1	2
23	0	1757	2	2
23	0	1757	3	0
23	0	1757	4	0
23	0	1757	5	0
23	0	1759	1	1
23	0	1759	2	0
23	0	1759	3	0
23	0	1759	4	0
23	0	1759	5	0
23	0	1761	1	1
23	0	1761	2	0
23	0	1761	3	0
23	0	1761	4	0
23	0	1761	5	0
23	0	1762	1	3
23	0	1762	2	0
23	0	1762	3	0
23	0	1762	4	0
23	0	1762	5	2
