result_no	generate_no	e_no	move_no	field_id	area	area_column	area_row	landform_id	
20	0	1	1	722	O-1	O	1	5
20	0	1	2	722	O-2	O	2	4
20	0	1	3	722	O-3	O	3	4
20	0	1	4	722	O-4	O	4	1
20	0	1	5	722	O-5	O	5	1
20	0	2	1	487	C-13	C	13	5
20	0	2	2	487	B-13	B	13	5
20	0	2	3	487	A-13	A	13	5
20	0	2	4	421	T-13	T	13	5
20	0	2	5	421	S-13	S	13	5
20	0	3	0	495	D-2	D	2	1
20	0	4	1	487	C-13	C	13	5
20	0	4	2	487	B-13	B	13	5
20	0	4	3	487	A-13	A	13	5
20	0	4	4	421	T-13	T	13	5
20	0	4	5	421	S-13	S	13	5
20	0	5	1	487	P-16	P	16	5
20	0	5	2	487	P-15	P	15	6
20	0	6	1	509	P-18	P	18	5
20	0	6	2	509	O-18	O	18	5
20	0	6	3	509	O-19	O	19	5
20	0	6	4	509	O-20	O	20	5
20	0	6	5	722	O-1	O	1	5
20	0	7	0	495	D-2	D	2	1
20	0	8	1	421	L-14	L	14	3
20	0	8	2	421	L-13	L	13	3
20	0	8	3	421	L-12	L	12	1
20	0	9	1	549	A-2	A	2	3
20	0	9	2	549	B-2	B	2	3
20	0	9	3	549	B-3	B	3	5
20	0	9	4	549	B-4	B	4	5
20	0	9	5	549	B-5	B	5	2
20	0	10	1	317	F-11	F	11	6
20	0	11	1	421	R-4	R	4	6
20	0	12	0	495	D-2	D	2	1
20	0	13	1	722	O-1	O	1	5
20	0	13	2	722	O-2	O	2	4
20	0	13	3	722	O-3	O	3	4
20	0	13	4	722	O-4	O	4	1
20	0	13	5	722	O-5	O	5	1
20	0	14	0	495	B-4	B	4	2
20	0	15	1	317	S-9	S	9	3
20	0	15	2	317	S-10	S	10	3
20	0	16	0	495	B-4	B	4	2
20	0	17	1	722	O-1	O	1	5
20	0	17	2	722	O-2	O	2	4
20	0	17	3	722	O-3	O	3	4
20	0	17	4	722	O-4	O	4	1
20	0	17	5	722	O-5	O	5	1
20	0	18	0	495	D-2	D	2	1
20	0	19	1	470	F-5	F	5	5
20	0	19	2	470	G-5	G	5	5
20	0	19	3	470	H-5	H	5	2
20	0	19	4	470	I-5	I	5	2
20	0	19	5	470	I-4	I	4	1
20	0	20	1	522	N-11	N	11	1
20	0	20	2	522	N-12	N	12	1
20	0	20	3	522	M-12	M	12	6
20	0	21	0	495	B-4	B	4	2
20	0	22	0	495	D-2	D	2	1
20	0	23	1	487	Q-15	Q	15	4
20	0	23	2	487	R-15	R	15	4
20	0	23	3	487	S-15	S	15	2
20	0	23	4	487	T-15	T	15	2
20	0	23	5	614	A-15	A	15	2
20	0	24	0	495	D-2	D	2	1
20	0	25	0	498	K-8	K	8	1
20	0	26	1	487	Q-15	Q	15	4
20	0	26	2	487	R-15	R	15	4
20	0	26	3	487	S-15	S	15	2
20	0	26	4	487	T-15	T	15	2
20	0	26	5	614	A-15	A	15	2
20	0	27	1	549	E-11	E	11	4
20	0	27	2	549	E-12	E	12	4
20	0	27	3	549	E-13	E	13	2
20	0	27	4	549	F-13	F	13	2
20	0	27	5	549	F-14	F	14	2
20	0	28	1	487	L-17	L	17	4
20	0	28	2	487	M-17	M	17	4
20	0	28	3	487	M-16	M	16	4
20	0	28	4	487	N-16	N	16	4
20	0	28	5	487	N-15	N	15	4
20	0	29	0	495	D-2	D	2	1
20	0	30	1	17	E-9	E	9	2
20	0	30	2	17	E-8	E	8	1
20	0	33	0	495	D-2	D	2	1
20	0	34	1	722	N-2	N	2	4
20	0	34	2	722	N-3	N	3	4
20	0	34	3	722	M-3	M	3	4
20	0	34	4	722	L-3	L	3	3
20	0	34	5	722	L-4	L	4	2
20	0	35	0	495	D-2	D	2	1
20	0	36	1	546	G-12	G	12	4
20	0	36	2	546	H-12	H	12	1
20	0	36	3	546	I-12	I	12	6
20	0	36	4	546	I-13	I	13	2
20	0	37	1	546	A-11	A	11	5
20	0	37	2	546	B-11	B	11	5
20	0	37	3	546	C-11	C	11	5
20	0	37	4	546	D-11	D	11	4
20	0	37	5	546	E-11	E	11	2
20	0	38	1	509	O-17	O	17	5
20	0	38	2	509	O-18	O	18	5
20	0	38	3	509	O-19	O	19	5
20	0	38	4	509	O-20	O	20	5
20	0	38	5	722	O-1	O	1	5
20	0	39	1	546	G-3	G	3	3
20	0	39	2	546	H-3	H	3	3
20	0	39	3	546	G-3	G	3	3
20	0	39	4	546	G-4	G	4	4
20	0	39	5	546	G-5	G	5	4
20	0	40	1	421	L-11	L	11	1
20	0	40	2	421	L-12	L	12	1
20	0	40	3	421	L-13	L	13	3
20	0	40	4	421	L-14	L	14	3
20	0	40	5	421	L-15	L	15	3
20	0	41	1	722	O-1	O	1	5
20	0	41	2	722	O-2	O	2	4
20	0	41	3	722	O-3	O	3	4
20	0	41	4	722	O-4	O	4	1
20	0	41	5	722	O-5	O	5	1
20	0	42	1	546	G-12	G	12	4
20	0	42	2	546	H-12	H	12	1
20	0	42	3	546	I-12	I	12	6
20	0	43	1	470	L-8	L	8	2
20	0	43	2	470	L-9	L	9	2
20	0	43	3	470	M-9	M	9	2
20	0	43	4	470	M-10	M	10	2
20	0	43	5	470	M-11	M	11	4
20	0	44	1	470	M-2	M	2	1
20	0	44	2	470	N-2	N	2	1
20	0	44	3	470	O-2	O	2	2
20	0	44	4	470	P-2	P	2	5
20	0	44	5	470	Q-2	Q	2	5
20	0	45	0	495	B-4	B	4	2
20	0	46	0	495	D-2	D	2	1
20	0	47	1	470	M-2	M	2	1
20	0	47	2	470	N-2	N	2	1
20	0	47	3	470	O-2	O	2	2
20	0	47	4	470	P-2	P	2	5
20	0	47	5	470	Q-2	Q	2	5
20	0	48	1	487	F-5	F	5	4
20	0	48	2	487	G-5	G	5	4
20	0	48	3	487	H-5	H	5	4
20	0	48	4	487	I-5	I	5	4
20	0	48	5	487	J-5	J	5	4
20	0	49	1	722	O-1	O	1	5
20	0	49	2	722	O-2	O	2	4
20	0	49	3	722	O-3	O	3	4
20	0	49	4	722	O-4	O	4	1
20	0	49	5	722	O-5	O	5	1
20	0	50	0	495	D-2	D	2	1
20	0	52	1	509	I-12	I	12	3
20	0	52	2	509	J-12	J	12	3
20	0	52	3	509	J-13	J	13	3
20	0	52	4	509	J-14	J	14	5
20	0	52	5	509	J-15	J	15	5
20	0	53	1	487	C-13	C	13	5
20	0	53	2	487	B-13	B	13	5
20	0	53	3	487	A-13	A	13	5
20	0	53	4	421	T-13	T	13	5
20	0	53	5	421	S-13	S	13	5
20	0	54	1	549	B-12	B	12	4
20	0	54	2	549	B-13	B	13	4
20	0	54	3	549	B-14	B	14	2
20	0	54	4	549	B-15	B	15	2
20	0	54	5	549	B-16	B	16	4
20	0	55	1	421	L-11	L	11	1
20	0	55	2	421	L-12	L	12	1
20	0	55	3	421	L-13	L	13	3
20	0	55	4	421	L-14	L	14	3
20	0	55	5	421	L-15	L	15	3
20	0	56	1	487	L-4	L	4	2
20	0	56	2	487	M-4	M	4	2
20	0	56	3	487	N-4	N	4	2
20	0	56	4	487	O-4	O	4	1
20	0	56	5	487	P-4	P	4	1
20	0	57	1	509	P-18	P	18	5
20	0	57	2	509	O-18	O	18	5
20	0	57	3	509	O-19	O	19	5
20	0	57	4	509	O-20	O	20	5
20	0	57	5	722	O-1	O	1	5
20	0	58	0	495	B-4	B	4	2
20	0	59	0	495	D-2	D	2	1
20	0	60	0	495	B-4	B	4	2
20	0	61	1	487	D-7	D	7	4
20	0	61	2	487	D-6	D	6	3
20	0	61	3	487	D-5	D	5	3
20	0	61	4	487	D-4	D	4	3
20	0	62	0	495	D-2	D	2	1
20	0	63	1	470	F-5	F	5	5
20	0	63	2	470	G-5	G	5	5
20	0	63	3	470	H-5	H	5	2
20	0	63	4	470	I-5	I	5	2
20	0	63	5	470	I-4	I	4	1
20	0	65	1	509	P-18	P	18	5
20	0	65	2	509	O-18	O	18	5
20	0	65	3	509	O-19	O	19	5
20	0	65	4	509	O-20	O	20	5
20	0	65	5	722	O-1	O	1	5
20	0	66	0	495	D-2	D	2	1
20	0	67	0	492	G-2	G	2	3
20	0	69	0	495	B-4	B	4	2
20	0	70	0	493	O-18	O	18	1
20	0	71	1	487	L-17	L	17	4
20	0	71	2	487	M-17	M	17	4
20	0	71	3	487	N-17	N	17	5
20	0	71	4	487	O-17	O	17	5
20	0	71	5	487	O-16	O	16	5
20	0	72	0	495	D-2	D	2	1
20	0	73	1	487	C-13	C	13	5
20	0	73	2	487	B-13	B	13	5
20	0	73	3	487	A-13	A	13	5
20	0	73	4	421	T-13	T	13	5
20	0	73	5	421	S-13	S	13	5
20	0	74	0	495	D-2	D	2	1
20	0	75	1	470	L-8	L	8	2
20	0	75	2	470	L-9	L	9	2
20	0	75	3	470	M-9	M	9	2
20	0	75	4	470	M-10	M	10	2
20	0	75	5	470	M-11	M	11	4
20	0	76	1	549	N-7	N	7	5
20	0	76	2	549	O-7	O	7	5
20	0	76	3	549	P-7	P	7	4
20	0	76	4	549	Q-7	Q	7	4
20	0	76	5	549	R-7	R	7	4
20	0	77	0	495	D-2	D	2	1
20	0	78	0	495	D-2	D	2	1
20	0	79	1	470	M-2	M	2	1
20	0	79	2	470	N-2	N	2	1
20	0	79	3	470	O-2	O	2	2
20	0	79	4	470	P-2	P	2	5
20	0	79	5	470	Q-2	Q	2	5
20	0	81	0	492	B-9	B	9	5
20	0	82	0	495	D-2	D	2	1
20	0	83	0	497	G-16	G	16	1
20	0	84	1	487	A-13	A	13	5
20	0	84	2	487	B-13	B	13	5
20	0	84	3	487	B-14	B	14	5
20	0	84	4	487	B-15	B	15	4
20	0	84	5	487	B-16	B	16	4
20	0	85	1	546	G-12	G	12	4
20	0	85	2	546	G-13	G	13	4
20	0	85	3	546	F-13	F	13	4
20	0	85	4	546	F-12	F	12	4
20	0	86	1	549	A-2	A	2	3
20	0	86	2	549	B-2	B	2	3
20	0	86	3	549	B-3	B	3	5
20	0	86	4	549	B-4	B	4	5
20	0	86	5	549	B-5	B	5	2
20	0	87	0	492	J-4	J	4	2
20	0	88	0	508	P-17	P	17	5
20	0	89	1	722	O-1	O	1	5
20	0	89	2	722	O-2	O	2	4
20	0	89	3	722	O-3	O	3	4
20	0	89	4	722	O-4	O	4	1
20	0	89	5	722	O-5	O	5	1
20	0	90	0	495	D-2	D	2	1
20	0	91	0	495	D-2	D	2	1
20	0	92	0	495	B-4	B	4	2
20	0	93	0	495	B-4	B	4	2
20	0	94	1	722	N-2	N	2	4
20	0	94	2	722	M-2	M	2	3
20	0	94	3	722	L-2	L	2	3
20	0	94	4	722	K-2	K	2	3
20	0	94	5	722	J-2	J	2	1
20	0	95	1	470	M-2	M	2	1
20	0	95	2	470	N-2	N	2	1
20	0	95	3	470	O-2	O	2	2
20	0	95	4	470	P-2	P	2	5
20	0	95	5	470	Q-2	Q	2	5
20	0	96	0	492	K-5	K	5	2
20	0	97	1	487	C-13	C	13	5
20	0	97	2	487	B-13	B	13	5
20	0	97	3	487	A-13	A	13	5
20	0	97	4	421	T-13	T	13	5
20	0	97	5	421	S-13	S	13	5
20	0	98	1	509	O-17	O	17	5
20	0	98	2	509	O-18	O	18	5
20	0	98	3	509	O-19	O	19	5
20	0	98	4	509	O-20	O	20	5
20	0	98	5	722	O-1	O	1	5
20	0	99	1	546	F-2	F	2	3
20	0	99	2	546	G-2	G	2	3
20	0	99	3	546	G-3	G	3	3
20	0	99	4	546	G-4	G	4	4
20	0	99	5	546	G-5	G	5	4
20	0	100	0	495	B-4	B	4	2
20	0	101	0	495	D-2	D	2	1
20	0	102	0	495	D-2	D	2	1
20	0	103	1	546	H-2	H	2	1
20	0	103	2	546	I-2	I	2	1
20	0	103	3	546	J-2	J	2	1
20	0	103	4	546	K-2	K	2	1
20	0	103	5	546	L-2	L	2	1
20	0	104	1	487	C-9	C	9	5
20	0	104	2	487	C-8	C	8	4
20	0	104	3	487	C-7	C	7	4
20	0	104	4	487	D-7	D	7	4
20	0	105	1	614	G-3	G	3	4
20	0	105	2	614	H-3	H	3	4
20	0	105	3	614	I-3	I	3	4
20	0	105	4	614	J-3	J	3	2
20	0	105	5	614	K-3	K	3	2
20	0	106	1	522	E-10	E	10	3
20	0	106	2	522	E-11	E	11	3
20	0	106	3	522	E-12	E	12	3
20	0	106	4	522	E-13	E	13	3
20	0	106	5	522	F-13	F	13	3
20	0	107	0	495	D-2	D	2	1
20	0	108	0	495	R-9	R	9	4
20	0	110	1	522	E-1	E	1	2
20	0	111	1	487	O-3	O	3	5
20	0	111	2	487	N-3	N	3	4
20	0	111	3	487	M-3	M	3	1
20	0	111	4	487	L-3	L	3	6
20	0	111	5	487	L-4	L	4	2
20	0	113	0	495	D-2	D	2	1
20	0	115	0	495	D-2	D	2	1
20	0	116	0	495	B-4	B	4	2
20	0	117	1	546	I-13	I	13	2
20	0	117	2	546	I-14	I	14	2
20	0	117	3	546	I-15	I	15	2
20	0	117	4	546	I-16	I	16	2
20	0	117	5	546	I-17	I	17	2
20	0	118	1	549	A-2	A	2	3
20	0	118	2	549	B-2	B	2	3
20	0	118	3	549	B-3	B	3	5
20	0	118	4	549	B-4	B	4	5
20	0	118	5	549	B-5	B	5	2
20	0	119	1	317	M-5	M	5	4
20	0	119	2	317	N-5	N	5	4
20	0	119	3	317	O-5	O	5	4
20	0	119	4	317	P-5	P	5	1
20	0	119	5	317	P-6	P	6	1
20	0	120	1	487	P-16	P	16	5
20	0	120	2	487	P-15	P	15	6
20	0	121	1	317	M-5	M	5	4
20	0	121	2	317	N-5	N	5	4
20	0	121	3	317	O-5	O	5	4
20	0	121	4	317	P-5	P	5	1
20	0	121	5	317	P-6	P	6	1
20	0	122	1	470	P-9	P	9	4
20	0	122	2	470	P-10	P	10	4
20	0	122	3	470	P-11	P	11	4
20	0	122	4	470	P-12	P	12	4
20	0	122	5	470	Q-12	Q	12	5
20	0	123	1	549	O-1	O	1	3
20	0	123	2	549	O-2	O	2	3
20	0	123	3	549	P-2	P	2	3
20	0	123	4	549	P-3	P	3	5
20	0	123	5	549	P-4	P	4	5
20	0	125	1	614	D-12	D	12	1
20	0	125	2	614	E-12	E	12	2
20	0	125	3	614	F-12	F	12	6
20	0	125	4	614	G-12	G	12	2
20	0	126	1	421	L-11	L	11	1
20	0	126	2	421	L-12	L	12	1
20	0	126	3	421	L-13	L	13	3
20	0	126	4	421	L-14	L	14	3
20	0	126	5	421	L-15	L	15	3
20	0	127	1	549	E-13	E	13	2
20	0	127	2	549	F-13	F	13	2
20	0	127	3	549	F-14	F	14	2
20	0	127	4	549	F-15	F	15	3
20	0	127	5	549	F-16	F	16	3
20	0	128	0	495	B-4	B	4	2
20	0	129	0	492	H-4	H	4	1
20	0	130	0	495	B-4	B	4	2
20	0	132	0	495	D-2	D	2	1
20	0	133	1	317	F-12	F	12	4
20	0	133	2	317	G-12	G	12	4
20	0	133	3	317	H-12	H	12	4
20	0	133	4	317	I-12	I	12	5
20	0	133	5	317	I-11	I	11	1
20	0	134	1	421	L-11	L	11	1
20	0	134	2	421	L-12	L	12	1
20	0	134	3	421	L-13	L	13	3
20	0	134	4	421	L-14	L	14	3
20	0	134	5	421	L-15	L	15	3
20	0	136	1	722	O-1	O	1	5
20	0	136	2	722	O-2	O	2	4
20	0	136	3	722	O-3	O	3	4
20	0	136	4	722	O-4	O	4	1
20	0	136	5	722	O-5	O	5	1
20	0	137	0	492	K-5	K	5	2
20	0	138	1	487	L-17	L	17	4
20	0	138	2	487	M-17	M	17	4
20	0	138	3	487	N-17	N	17	5
20	0	138	4	487	O-17	O	17	5
20	0	138	5	487	O-16	O	16	5
20	0	141	0	495	D-2	D	2	1
20	0	142	0	495	D-2	D	2	1
20	0	144	1	318	M-12	M	12	1
20	0	144	2	318	M-13	M	13	1
20	0	144	3	318	M-14	M	14	1
20	0	144	4	318	M-15	M	15	5
20	0	145	1	421	L-11	L	11	1
20	0	145	2	421	L-12	L	12	1
20	0	145	3	421	L-13	L	13	3
20	0	145	4	421	L-14	L	14	3
20	0	145	5	421	L-15	L	15	3
20	0	146	0	495	B-4	B	4	2
20	0	147	0	495	D-2	D	2	1
20	0	148	1	722	O-1	O	1	5
20	0	148	2	722	O-2	O	2	4
20	0	148	3	722	O-3	O	3	4
20	0	148	4	722	O-4	O	4	1
20	0	148	5	722	O-5	O	5	1
20	0	150	0	495	D-2	D	2	1
20	0	151	1	722	O-1	O	1	5
20	0	151	2	722	O-2	O	2	4
20	0	151	3	722	O-3	O	3	4
20	0	151	4	722	O-4	O	4	1
20	0	151	5	722	O-5	O	5	1
20	0	152	1	546	A-11	A	11	5
20	0	152	2	546	B-11	B	11	5
20	0	152	3	546	C-11	C	11	5
20	0	152	4	546	D-11	D	11	4
20	0	152	5	546	E-11	E	11	2
20	0	153	0	495	D-2	D	2	1
20	0	154	0	495	D-2	D	2	1
20	0	155	1	487	L-17	L	17	4
20	0	155	2	487	M-17	M	17	4
20	0	155	3	487	N-17	N	17	5
20	0	155	4	487	O-17	O	17	5
20	0	155	5	487	O-16	O	16	5
20	0	156	0	495	B-4	B	4	2
20	0	157	1	722	O-1	O	1	5
20	0	157	2	722	O-2	O	2	4
20	0	157	3	722	O-3	O	3	4
20	0	157	4	722	O-4	O	4	1
20	0	157	5	722	O-5	O	5	1
20	0	158	1	546	I-13	I	13	2
20	0	158	2	546	I-14	I	14	2
20	0	158	3	546	I-15	I	15	2
20	0	158	4	546	I-16	I	16	2
20	0	158	5	546	I-17	I	17	2
20	0	159	0	495	D-2	D	2	1
20	0	160	1	722	O-1	O	1	5
20	0	160	2	722	O-2	O	2	4
20	0	160	3	722	O-3	O	3	4
20	0	160	4	722	O-4	O	4	1
20	0	160	5	722	O-5	O	5	1
20	0	161	0	495	D-2	D	2	1
20	0	162	0	492	D-9	D	9	5
20	0	163	0	495	D-2	D	2	1
20	0	164	0	495	B-4	B	4	2
20	0	165	1	546	G-3	G	3	3
20	0	165	2	546	H-3	H	3	3
20	0	165	3	546	G-3	G	3	3
20	0	165	4	546	G-4	G	4	4
20	0	165	5	546	G-5	G	5	4
20	0	166	0	495	D-2	D	2	1
20	0	168	0	495	B-4	B	4	2
20	0	169	1	522	E-10	E	10	3
20	0	169	2	522	E-11	E	11	3
20	0	169	3	522	E-12	E	12	3
20	0	169	4	522	E-13	E	13	3
20	0	169	5	522	F-13	F	13	3
20	0	170	1	546	G-12	G	12	4
20	0	170	2	546	H-12	H	12	1
20	0	170	3	546	I-12	I	12	6
20	0	171	1	546	I-13	I	13	2
20	0	171	2	546	I-14	I	14	2
20	0	171	3	546	I-15	I	15	2
20	0	171	4	546	I-16	I	16	2
20	0	171	5	546	I-17	I	17	2
20	0	172	0	495	B-4	B	4	2
20	0	173	0	495	B-4	B	4	2
20	0	174	0	495	D-2	D	2	1
20	0	176	0	492	O-7	O	7	4
20	0	178	1	546	A-2	A	2	5
20	0	178	2	546	B-2	B	2	5
20	0	178	3	546	C-2	C	2	5
20	0	178	4	546	D-2	D	2	3
20	0	178	5	546	E-2	E	2	3
20	0	179	0	495	D-2	D	2	1
20	0	180	1	487	L-17	L	17	4
20	0	180	2	487	M-17	M	17	4
20	0	180	3	487	N-17	N	17	5
20	0	180	4	487	O-17	O	17	5
20	0	180	5	487	O-16	O	16	5
20	0	181	0	495	D-2	D	2	1
20	0	182	1	17	I-16	I	16	1
20	0	182	2	17	J-16	J	16	4
20	0	182	3	17	J-17	J	17	4
20	0	182	4	17	J-18	J	18	4
20	0	182	5	17	J-17	J	17	4
20	0	183	1	470	K-9	K	9	1
20	0	183	2	470	J-9	J	9	4
20	0	183	3	470	I-9	I	9	4
20	0	183	4	470	I-10	I	10	4
20	0	184	1	722	O-1	O	1	5
20	0	184	2	722	O-2	O	2	4
20	0	184	3	722	O-3	O	3	4
20	0	184	4	722	O-4	O	4	1
20	0	184	5	722	O-5	O	5	1
20	0	185	1	722	O-1	O	1	5
20	0	185	2	722	O-2	O	2	4
20	0	185	3	722	O-3	O	3	4
20	0	185	4	722	O-4	O	4	1
20	0	185	5	722	O-5	O	5	1
20	0	186	0	495	D-2	D	2	1
20	0	187	0	495	D-2	D	2	1
20	0	188	1	546	G-12	G	12	4
20	0	188	2	546	G-13	G	13	4
20	0	188	3	546	F-13	F	13	4
20	0	188	4	546	F-12	F	12	4
20	0	189	1	549	O-1	O	1	3
20	0	189	2	549	O-2	O	2	3
20	0	189	3	549	P-2	P	2	3
20	0	189	4	549	P-3	P	3	5
20	0	189	5	549	P-4	P	4	5
20	0	190	1	487	Q-15	Q	15	4
20	0	190	2	487	R-15	R	15	4
20	0	190	3	487	S-15	S	15	2
20	0	190	4	487	T-15	T	15	2
20	0	190	5	614	A-15	A	15	2
20	0	191	0	495	D-2	D	2	1
20	0	193	1	470	P-9	P	9	4
20	0	193	2	470	P-10	P	10	4
20	0	193	3	470	P-11	P	11	4
20	0	193	4	470	P-12	P	12	4
20	0	193	5	470	Q-12	Q	12	5
20	0	194	1	509	O-17	O	17	5
20	0	194	2	509	O-18	O	18	5
20	0	194	3	509	O-19	O	19	5
20	0	194	4	509	O-20	O	20	5
20	0	194	5	722	O-1	O	1	5
20	0	195	1	509	O-17	O	17	5
20	0	195	2	509	O-18	O	18	5
20	0	195	3	509	O-19	O	19	5
20	0	195	4	509	O-20	O	20	5
20	0	195	5	722	O-1	O	1	5
20	0	197	0	495	B-4	B	4	2
20	0	198	0	495	D-2	D	2	1
20	0	199	1	317	M-5	M	5	4
20	0	199	2	317	N-5	N	5	4
20	0	199	3	317	O-5	O	5	4
20	0	199	4	317	P-5	P	5	1
20	0	199	5	317	P-6	P	6	1
20	0	200	1	722	O-1	O	1	5
20	0	200	2	722	O-2	O	2	4
20	0	200	3	722	O-3	O	3	4
20	0	200	4	722	O-4	O	4	1
20	0	200	5	722	O-5	O	5	1
20	0	201	1	17	E-9	E	9	2
20	0	201	2	17	E-8	E	8	1
20	0	202	0	495	D-2	D	2	1
20	0	203	1	546	I-13	I	13	2
20	0	203	2	546	I-14	I	14	2
20	0	203	3	546	I-15	I	15	2
20	0	203	4	546	I-16	I	16	2
20	0	203	5	546	I-17	I	17	2
20	0	204	0	495	B-4	B	4	2
20	0	205	0	495	D-2	D	2	1
20	0	206	1	722	O-1	O	1	5
20	0	206	2	722	O-2	O	2	4
20	0	206	3	722	O-3	O	3	4
20	0	206	4	722	O-4	O	4	1
20	0	206	5	722	O-5	O	5	1
20	0	207	0	495	D-2	D	2	1
20	0	208	0	495	J-6	J	6	3
20	0	209	1	722	O-1	O	1	5
20	0	209	2	722	O-2	O	2	4
20	0	209	3	722	O-3	O	3	4
20	0	209	4	722	O-4	O	4	1
20	0	209	5	722	O-5	O	5	1
20	0	210	1	722	O-1	O	1	5
20	0	210	2	722	O-2	O	2	4
20	0	210	3	722	O-3	O	3	4
20	0	210	4	722	O-4	O	4	1
20	0	210	5	722	O-5	O	5	1
20	0	211	0	495	D-2	D	2	1
20	0	213	1	487	M-18	M	18	5
20	0	213	2	487	M-17	M	17	4
20	0	213	3	487	N-17	N	17	5
20	0	213	4	487	N-16	N	16	4
20	0	213	5	487	O-16	O	16	5
20	0	214	0	498	K-8	K	8	1
20	0	215	1	549	D-7	D	7	5
20	0	215	2	549	D-6	D	6	5
20	0	215	3	549	E-6	E	6	5
20	0	215	4	549	E-5	E	5	5
20	0	215	5	549	F-5	F	5	5
20	0	216	1	487	M-3	M	3	1
20	0	216	2	487	N-3	N	3	4
20	0	216	3	487	N-2	N	2	4
20	0	216	4	487	M-2	M	2	4
20	0	218	1	509	O-17	O	17	5
20	0	218	2	509	O-18	O	18	5
20	0	218	3	509	O-19	O	19	5
20	0	218	4	509	O-20	O	20	5
20	0	218	5	722	O-1	O	1	5
20	0	219	1	722	O-1	O	1	5
20	0	219	2	722	O-2	O	2	4
20	0	219	3	722	O-3	O	3	4
20	0	219	4	722	O-4	O	4	1
20	0	219	5	722	O-5	O	5	1
20	0	221	0	495	D-2	D	2	1
20	0	222	0	495	B-4	B	4	2
20	0	223	0	495	D-2	D	2	1
20	0	224	1	522	E-1	E	1	2
20	0	224	2	421	E-20	E	20	2
20	0	224	3	421	E-19	E	19	6
20	0	226	1	614	D-5	D	5	1
20	0	226	2	614	D-6	D	6	1
20	0	226	3	614	D-7	D	7	3
20	0	226	4	614	D-8	D	8	3
20	0	226	5	614	E-8	E	8	3
20	0	227	0	495	H-9	H	9	3
20	0	228	0	495	B-4	B	4	2
20	0	229	1	522	E-1	E	1	2
20	0	229	2	421	E-20	E	20	2
20	0	231	1	722	O-1	O	1	5
20	0	231	2	722	O-2	O	2	4
20	0	231	3	722	O-3	O	3	4
20	0	231	4	722	O-4	O	4	1
20	0	231	5	722	O-5	O	5	1
20	0	232	0	497	B-8	B	8	4
20	0	233	1	509	N-17	N	17	5
20	0	233	2	509	N-18	N	18	1
20	0	233	3	509	O-18	O	18	5
20	0	233	4	509	O-19	O	19	5
20	0	233	5	509	O-20	O	20	5
20	0	234	1	421	L-10	L	10	6
20	0	235	0	495	D-2	D	2	1
20	0	236	1	421	M-15	M	15	3
20	0	236	2	421	N-15	N	15	3
20	0	236	3	421	O-15	O	15	4
20	0	236	4	421	P-15	P	15	4
20	0	236	5	421	Q-15	Q	15	4
20	0	238	1	722	O-2	O	2	4
20	0	238	2	722	O-3	O	3	4
20	0	238	3	722	O-4	O	4	1
20	0	238	4	722	O-5	O	5	1
20	0	238	5	722	O-6	O	6	2
20	0	239	0	493	C-12	C	12	5
20	0	240	0	495	B-4	B	4	2
20	0	242	0	492	S-13	S	13	1
20	0	244	1	546	G-3	G	3	3
20	0	244	2	546	H-3	H	3	3
20	0	244	3	546	G-3	G	3	3
20	0	244	4	546	G-4	G	4	4
20	0	244	5	546	G-5	G	5	4
20	0	249	1	317	M-5	M	5	4
20	0	249	2	317	N-5	N	5	4
20	0	249	3	317	O-5	O	5	4
20	0	249	4	317	P-5	P	5	1
20	0	249	5	317	P-6	P	6	1
20	0	250	0	498	K-8	K	8	1
20	0	251	1	487	O-3	O	3	5
20	0	251	2	487	N-3	N	3	4
20	0	251	3	487	M-3	M	3	1
20	0	251	4	487	L-3	L	3	6
20	0	251	5	487	M-3	M	3	1
20	0	253	1	487	M-3	M	3	1
20	0	253	2	487	N-3	N	3	4
20	0	253	3	487	N-2	N	2	4
20	0	253	4	487	M-2	M	2	4
20	0	255	1	470	T-17	T	17	5
20	0	256	1	318	N-11	N	11	1
20	0	256	2	318	N-12	N	12	4
20	0	256	3	318	N-13	N	13	4
20	0	256	4	318	O-13	O	13	5
20	0	257	1	614	D-8	D	8	3
20	0	257	2	614	D-9	D	9	1
20	0	257	3	614	D-10	D	10	1
20	0	257	4	614	D-11	D	11	1
20	0	257	5	614	D-12	D	12	1
20	0	258	0	496	R-4	R	4	1
20	0	260	0	495	D-2	D	2	1
20	0	261	0	495	B-4	B	4	2
20	0	262	0	495	B-4	B	4	2
20	0	263	0	495	D-2	D	2	1
20	0	265	1	509	O-17	O	17	5
20	0	265	2	509	O-18	O	18	5
20	0	265	3	509	O-19	O	19	5
20	0	265	4	509	O-20	O	20	5
20	0	265	5	722	O-1	O	1	5
20	0	266	1	421	E-20	E	20	2
20	0	266	2	522	E-1	E	1	2
20	0	266	3	522	E-2	E	2	4
20	0	266	4	522	E-3	E	3	4
20	0	266	5	522	E-4	E	4	5
20	0	267	0	495	D-2	D	2	1
20	0	268	0	495	D-2	D	2	1
20	0	269	0	495	D-2	D	2	1
20	0	270	1	522	E-10	E	10	3
20	0	270	2	522	E-11	E	11	3
20	0	270	3	522	E-12	E	12	3
20	0	270	4	522	E-13	E	13	3
20	0	270	5	522	F-13	F	13	3
20	0	271	1	487	L-17	L	17	4
20	0	271	2	487	M-17	M	17	4
20	0	271	3	487	M-16	M	16	4
20	0	271	4	487	N-16	N	16	4
20	0	271	5	487	N-15	N	15	4
20	0	272	0	495	B-4	B	4	2
20	0	273	0	495	D-2	D	2	1
20	0	274	1	722	O-2	O	2	4
20	0	274	2	722	O-3	O	3	4
20	0	274	3	722	O-4	O	4	1
20	0	274	4	722	O-5	O	5	1
20	0	274	5	722	O-6	O	6	2
20	0	275	1	470	F-5	F	5	5
20	0	275	2	470	G-5	G	5	5
20	0	275	3	470	H-5	H	5	2
20	0	275	4	470	I-5	I	5	2
20	0	275	5	470	I-4	I	4	1
20	0	276	0	495	D-2	D	2	1
20	0	277	0	495	D-2	D	2	1
20	0	278	1	614	B-4	B	4	1
20	0	278	2	614	C-4	C	4	2
20	0	278	3	614	D-4	D	4	2
20	0	278	4	614	D-5	D	5	1
20	0	278	5	614	D-6	D	6	1
20	0	279	1	487	T-6	T	6	4
20	0	279	2	614	A-6	A	6	4
20	0	279	3	614	A-7	A	7	4
20	0	279	4	614	B-7	B	7	4
20	0	279	5	614	C-7	C	7	1
20	0	281	1	487	M-3	M	3	1
20	0	281	2	487	N-3	N	3	4
20	0	281	3	487	N-2	N	2	4
20	0	281	4	487	M-2	M	2	4
20	0	282	0	495	D-2	D	2	1
20	0	283	0	495	D-2	D	2	1
20	0	284	1	317	S-9	S	9	3
20	0	284	2	317	S-10	S	10	3
20	0	285	1	487	L-17	L	17	4
20	0	285	2	487	M-17	M	17	4
20	0	285	3	487	M-16	M	16	4
20	0	285	4	487	N-16	N	16	4
20	0	285	5	487	N-15	N	15	4
20	0	286	1	509	D-16	D	16	2
20	0	286	2	509	D-17	D	17	4
20	0	286	3	509	D-18	D	18	4
20	0	286	4	509	D-19	D	19	5
20	0	286	5	509	E-19	E	19	5
20	0	288	0	495	D-2	D	2	1
20	0	289	1	614	B-12	B	12	4
20	0	289	2	614	C-12	C	12	4
20	0	289	3	614	D-12	D	12	1
20	0	289	4	614	E-12	E	12	2
20	0	289	5	614	F-12	F	12	6
20	0	290	1	317	S-9	S	9	3
20	0	290	2	317	S-10	S	10	3
20	0	295	0	495	D-2	D	2	1
20	0	296	0	495	D-2	D	2	1
20	0	297	0	495	B-4	B	4	2
20	0	298	0	492	D-9	D	9	5
20	0	299	0	495	D-2	D	2	1
20	0	300	0	495	D-2	D	2	1
20	0	301	1	722	O-1	O	1	5
20	0	301	2	722	O-2	O	2	4
20	0	301	3	722	O-3	O	3	4
20	0	301	4	722	O-4	O	4	1
20	0	301	5	722	O-5	O	5	1
20	0	302	1	317	S-9	S	9	3
20	0	302	2	317	S-10	S	10	3
20	0	303	0	495	D-2	D	2	1
20	0	304	0	495	D-2	D	2	1
20	0	305	0	495	D-2	D	2	1
20	0	306	0	492	G-3	G	3	3
20	0	307	1	487	Q-15	Q	15	4
20	0	307	2	487	R-15	R	15	4
20	0	307	3	487	S-15	S	15	2
20	0	307	4	487	T-15	T	15	2
20	0	307	5	614	A-15	A	15	2
20	0	308	0	495	D-2	D	2	1
20	0	310	0	495	D-2	D	2	1
20	0	311	1	546	F-2	F	2	3
20	0	311	2	546	G-2	G	2	3
20	0	311	3	546	G-3	G	3	3
20	0	311	4	546	G-4	G	4	4
20	0	311	5	546	G-5	G	5	4
20	0	312	1	546	I-13	I	13	2
20	0	312	2	546	I-14	I	14	2
20	0	312	3	546	I-15	I	15	2
20	0	312	4	546	I-16	I	16	2
20	0	312	5	546	I-17	I	17	2
20	0	314	1	509	E-1	E	1	4
20	0	314	2	509	E-2	E	2	4
20	0	314	3	509	F-2	F	2	4
20	0	314	4	509	G-2	G	2	4
20	0	314	5	509	G-3	G	3	5
20	0	315	0	495	D-2	D	2	1
20	0	317	1	549	N-7	N	7	5
20	0	317	2	549	O-7	O	7	5
20	0	317	3	549	O-8	O	8	4
20	0	317	4	549	P-8	P	8	4
20	0	317	5	549	Q-8	Q	8	4
20	0	319	1	17	E-9	E	9	2
20	0	319	2	17	E-8	E	8	1
20	0	321	0	495	D-2	D	2	1
20	0	322	1	317	G-11	G	11	1
20	0	322	2	317	H-11	H	11	1
20	0	322	3	317	I-11	I	11	1
20	0	322	4	317	J-11	J	11	1
20	0	322	5	317	K-11	K	11	4
20	0	323	0	497	F-9	F	9	1
20	0	326	1	549	D-7	D	7	5
20	0	326	2	549	D-6	D	6	5
20	0	326	3	549	E-6	E	6	5
20	0	326	4	549	E-5	E	5	5
20	0	326	5	549	F-5	F	5	5
20	0	327	1	509	O-17	O	17	5
20	0	327	2	509	O-18	O	18	5
20	0	327	3	509	O-19	O	19	5
20	0	327	4	509	O-20	O	20	5
20	0	327	5	722	O-1	O	1	5
20	0	329	0	495	D-2	D	2	1
20	0	330	1	421	L-10	L	10	6
20	0	331	1	722	O-1	O	1	5
20	0	331	2	722	O-2	O	2	4
20	0	331	3	722	O-3	O	3	4
20	0	331	4	722	O-4	O	4	1
20	0	331	5	722	O-5	O	5	1
20	0	332	1	509	N-17	N	17	5
20	0	332	2	509	O-17	O	17	5
20	0	332	3	509	O-18	O	18	5
20	0	332	4	509	O-19	O	19	5
20	0	332	5	509	O-20	O	20	5
20	0	333	1	546	A-2	A	2	5
20	0	333	2	546	B-2	B	2	5
20	0	333	3	546	C-2	C	2	5
20	0	333	4	546	D-2	D	2	3
20	0	333	5	546	E-2	E	2	3
20	0	334	0	493	O-18	O	18	1
20	0	336	1	421	L-11	L	11	1
20	0	336	2	421	L-12	L	12	1
20	0	336	3	421	L-13	L	13	3
20	0	336	4	421	L-14	L	14	3
20	0	336	5	421	L-15	L	15	3
20	0	337	0	498	K-8	K	8	1
20	0	339	1	470	F-5	F	5	5
20	0	339	2	470	G-5	G	5	5
20	0	339	3	470	H-5	H	5	2
20	0	339	4	470	I-5	I	5	2
20	0	339	5	470	I-4	I	4	1
20	0	341	1	509	D-15	D	15	2
20	0	341	2	509	D-16	D	16	2
20	0	341	3	509	D-17	D	17	4
20	0	341	4	509	D-18	D	18	4
20	0	341	5	509	D-19	D	19	5
20	0	342	0	495	D-2	D	2	1
20	0	344	1	549	E-11	E	11	4
20	0	344	2	549	E-12	E	12	4
20	0	344	3	549	E-13	E	13	2
20	0	344	4	549	F-13	F	13	2
20	0	344	5	549	F-14	F	14	2
20	0	345	1	509	D-16	D	16	2
20	0	345	2	509	D-17	D	17	4
20	0	345	3	509	D-18	D	18	4
20	0	345	4	509	D-19	D	19	5
20	0	345	5	509	E-19	E	19	5
20	0	346	1	509	H-12	H	12	6
20	0	347	1	546	A-12	A	12	5
20	0	347	2	470	T-12	T	12	5
20	0	347	3	470	S-12	S	12	5
20	0	347	4	470	R-12	R	12	5
20	0	347	5	470	R-13	R	13	5
20	0	348	1	546	A-12	A	12	5
20	0	348	2	470	T-12	T	12	5
20	0	348	3	470	S-12	S	12	5
20	0	348	4	470	R-12	R	12	5
20	0	348	5	470	R-13	R	13	5
20	0	349	0	495	D-2	D	2	1
20	0	350	1	317	F-11	F	11	6
20	0	351	0	497	H-13	H	13	1
20	0	352	0	495	D-2	D	2	1
20	0	353	0	495	D-2	D	2	1
20	0	354	1	546	F-2	F	2	3
20	0	354	2	546	G-2	G	2	3
20	0	354	3	546	G-3	G	3	3
20	0	354	4	546	G-4	G	4	4
20	0	354	5	546	G-5	G	5	4
20	0	356	0	495	D-2	D	2	1
20	0	357	1	546	I-13	I	13	2
20	0	357	2	546	I-14	I	14	2
20	0	357	3	546	I-15	I	15	2
20	0	357	4	546	I-16	I	16	2
20	0	357	5	546	I-17	I	17	2
20	0	358	1	317	I-4	I	4	2
20	0	358	2	317	J-4	J	4	2
20	0	358	3	317	J-5	J	5	2
20	0	358	4	317	K-5	K	5	2
20	0	358	5	317	L-5	L	5	4
20	0	360	1	318	M-12	M	12	1
20	0	360	2	318	M-13	M	13	1
20	0	360	3	318	M-14	M	14	1
20	0	360	4	318	M-15	M	15	5
20	0	361	0	495	B-4	B	4	2
20	0	362	0	495	B-4	B	4	2
20	0	363	1	421	L-11	L	11	1
20	0	363	2	421	L-12	L	12	1
20	0	363	3	421	L-13	L	13	3
20	0	363	4	421	L-14	L	14	3
20	0	363	5	421	L-15	L	15	3
20	0	365	0	495	D-2	D	2	1
20	0	366	1	487	O-3	O	3	5
20	0	366	2	487	N-3	N	3	4
20	0	366	3	487	M-3	M	3	1
20	0	366	4	487	L-3	L	3	6
20	0	366	5	487	M-3	M	3	1
20	0	367	1	317	K-5	K	5	2
20	0	367	2	317	L-5	L	5	4
20	0	367	3	317	M-5	M	5	4
20	0	367	4	317	N-5	N	5	4
20	0	367	5	317	O-5	O	5	4
20	0	368	0	497	B-16	B	16	1
20	0	369	1	487	D-7	D	7	4
20	0	369	2	487	D-6	D	6	3
20	0	369	3	487	D-5	D	5	3
20	0	369	4	487	D-4	D	4	3
20	0	370	1	509	P-13	P	13	1
20	0	370	2	509	P-14	P	14	1
20	0	370	3	509	P-15	P	15	4
20	0	370	4	509	P-16	P	16	4
20	0	370	5	509	P-17	P	17	5
20	0	371	1	470	R-2	R	2	5
20	0	371	2	470	S-2	S	2	4
20	0	371	3	470	T-2	T	2	5
20	0	371	4	546	A-2	A	2	5
20	0	371	5	546	B-2	B	2	5
20	0	372	1	546	A-2	A	2	5
20	0	372	2	546	B-2	B	2	5
20	0	372	3	546	C-2	C	2	5
20	0	372	4	546	D-2	D	2	3
20	0	372	5	546	E-2	E	2	3
20	0	373	1	522	E-10	E	10	3
20	0	373	2	522	E-11	E	11	3
20	0	373	3	522	E-12	E	12	3
20	0	373	4	522	E-13	E	13	3
20	0	373	5	522	F-13	F	13	3
20	0	374	1	487	T-6	T	6	4
20	0	374	2	614	A-6	A	6	4
20	0	374	3	614	A-7	A	7	4
20	0	374	4	614	B-7	B	7	4
20	0	374	5	614	C-7	C	7	1
20	0	375	1	487	P-16	P	16	5
20	0	375	2	487	P-15	P	15	6
20	0	377	1	509	I-12	I	12	3
20	0	377	2	509	J-12	J	12	3
20	0	377	3	509	J-13	J	13	3
20	0	377	4	509	J-14	J	14	5
20	0	377	5	509	J-15	J	15	5
20	0	378	1	546	A-2	A	2	5
20	0	378	2	546	B-2	B	2	5
20	0	378	3	546	C-2	C	2	5
20	0	378	4	546	D-2	D	2	3
20	0	378	5	546	E-2	E	2	3
20	0	380	1	546	I-13	I	13	2
20	0	380	2	546	I-14	I	14	2
20	0	380	3	546	I-15	I	15	2
20	0	380	4	546	I-16	I	16	2
20	0	380	5	546	I-17	I	17	2
20	0	381	1	546	F-2	F	2	3
20	0	381	2	546	G-2	G	2	3
20	0	381	3	546	G-3	G	3	3
20	0	381	4	546	G-4	G	4	4
20	0	381	5	546	G-5	G	5	4
20	0	382	1	487	F-5	F	5	4
20	0	382	2	487	G-5	G	5	4
20	0	382	3	487	H-5	H	5	4
20	0	382	4	487	I-5	I	5	4
20	0	382	5	487	J-5	J	5	4
20	0	383	0	495	B-4	B	4	2
20	0	384	1	546	I-13	I	13	2
20	0	384	2	546	I-14	I	14	2
20	0	384	3	546	I-15	I	15	2
20	0	384	4	546	I-16	I	16	2
20	0	384	5	546	I-17	I	17	2
20	0	385	0	495	D-2	D	2	1
20	0	386	1	470	P-9	P	9	4
20	0	386	2	470	P-10	P	10	4
20	0	386	3	470	P-11	P	11	4
20	0	386	4	470	P-12	P	12	4
20	0	386	5	470	Q-12	Q	12	5
20	0	388	0	495	D-2	D	2	1
20	0	389	0	495	P-14	P	14	1
20	0	390	1	509	O-17	O	17	5
20	0	390	2	509	O-18	O	18	5
20	0	390	3	509	O-19	O	19	5
20	0	390	4	509	O-20	O	20	5
20	0	390	5	722	O-1	O	1	5
20	0	392	0	495	D-2	D	2	1
20	0	394	0	495	D-2	D	2	1
20	0	397	0	492	D-9	D	9	5
20	0	398	1	549	N-7	N	7	5
20	0	398	2	549	O-7	O	7	5
20	0	398	3	549	P-7	P	7	4
20	0	398	4	549	Q-7	Q	7	4
20	0	398	5	549	R-7	R	7	4
20	0	399	1	487	O-3	O	3	5
20	0	399	2	487	N-3	N	3	4
20	0	399	3	487	M-3	M	3	1
20	0	399	4	487	L-3	L	3	6
20	0	399	5	487	M-3	M	3	1
20	0	401	0	493	C-12	C	12	5
20	0	402	0	495	B-4	B	4	2
20	0	403	1	317	I-4	I	4	2
20	0	403	2	317	J-4	J	4	2
20	0	403	3	317	J-5	J	5	2
20	0	403	4	317	K-5	K	5	2
20	0	404	1	487	Q-15	Q	15	4
20	0	404	2	487	R-15	R	15	4
20	0	404	3	487	R-14	R	14	4
20	0	404	4	487	S-14	S	14	4
20	0	404	5	487	S-13	S	13	4
20	0	405	0	495	D-2	D	2	1
20	0	406	0	495	B-4	B	4	2
20	0	407	0	492	H-4	H	4	1
20	0	409	1	546	A-2	A	2	5
20	0	409	2	546	B-2	B	2	5
20	0	409	3	546	C-2	C	2	5
20	0	409	4	546	D-2	D	2	3
20	0	409	5	546	E-2	E	2	3
20	0	410	0	495	K-19	K	19	2
20	0	411	1	722	O-2	O	2	4
20	0	411	2	722	O-3	O	3	4
20	0	411	3	722	O-4	O	4	1
20	0	411	4	722	O-5	O	5	1
20	0	411	5	722	O-6	O	6	2
20	0	412	1	509	N-10	N	10	5
20	0	412	2	509	N-11	N	11	5
20	0	412	3	509	N-12	N	12	5
20	0	412	4	509	O-12	O	12	5
20	0	412	5	509	P-12	P	12	5
20	0	413	1	318	C-16	C	16	1
20	0	413	2	318	D-16	D	16	1
20	0	413	3	318	E-16	E	16	5
20	0	413	4	318	F-16	F	16	5
20	0	413	5	318	G-16	G	16	1
20	0	414	0	495	B-4	B	4	2
20	0	415	1	722	O-1	O	1	5
20	0	415	2	722	O-2	O	2	4
20	0	415	3	722	O-3	O	3	4
20	0	415	4	722	O-4	O	4	1
20	0	415	5	722	O-5	O	5	1
20	0	416	1	522	E-10	E	10	3
20	0	416	2	522	E-11	E	11	3
20	0	416	3	522	E-12	E	12	3
20	0	416	4	522	E-13	E	13	3
20	0	416	5	522	F-13	F	13	3
20	0	417	1	421	M-15	M	15	3
20	0	417	2	421	N-15	N	15	3
20	0	417	3	421	O-15	O	15	4
20	0	417	4	421	P-15	P	15	4
20	0	417	5	421	Q-15	Q	15	4
20	0	418	1	509	J-16	J	16	5
20	0	418	2	509	J-17	J	17	5
20	0	418	3	509	K-17	K	17	5
20	0	418	4	509	L-17	L	17	5
20	0	418	5	509	M-17	M	17	5
20	0	419	1	522	E-10	E	10	3
20	0	419	2	522	E-11	E	11	3
20	0	419	3	522	E-12	E	12	3
20	0	419	4	522	E-13	E	13	3
20	0	419	5	522	F-13	F	13	3
20	0	420	0	495	D-2	D	2	1
20	0	421	0	495	D-2	D	2	1
20	0	422	1	487	O-3	O	3	5
20	0	422	2	487	N-3	N	3	4
20	0	422	3	487	M-3	M	3	1
20	0	422	4	487	L-3	L	3	6
20	0	422	5	487	M-3	M	3	1
20	0	423	0	495	D-2	D	2	1
20	0	424	1	546	F-2	F	2	3
20	0	424	2	546	G-2	G	2	3
20	0	424	3	546	G-3	G	3	3
20	0	424	4	546	G-4	G	4	4
20	0	424	5	546	G-5	G	5	4
20	0	425	1	487	M-3	M	3	1
20	0	425	2	487	N-3	N	3	4
20	0	425	3	487	O-3	O	3	5
20	0	425	4	487	P-3	P	3	5
20	0	426	0	495	D-2	D	2	1
20	0	427	1	509	H-12	H	12	6
20	0	428	0	495	D-2	D	2	1
20	0	430	0	495	D-2	D	2	1
20	0	431	0	495	D-2	D	2	1
20	0	432	0	495	D-2	D	2	1
20	0	433	0	495	D-2	D	2	1
20	0	434	0	495	D-2	D	2	1
20	0	435	1	549	N-7	N	7	5
20	0	435	2	549	O-7	O	7	5
20	0	435	3	549	P-7	P	7	4
20	0	435	4	549	Q-7	Q	7	4
20	0	435	5	549	R-7	R	7	4
20	0	436	1	722	O-1	O	1	5
20	0	436	2	722	O-2	O	2	4
20	0	436	3	722	O-3	O	3	4
20	0	436	4	722	O-4	O	4	1
20	0	436	5	722	O-5	O	5	1
20	0	438	1	17	I-15	I	15	3
20	0	438	2	17	I-16	I	16	1
20	0	438	3	17	H-16	H	16	6
20	0	440	1	722	O-1	O	1	5
20	0	440	2	722	O-2	O	2	4
20	0	440	3	722	O-3	O	3	4
20	0	440	4	722	O-4	O	4	1
20	0	440	5	722	O-5	O	5	1
20	0	442	1	509	O-17	O	17	5
20	0	442	2	509	O-18	O	18	5
20	0	442	3	509	O-19	O	19	5
20	0	442	4	509	O-20	O	20	5
20	0	442	5	722	O-1	O	1	5
20	0	443	0	495	D-2	D	2	1
20	0	444	1	470	T-17	T	17	5
20	0	445	1	421	L-14	L	14	3
20	0	445	2	421	L-13	L	13	3
20	0	445	3	421	L-12	L	12	1
20	0	446	1	487	C-14	C	14	4
20	0	446	2	487	C-15	C	15	4
20	0	446	3	487	C-16	C	16	2
20	0	446	4	487	C-17	C	17	6
20	0	447	0	495	B-4	B	4	2
20	0	448	1	549	B-12	B	12	4
20	0	448	2	549	B-13	B	13	4
20	0	448	3	549	B-14	B	14	2
20	0	448	4	549	B-15	B	15	2
20	0	448	5	549	B-16	B	16	4
20	0	449	0	495	B-4	B	4	2
20	0	450	0	495	D-2	D	2	1
20	0	451	1	509	E-1	E	1	4
20	0	451	2	509	E-2	E	2	4
20	0	451	3	509	F-2	F	2	4
20	0	451	4	509	G-2	G	2	4
20	0	451	5	509	G-3	G	3	5
20	0	452	1	722	O-1	O	1	5
20	0	452	2	722	O-2	O	2	4
20	0	452	3	722	O-3	O	3	4
20	0	452	4	722	O-4	O	4	1
20	0	452	5	722	O-5	O	5	1
20	0	453	1	522	N-11	N	11	1
20	0	453	2	522	N-12	N	12	1
20	0	453	3	522	M-12	M	12	6
20	0	455	1	546	F-2	F	2	3
20	0	455	2	546	G-2	G	2	3
20	0	455	3	546	G-3	G	3	3
20	0	455	4	546	G-4	G	4	4
20	0	455	5	546	G-5	G	5	4
20	0	456	0	495	D-2	D	2	1
20	0	458	1	317	H-3	H	3	3
20	0	458	2	317	G-3	G	3	3
20	0	458	3	317	G-2	G	2	3
20	0	458	4	317	F-2	F	2	4
20	0	458	5	317	E-2	E	2	4
20	0	461	1	546	B-11	B	11	5
20	0	461	2	546	C-11	C	11	5
20	0	461	3	546	D-11	D	11	4
20	0	461	4	546	E-11	E	11	2
20	0	461	5	546	F-11	F	11	2
20	0	462	1	470	L-8	L	8	2
20	0	462	2	470	M-8	M	8	1
20	0	462	3	470	N-8	N	8	1
20	0	462	4	470	O-8	O	8	1
20	0	462	5	470	P-8	P	8	1
20	0	463	1	487	C-13	C	13	5
20	0	463	2	487	B-13	B	13	5
20	0	463	3	487	A-13	A	13	5
20	0	463	4	421	T-13	T	13	5
20	0	463	5	421	S-13	S	13	5
20	0	464	1	549	E-11	E	11	4
20	0	464	2	549	E-12	E	12	4
20	0	464	3	549	E-13	E	13	2
20	0	464	4	549	F-13	F	13	2
20	0	464	5	549	F-14	F	14	2
20	0	465	0	495	B-4	B	4	2
20	0	466	1	470	F-5	F	5	5
20	0	466	2	470	G-5	G	5	5
20	0	466	3	470	H-5	H	5	2
20	0	466	4	470	I-5	I	5	2
20	0	466	5	470	J-5	J	5	4
20	0	467	0	495	J-5	J	5	1
20	0	468	1	487	O-3	O	3	5
20	0	468	2	487	N-3	N	3	4
20	0	468	3	487	M-3	M	3	1
20	0	468	4	487	L-3	L	3	6
20	0	468	5	487	L-4	L	4	2
20	0	469	0	495	B-4	B	4	2
20	0	470	1	487	P-16	P	16	5
20	0	470	2	487	P-17	P	17	5
20	0	470	3	487	P-18	P	18	3
20	0	470	4	487	P-19	P	19	3
20	0	470	5	487	P-20	P	20	3
20	0	472	0	495	D-2	D	2	1
20	0	473	1	722	O-1	O	1	5
20	0	473	2	722	O-2	O	2	4
20	0	473	3	722	O-3	O	3	4
20	0	473	4	722	O-4	O	4	1
20	0	473	5	722	O-5	O	5	1
20	0	474	1	722	O-1	O	1	5
20	0	474	2	722	O-2	O	2	4
20	0	474	3	722	O-3	O	3	4
20	0	474	4	722	O-4	O	4	1
20	0	474	5	722	O-5	O	5	1
20	0	475	0	495	B-4	B	4	2
20	0	476	0	495	D-2	D	2	1
20	0	477	0	495	B-4	B	4	2
20	0	480	1	546	B-11	B	11	5
20	0	480	2	546	C-11	C	11	5
20	0	480	3	546	D-11	D	11	4
20	0	480	4	546	E-11	E	11	2
20	0	480	5	546	F-11	F	11	2
20	0	481	0	495	D-2	D	2	1
20	0	483	0	492	L-2	L	2	4
20	0	484	0	495	D-2	D	2	1
20	0	485	0	495	D-2	D	2	1
20	0	486	1	487	D-7	D	7	4
20	0	486	2	487	D-6	D	6	3
20	0	486	3	487	D-5	D	5	3
20	0	486	4	487	D-4	D	4	3
20	0	487	0	495	D-2	D	2	1
20	0	488	1	318	M-5	M	5	1
20	0	488	2	318	L-5	L	5	1
20	0	488	3	318	K-5	K	5	2
20	0	488	4	318	K-4	K	4	2
20	0	488	5	318	K-3	K	3	4
20	0	490	1	509	N-17	N	17	5
20	0	490	2	509	N-18	N	18	1
20	0	490	3	509	O-18	O	18	5
20	0	490	4	509	O-19	O	19	5
20	0	490	5	509	O-20	O	20	5
20	0	491	1	318	A-4	A	4	3
20	0	491	2	318	B-4	B	4	3
20	0	491	3	318	C-4	C	4	3
20	0	491	4	318	D-4	D	4	3
20	0	491	5	318	E-4	E	4	1
20	0	492	1	509	J-16	J	16	5
20	0	492	2	509	J-17	J	17	5
20	0	492	3	509	K-17	K	17	5
20	0	492	4	509	L-17	L	17	5
20	0	492	5	509	M-17	M	17	5
20	0	493	0	493	L-3	L	3	1
20	0	494	1	722	O-1	O	1	5
20	0	494	2	722	O-2	O	2	4
20	0	494	3	722	O-3	O	3	4
20	0	494	4	722	O-4	O	4	1
20	0	494	5	722	O-5	O	5	1
20	0	495	0	495	B-4	B	4	2
20	0	496	1	487	C-14	C	14	4
20	0	496	2	487	C-15	C	15	4
20	0	496	3	487	C-16	C	16	2
20	0	496	4	487	C-17	C	17	6
20	0	497	1	487	C-14	C	14	4
20	0	497	2	487	C-15	C	15	4
20	0	497	3	487	C-16	C	16	2
20	0	497	4	487	C-17	C	17	6
20	0	498	0	495	B-4	B	4	2
20	0	499	1	546	A-12	A	12	5
20	0	499	2	470	T-12	T	12	5
20	0	499	3	470	S-12	S	12	5
20	0	499	4	470	R-12	R	12	5
20	0	499	5	470	R-13	R	13	5
20	0	500	1	470	K-9	K	9	1
20	0	500	2	470	K-10	K	10	1
20	0	500	3	470	J-10	J	10	4
20	0	500	4	470	I-10	I	10	4
20	0	501	1	421	S-4	S	4	4
20	0	501	2	421	S-3	S	3	2
20	0	501	3	421	T-3	T	3	2
20	0	501	4	487	A-3	A	3	2
20	0	501	5	487	B-3	B	3	2
20	0	502	0	495	B-4	B	4	2
20	0	503	0	495	D-2	D	2	1
20	0	504	0	508	M-2	M	2	5
20	0	506	0	495	D-2	D	2	1
20	0	507	0	495	D-2	D	2	1
20	0	510	0	495	B-4	B	4	2
20	0	512	1	549	E-11	E	11	4
20	0	512	2	549	E-12	E	12	4
20	0	512	3	549	E-13	E	13	2
20	0	512	4	549	F-13	F	13	2
20	0	512	5	549	F-14	F	14	2
20	0	513	0	493	C-17	C	17	1
20	0	514	1	549	B-12	B	12	4
20	0	514	2	549	B-13	B	13	4
20	0	514	3	549	B-14	B	14	2
20	0	514	4	549	B-15	B	15	2
20	0	514	5	549	B-16	B	16	4
20	0	515	1	722	O-1	O	1	5
20	0	515	2	722	O-2	O	2	4
20	0	515	3	722	O-3	O	3	4
20	0	515	4	722	O-4	O	4	1
20	0	515	5	722	O-5	O	5	1
20	0	516	1	421	E-20	E	20	2
20	0	516	2	522	E-1	E	1	2
20	0	516	3	522	E-2	E	2	4
20	0	516	4	522	E-3	E	3	4
20	0	516	5	522	E-4	E	4	5
20	0	517	1	487	C-13	C	13	5
20	0	517	2	487	B-13	B	13	5
20	0	517	3	487	A-13	A	13	5
20	0	517	4	421	T-13	T	13	5
20	0	517	5	421	S-13	S	13	5
20	0	518	1	546	I-14	I	14	2
20	0	518	2	546	I-13	I	13	2
20	0	518	3	546	I-12	I	12	6
20	0	518	4	546	I-13	I	13	2
20	0	519	1	509	J-16	J	16	5
20	0	519	2	509	J-17	J	17	5
20	0	519	3	509	K-17	K	17	5
20	0	519	4	509	L-17	L	17	5
20	0	519	5	509	M-17	M	17	5
20	0	520	0	495	B-4	B	4	2
20	0	523	1	318	N-11	N	11	1
20	0	523	2	318	N-12	N	12	4
20	0	523	3	318	N-13	N	13	4
20	0	523	4	318	O-13	O	13	5
20	0	524	0	495	B-4	B	4	2
20	0	525	1	421	L-10	L	10	6
20	0	526	0	495	D-2	D	2	1
20	0	527	0	495	D-2	D	2	1
20	0	528	0	495	D-2	D	2	1
20	0	529	1	509	I-12	I	12	3
20	0	529	2	509	J-12	J	12	3
20	0	529	3	509	J-13	J	13	3
20	0	529	4	509	J-14	J	14	5
20	0	529	5	509	J-15	J	15	5
20	0	530	1	470	K-9	K	9	1
20	0	530	2	470	J-9	J	9	4
20	0	530	3	470	I-9	I	9	4
20	0	530	4	470	H-9	H	9	3
20	0	532	1	546	I-14	I	14	2
20	0	532	2	546	I-13	I	13	2
20	0	532	3	546	I-12	I	12	6
20	0	532	4	546	I-13	I	13	2
20	0	533	1	487	L-17	L	17	4
20	0	533	2	487	M-17	M	17	4
20	0	533	3	487	M-16	M	16	4
20	0	533	4	487	N-16	N	16	4
20	0	533	5	487	N-15	N	15	4
20	0	534	1	487	D-7	D	7	4
20	0	534	2	487	D-6	D	6	3
20	0	534	3	487	D-5	D	5	3
20	0	534	4	487	D-4	D	4	3
20	0	535	1	546	I-13	I	13	2
20	0	535	2	546	I-14	I	14	2
20	0	535	3	546	I-15	I	15	2
20	0	535	4	546	I-16	I	16	2
20	0	535	5	546	I-17	I	17	2
20	0	536	0	495	D-2	D	2	1
20	0	537	1	546	I-14	I	14	2
20	0	537	2	546	I-13	I	13	2
20	0	537	3	546	I-12	I	12	6
20	0	537	4	546	I-13	I	13	2
20	0	538	0	493	O-18	O	18	1
20	0	539	1	546	I-13	I	13	2
20	0	539	2	546	I-14	I	14	2
20	0	539	3	546	I-15	I	15	2
20	0	539	4	546	I-16	I	16	2
20	0	539	5	546	I-17	I	17	2
20	0	540	0	495	D-2	D	2	1
20	0	541	0	495	D-2	D	2	1
20	0	543	1	614	B-4	B	4	1
20	0	543	2	614	C-4	C	4	2
20	0	543	3	614	D-4	D	4	2
20	0	543	4	614	D-5	D	5	1
20	0	543	5	614	D-6	D	6	1
20	0	544	0	495	D-2	D	2	1
20	0	545	1	318	M-12	M	12	1
20	0	545	2	318	M-13	M	13	1
20	0	545	3	318	M-14	M	14	1
20	0	545	4	318	M-15	M	15	5
20	0	545	5	318	M-16	M	16	1
20	0	546	1	421	R-4	R	4	6
20	0	547	1	318	H-11	H	11	1
20	0	547	2	318	I-11	I	11	1
20	0	547	3	318	J-11	J	11	1
20	0	547	4	318	K-11	K	11	1
20	0	547	5	318	L-11	L	11	1
20	0	548	0	495	D-2	D	2	1
20	0	549	0	495	B-4	B	4	2
20	0	550	1	487	Q-15	Q	15	4
20	0	550	2	487	R-15	R	15	4
20	0	550	3	487	S-15	S	15	2
20	0	550	4	487	T-15	T	15	2
20	0	550	5	614	A-15	A	15	2
20	0	551	1	487	M-3	M	3	1
20	0	551	2	487	N-3	N	3	4
20	0	551	3	487	N-2	N	2	4
20	0	551	4	487	M-2	M	2	4
20	0	552	1	421	L-14	L	14	3
20	0	552	2	421	L-13	L	13	3
20	0	552	3	421	L-12	L	12	1
20	0	553	1	421	L-14	L	14	3
20	0	553	2	421	L-13	L	13	3
20	0	553	3	421	L-12	L	12	1
20	0	554	1	317	G-2	G	2	3
20	0	554	2	317	G-3	G	3	3
20	0	554	3	317	H-3	H	3	3
20	0	554	4	317	H-4	H	4	6
20	0	555	1	487	O-3	O	3	5
20	0	555	2	487	N-3	N	3	4
20	0	555	3	487	M-3	M	3	1
20	0	555	4	487	L-3	L	3	6
20	0	555	5	487	M-3	M	3	1
20	0	556	0	495	D-2	D	2	1
20	0	557	1	722	O-1	O	1	5
20	0	557	2	722	O-2	O	2	4
20	0	557	3	722	O-3	O	3	4
20	0	557	4	722	O-4	O	4	1
20	0	557	5	722	O-5	O	5	1
20	0	561	0	495	B-4	B	4	2
20	0	562	1	549	A-2	A	2	3
20	0	562	2	549	B-2	B	2	3
20	0	562	3	549	B-3	B	3	5
20	0	562	4	549	B-4	B	4	5
20	0	562	5	549	B-5	B	5	2
20	0	563	1	317	F-11	F	11	6
20	0	564	0	495	D-2	D	2	1
20	0	565	0	496	B-13	B	13	1
20	0	566	1	509	I-12	I	12	3
20	0	566	2	509	J-12	J	12	3
20	0	566	3	509	J-13	J	13	3
20	0	566	4	509	J-14	J	14	5
20	0	566	5	509	J-15	J	15	5
20	0	567	0	495	B-4	B	4	2
20	0	568	0	495	B-4	B	4	2
20	0	570	0	495	D-2	D	2	1
20	0	571	1	546	I-14	I	14	2
20	0	571	2	546	I-13	I	13	2
20	0	571	3	546	I-12	I	12	6
20	0	571	4	546	I-13	I	13	2
20	0	575	0	495	D-2	D	2	1
20	0	577	1	318	T-11	T	11	5
20	0	577	2	470	A-11	A	11	4
20	0	577	3	470	B-11	B	11	4
20	0	577	4	470	C-11	C	11	2
20	0	577	5	470	D-11	D	11	1
20	0	579	0	495	B-4	B	4	2
20	0	580	1	487	M-3	M	3	1
20	0	580	2	487	N-3	N	3	4
20	0	580	3	487	O-3	O	3	5
20	0	580	4	487	P-3	P	3	5
20	0	580	5	487	P-4	P	4	1
20	0	581	0	495	D-2	D	2	1
20	0	582	1	317	G-11	G	11	1
20	0	582	2	317	H-11	H	11	1
20	0	582	3	317	I-11	I	11	1
20	0	582	4	317	J-11	J	11	1
20	0	582	5	317	K-11	K	11	4
20	0	583	0	495	B-4	B	4	2
20	0	584	1	421	J-13	J	13	3
20	0	584	2	421	K-13	K	13	3
20	0	584	3	421	L-13	L	13	3
20	0	584	4	421	L-12	L	12	1
20	0	584	5	421	L-11	L	11	1
20	0	585	1	509	N-17	N	17	5
20	0	585	2	509	N-18	N	18	1
20	0	585	3	509	O-18	O	18	5
20	0	585	4	509	O-19	O	19	5
20	0	585	5	509	O-20	O	20	5
20	0	586	1	522	E-10	E	10	3
20	0	586	2	522	E-11	E	11	3
20	0	586	3	522	E-12	E	12	3
20	0	586	4	522	E-13	E	13	3
20	0	586	5	522	F-13	F	13	3
20	0	587	1	421	S-4	S	4	4
20	0	587	2	421	S-3	S	3	2
20	0	587	3	421	T-3	T	3	2
20	0	587	4	487	A-3	A	3	2
20	0	587	5	487	B-3	B	3	2
20	0	588	1	509	J-16	J	16	5
20	0	588	2	509	J-17	J	17	5
20	0	588	3	509	K-17	K	17	5
20	0	588	4	509	L-17	L	17	5
20	0	588	5	509	M-17	M	17	5
20	0	591	1	549	N-7	N	7	5
20	0	591	2	549	O-7	O	7	5
20	0	591	3	549	P-7	P	7	4
20	0	591	4	549	Q-7	Q	7	4
20	0	591	5	549	R-7	R	7	4
20	0	592	1	509	N-17	N	17	5
20	0	592	2	509	O-17	O	17	5
20	0	592	3	509	O-18	O	18	5
20	0	592	4	509	O-19	O	19	5
20	0	592	5	509	O-20	O	20	5
20	0	593	1	317	I-3	I	3	3
20	0	593	2	317	J-3	J	3	1
20	0	593	3	317	J-2	J	2	1
20	0	596	1	487	Q-15	Q	15	4
20	0	596	2	487	R-15	R	15	4
20	0	596	3	487	S-15	S	15	2
20	0	596	4	487	T-15	T	15	2
20	0	596	5	614	A-15	A	15	2
20	0	597	1	546	G-3	G	3	3
20	0	597	2	546	G-4	G	4	4
20	0	597	3	546	G-5	G	5	4
20	0	597	4	546	G-6	G	6	2
20	0	597	5	546	G-7	G	7	1
20	0	598	1	722	O-1	O	1	5
20	0	598	2	722	O-2	O	2	4
20	0	598	3	722	O-3	O	3	4
20	0	598	4	722	O-4	O	4	1
20	0	598	5	722	O-5	O	5	1
20	0	599	0	495	B-4	B	4	2
20	0	600	0	495	B-4	B	4	2
20	0	601	1	470	T-17	T	17	5
20	0	602	1	509	I-12	I	12	3
20	0	602	2	509	J-12	J	12	3
20	0	602	3	509	J-13	J	13	3
20	0	602	4	509	J-14	J	14	5
20	0	602	5	509	J-15	J	15	5
20	0	603	0	495	D-2	D	2	1
20	0	604	1	509	E-1	E	1	4
20	0	604	2	509	E-2	E	2	4
20	0	604	3	509	F-2	F	2	4
20	0	604	4	509	G-2	G	2	4
20	0	604	5	509	G-3	G	3	5
20	0	605	0	495	D-2	D	2	1
20	0	606	1	487	C-18	C	18	1
20	0	606	2	487	D-18	D	18	1
20	0	606	3	487	E-18	E	18	1
20	0	606	4	487	F-18	F	18	2
20	0	606	5	487	G-18	G	18	2
20	0	607	0	495	D-2	D	2	1
20	0	608	1	487	Q-15	Q	15	4
20	0	608	2	487	R-15	R	15	4
20	0	608	3	487	S-15	S	15	2
20	0	608	4	487	T-15	T	15	2
20	0	608	5	614	A-15	A	15	2
20	0	610	0	497	B-16	B	16	1
20	0	611	1	509	D-15	D	15	2
20	0	611	2	509	D-16	D	16	2
20	0	611	3	509	D-17	D	17	4
20	0	611	4	509	D-18	D	18	4
20	0	611	5	509	D-19	D	19	5
20	0	612	0	495	D-2	D	2	1
20	0	613	1	614	D-5	D	5	1
20	0	613	2	614	D-6	D	6	1
20	0	613	3	614	D-7	D	7	3
20	0	613	4	614	D-8	D	8	3
20	0	613	5	614	E-8	E	8	3
20	0	614	0	495	D-2	D	2	1
20	0	616	0	495	D-2	D	2	1
20	0	618	1	549	O-1	O	1	3
20	0	618	2	549	O-2	O	2	3
20	0	618	3	549	P-2	P	2	3
20	0	618	4	549	P-3	P	3	5
20	0	618	5	549	P-4	P	4	5
20	0	619	1	549	O-1	O	1	3
20	0	619	2	549	O-2	O	2	3
20	0	619	3	549	P-2	P	2	3
20	0	619	4	549	P-3	P	3	5
20	0	619	5	549	P-4	P	4	5
20	0	620	1	17	I-16	I	16	1
20	0	620	2	17	J-16	J	16	4
20	0	620	3	17	K-16	K	16	1
20	0	621	0	495	O-9	O	9	5
20	0	622	1	722	N-2	N	2	4
20	0	622	2	722	N-3	N	3	4
20	0	622	3	722	O-3	O	3	4
20	0	622	4	722	O-4	O	4	1
20	0	622	5	722	O-5	O	5	1
20	0	624	1	549	D-7	D	7	5
20	0	624	2	549	D-6	D	6	5
20	0	624	3	549	E-6	E	6	5
20	0	624	4	549	E-5	E	5	5
20	0	624	5	549	F-5	F	5	5
20	0	625	1	546	B-11	B	11	5
20	0	625	2	546	C-11	C	11	5
20	0	625	3	546	D-11	D	11	4
20	0	625	4	546	E-11	E	11	2
20	0	625	5	546	F-11	F	11	2
20	0	626	1	509	J-16	J	16	5
20	0	626	2	509	J-17	J	17	5
20	0	626	3	509	K-17	K	17	5
20	0	626	4	509	L-17	L	17	5
20	0	626	5	509	M-17	M	17	5
20	0	627	0	495	D-2	D	2	1
20	0	628	0	495	D-2	D	2	1
20	0	629	0	492	E-15	E	15	1
20	0	631	1	722	O-1	O	1	5
20	0	631	2	722	O-2	O	2	4
20	0	631	3	722	O-3	O	3	4
20	0	631	4	722	O-4	O	4	1
20	0	631	5	722	O-5	O	5	1
20	0	634	0	493	O-18	O	18	1
20	0	635	1	509	E-1	E	1	4
20	0	635	2	509	E-2	E	2	4
20	0	635	3	509	F-2	F	2	4
20	0	635	4	509	G-2	G	2	4
20	0	635	5	509	G-3	G	3	5
20	0	636	1	546	B-11	B	11	5
20	0	636	2	546	C-11	C	11	5
20	0	636	3	546	D-11	D	11	4
20	0	636	4	546	E-11	E	11	2
20	0	636	5	546	F-11	F	11	2
20	0	637	0	495	D-2	D	2	1
20	0	638	0	495	E-10	E	10	4
20	0	639	0	495	D-2	D	2	1
20	0	640	0	492	L-5	L	5	4
20	0	643	0	495	D-2	D	2	1
20	0	644	1	317	M-5	M	5	4
20	0	644	2	317	N-5	N	5	4
20	0	644	3	317	O-5	O	5	4
20	0	644	4	317	O-6	O	6	4
20	0	644	5	317	O-7	O	7	4
20	0	645	1	549	B-12	B	12	4
20	0	645	2	549	B-13	B	13	4
20	0	645	3	549	B-14	B	14	2
20	0	645	4	549	B-15	B	15	2
20	0	645	5	549	B-16	B	16	4
20	0	646	1	546	F-2	F	2	3
20	0	646	2	546	G-2	G	2	3
20	0	646	3	546	G-3	G	3	3
20	0	646	4	546	G-4	G	4	4
20	0	646	5	546	G-5	G	5	4
20	0	647	1	470	K-9	K	9	1
20	0	647	2	470	J-9	J	9	4
20	0	647	3	470	I-9	I	9	4
20	0	647	4	470	I-10	I	10	4
20	0	649	1	722	O-1	O	1	5
20	0	649	2	722	O-2	O	2	4
20	0	649	3	722	O-3	O	3	4
20	0	649	4	722	O-4	O	4	1
20	0	649	5	722	O-5	O	5	1
20	0	651	0	495	B-4	B	4	2
20	0	653	0	495	D-2	D	2	1
20	0	654	0	495	B-4	B	4	2
20	0	656	0	495	B-4	B	4	2
20	0	658	1	470	M-2	M	2	1
20	0	658	2	470	N-2	N	2	1
20	0	658	3	470	O-2	O	2	2
20	0	658	4	470	P-2	P	2	5
20	0	658	5	470	Q-2	Q	2	5
20	0	659	1	509	N-17	N	17	5
20	0	659	2	509	O-17	O	17	5
20	0	659	3	509	O-18	O	18	5
20	0	659	4	509	O-19	O	19	5
20	0	659	5	509	O-20	O	20	5
20	0	660	0	495	D-2	D	2	1
20	0	661	0	495	D-2	D	2	1
20	0	663	0	495	D-2	D	2	1
20	0	664	0	493	C-17	C	17	1
20	0	667	0	495	B-4	B	4	2
20	0	668	1	722	N-2	N	2	4
20	0	668	2	722	N-3	N	3	4
20	0	668	3	722	O-3	O	3	4
20	0	668	4	722	O-4	O	4	1
20	0	668	5	722	O-5	O	5	1
20	0	669	0	495	D-2	D	2	1
20	0	670	1	318	M-12	M	12	1
20	0	670	2	318	M-13	M	13	1
20	0	670	3	318	M-14	M	14	1
20	0	670	4	318	M-15	M	15	5
20	0	670	5	318	M-16	M	16	1
20	0	671	1	318	N-11	N	11	1
20	0	671	2	318	N-12	N	12	4
20	0	671	3	318	N-13	N	13	4
20	0	671	4	318	O-13	O	13	5
20	0	672	0	495	J-18	J	18	4
20	0	673	0	495	D-2	D	2	1
20	0	676	0	495	B-4	B	4	2
20	0	678	0	495	B-4	B	4	2
20	0	680	1	549	B-7	B	7	4
20	0	680	2	549	A-7	A	7	4
20	0	680	3	522	T-7	T	7	4
20	0	680	4	522	S-7	S	7	4
20	0	680	5	522	R-7	R	7	2
20	0	681	1	470	T-17	T	17	5
20	0	682	0	495	D-2	D	2	1
20	0	685	1	421	M-15	M	15	3
20	0	685	2	421	N-15	N	15	3
20	0	685	3	421	O-15	O	15	4
20	0	685	4	421	P-15	P	15	4
20	0	685	5	421	Q-15	Q	15	4
20	0	687	1	421	L-13	L	13	3
20	0	687	2	421	L-12	L	12	1
20	0	687	3	421	L-11	L	11	1
20	0	687	4	421	L-10	L	10	6
20	0	688	0	497	H-6	H	6	1
20	0	689	0	495	F-9	F	9	3
20	0	690	0	495	E-5	E	5	1
20	0	691	0	495	D-2	D	2	1
20	0	692	1	549	D-7	D	7	5
20	0	692	2	549	D-6	D	6	5
20	0	692	3	549	E-6	E	6	5
20	0	692	4	549	E-5	E	5	5
20	0	692	5	549	F-5	F	5	5
20	0	693	1	522	A-18	A	18	4
20	0	693	2	522	B-18	B	18	4
20	0	693	3	522	C-18	C	18	4
20	0	693	4	522	C-19	C	19	4
20	0	693	5	522	D-19	D	19	4
20	0	694	0	495	D-2	D	2	1
20	0	695	0	495	D-2	D	2	1
20	0	697	0	493	C-17	C	17	1
20	0	699	1	722	O-1	O	1	5
20	0	699	2	722	O-2	O	2	4
20	0	699	3	722	O-3	O	3	4
20	0	699	4	722	O-4	O	4	1
20	0	699	5	722	O-5	O	5	1
20	0	702	1	17	M-15	M	15	2
20	0	702	2	17	N-15	N	15	4
20	0	702	3	17	O-15	O	15	4
20	0	702	4	17	O-16	O	16	4
20	0	705	1	470	F-5	F	5	5
20	0	705	2	470	G-5	G	5	5
20	0	705	3	470	H-5	H	5	2
20	0	705	4	470	I-5	I	5	2
20	0	705	5	470	J-5	J	5	4
20	0	706	1	318	M-12	M	12	1
20	0	706	2	318	M-13	M	13	1
20	0	706	3	318	M-14	M	14	1
20	0	706	4	318	M-15	M	15	5
20	0	706	5	318	M-16	M	16	1
20	0	709	1	722	O-1	O	1	5
20	0	709	2	722	O-2	O	2	4
20	0	709	3	722	O-3	O	3	4
20	0	709	4	722	O-4	O	4	1
20	0	709	5	722	O-5	O	5	1
20	0	710	0	495	B-4	B	4	2
20	0	711	1	318	N-11	N	11	1
20	0	711	2	318	N-12	N	12	4
20	0	711	3	318	N-13	N	13	4
20	0	711	4	318	O-13	O	13	5
20	0	713	0	493	C-12	C	12	5
20	0	714	1	509	O-17	O	17	5
20	0	714	2	509	O-18	O	18	5
20	0	714	3	509	O-19	O	19	5
20	0	714	4	509	O-20	O	20	5
20	0	714	5	722	O-1	O	1	5
20	0	716	1	549	N-7	N	7	5
20	0	716	2	549	O-7	O	7	5
20	0	716	3	549	P-7	P	7	4
20	0	716	4	549	Q-7	Q	7	4
20	0	716	5	549	R-7	R	7	4
20	0	717	1	317	I-3	I	3	3
20	0	717	2	317	J-3	J	3	1
20	0	717	3	317	J-2	J	2	1
20	0	718	0	493	C-17	C	17	1
20	0	719	1	421	E-20	E	20	2
20	0	719	2	522	E-1	E	1	2
20	0	719	3	522	E-2	E	2	4
20	0	719	4	522	E-3	E	3	4
20	0	719	5	522	E-4	E	4	5
20	0	720	0	495	B-4	B	4	2
20	0	722	1	470	K-9	K	9	1
20	0	722	2	470	J-9	J	9	4
20	0	722	3	470	I-9	I	9	4
20	0	722	4	470	I-10	I	10	4
20	0	723	0	495	D-2	D	2	1
20	0	724	0	495	D-2	D	2	1
20	0	727	0	495	B-4	B	4	2
20	0	728	0	495	D-2	D	2	1
20	0	729	0	495	B-4	B	4	2
20	0	730	1	509	P-13	P	13	1
20	0	730	2	509	P-14	P	14	1
20	0	730	3	509	P-15	P	15	4
20	0	730	4	509	P-16	P	16	4
20	0	730	5	509	P-17	P	17	5
20	0	731	1	17	H-16	H	16	6
20	0	732	0	495	D-2	D	2	1
20	0	733	1	509	J-16	J	16	5
20	0	733	2	509	J-17	J	17	5
20	0	733	3	509	K-17	K	17	5
20	0	733	4	509	L-17	L	17	5
20	0	733	5	509	M-17	M	17	5
20	0	735	1	470	K-9	K	9	1
20	0	735	2	470	J-9	J	9	4
20	0	735	3	470	I-9	I	9	4
20	0	735	4	470	I-10	I	10	4
20	0	736	1	509	P-18	P	18	5
20	0	736	2	509	P-19	P	19	1
20	0	736	3	509	Q-19	Q	19	1
20	0	736	4	509	R-19	R	19	1
20	0	736	5	509	S-19	S	19	1
20	0	737	0	495	D-2	D	2	1
20	0	739	1	318	H-11	H	11	1
20	0	739	2	318	I-11	I	11	1
20	0	739	3	318	J-11	J	11	1
20	0	739	4	318	K-11	K	11	1
20	0	739	5	318	L-11	L	11	1
20	0	740	1	722	N-2	N	2	4
20	0	740	2	722	N-3	N	3	4
20	0	740	3	722	M-3	M	3	4
20	0	740	4	722	L-3	L	3	3
20	0	740	5	722	L-4	L	4	2
20	0	741	1	318	T-11	T	11	5
20	0	741	2	470	A-11	A	11	4
20	0	741	3	470	B-11	B	11	4
20	0	741	4	470	C-11	C	11	2
20	0	741	5	470	D-11	D	11	1
20	0	742	1	317	F-12	F	12	4
20	0	742	2	317	F-13	F	13	4
20	0	742	3	317	F-14	F	14	1
20	0	742	4	317	E-14	E	14	1
20	0	743	1	317	O-13	O	13	1
20	0	743	2	317	O-14	O	14	1
20	0	743	3	317	O-15	O	15	1
20	0	743	4	317	O-16	O	16	1
20	0	743	5	317	O-17	O	17	1
20	0	744	1	317	O-13	O	13	1
20	0	744	2	317	O-14	O	14	1
20	0	744	3	317	O-15	O	15	1
20	0	744	4	317	O-16	O	16	1
20	0	744	5	317	O-17	O	17	1
20	0	747	1	509	J-16	J	16	5
20	0	747	2	509	J-17	J	17	5
20	0	747	3	509	K-17	K	17	5
20	0	747	4	509	L-17	L	17	5
20	0	747	5	509	M-17	M	17	5
20	0	748	0	495	D-2	D	2	1
20	0	750	1	546	I-13	I	13	2
20	0	750	2	546	I-14	I	14	2
20	0	750	3	546	I-15	I	15	2
20	0	750	4	546	I-16	I	16	2
20	0	750	5	546	I-17	I	17	2
20	0	751	1	722	O-1	O	1	5
20	0	751	2	722	O-2	O	2	4
20	0	751	3	722	O-3	O	3	4
20	0	751	4	722	O-4	O	4	1
20	0	751	5	722	O-5	O	5	1
20	0	752	0	495	H-16	H	16	1
20	0	753	0	508	P-17	P	17	5
20	0	755	0	495	D-2	D	2	1
20	0	757	1	487	C-14	C	14	4
20	0	757	2	487	C-15	C	15	4
20	0	757	3	487	C-16	C	16	2
20	0	757	4	487	C-17	C	17	6
20	0	758	1	509	J-16	J	16	5
20	0	758	2	509	J-17	J	17	5
20	0	758	3	509	K-17	K	17	5
20	0	758	4	509	L-17	L	17	5
20	0	758	5	509	M-17	M	17	5
20	0	760	0	508	P-17	P	17	5
20	0	762	1	487	P-16	P	16	5
20	0	762	2	487	P-17	P	17	5
20	0	762	3	487	P-18	P	18	3
20	0	762	4	487	P-19	P	19	3
20	0	762	5	487	P-20	P	20	3
20	0	763	0	495	D-2	D	2	1
20	0	765	0	497	N-10	N	10	4
20	0	767	0	495	B-4	B	4	2
20	0	768	1	421	E-20	E	20	2
20	0	768	2	522	E-1	E	1	2
20	0	768	3	522	E-2	E	2	4
20	0	768	4	522	E-3	E	3	4
20	0	768	5	522	E-4	E	4	5
20	0	771	0	495	D-2	D	2	1
20	0	772	0	495	D-2	D	2	1
20	0	774	1	421	L-10	L	10	6
20	0	775	1	317	P-7	P	7	1
20	0	775	2	317	Q-7	Q	7	3
20	0	775	3	317	R-7	R	7	3
20	0	775	4	317	S-7	S	7	4
20	0	775	5	317	S-8	S	8	3
20	0	777	1	614	G-3	G	3	4
20	0	777	2	614	H-3	H	3	4
20	0	777	3	614	I-3	I	3	4
20	0	777	4	614	J-3	J	3	2
20	0	777	5	614	K-3	K	3	2
20	0	778	0	495	B-4	B	4	2
20	0	779	0	495	D-2	D	2	1
20	0	780	1	546	A-11	A	11	5
20	0	780	2	546	B-11	B	11	5
20	0	780	3	546	C-11	C	11	5
20	0	780	4	546	D-11	D	11	4
20	0	780	5	546	E-11	E	11	2
20	0	781	1	509	G-9	G	9	3
20	0	781	2	509	G-10	G	10	4
20	0	781	3	509	G-11	G	11	4
20	0	781	4	509	G-12	G	12	4
20	0	781	5	509	H-12	H	12	6
20	0	782	1	421	L-10	L	10	6
20	0	783	0	495	D-2	D	2	1
20	0	784	1	509	P-13	P	13	1
20	0	784	2	509	P-14	P	14	1
20	0	784	3	509	P-15	P	15	4
20	0	784	4	509	P-16	P	16	4
20	0	784	5	509	P-17	P	17	5
20	0	788	0	495	B-4	B	4	2
20	0	789	1	421	L-11	L	11	1
20	0	789	2	421	L-12	L	12	1
20	0	789	3	421	L-13	L	13	3
20	0	789	4	421	L-14	L	14	3
20	0	789	5	421	L-15	L	15	3
20	0	793	1	487	C-9	C	9	5
20	0	793	2	487	C-8	C	8	4
20	0	793	3	487	C-7	C	7	4
20	0	793	4	487	D-7	D	7	4
20	0	794	1	509	O-17	O	17	5
20	0	794	2	509	O-18	O	18	5
20	0	794	3	509	O-19	O	19	5
20	0	794	4	509	O-20	O	20	5
20	0	794	5	722	O-1	O	1	5
20	0	795	0	495	D-2	D	2	1
20	0	796	0	508	P-17	P	17	5
20	0	797	0	495	B-4	B	4	2
20	0	798	1	487	O-3	O	3	5
20	0	798	2	487	N-3	N	3	4
20	0	798	3	487	M-3	M	3	1
20	0	798	4	487	L-3	L	3	6
20	0	798	5	487	M-3	M	3	1
20	0	799	1	509	O-17	O	17	5
20	0	799	2	509	O-18	O	18	5
20	0	799	3	509	O-19	O	19	5
20	0	799	4	509	O-20	O	20	5
20	0	799	5	722	O-1	O	1	5
20	0	801	1	614	G-3	G	3	4
20	0	801	2	614	H-3	H	3	4
20	0	801	3	614	I-3	I	3	4
20	0	801	4	614	J-3	J	3	2
20	0	801	5	614	K-3	K	3	2
20	0	804	1	470	P-9	P	9	4
20	0	804	2	470	P-10	P	10	4
20	0	804	3	470	P-11	P	11	4
20	0	804	4	470	P-12	P	12	4
20	0	804	5	470	Q-12	Q	12	5
20	0	805	1	487	P-16	P	16	5
20	0	805	2	487	P-15	P	15	6
20	0	806	0	495	B-4	B	4	2
20	0	807	0	495	B-4	B	4	2
20	0	808	0	495	D-2	D	2	1
20	0	809	0	492	L-2	L	2	4
20	0	810	1	421	L-10	L	10	6
20	0	812	1	546	A-2	A	2	5
20	0	812	2	546	B-2	B	2	5
20	0	812	3	546	C-2	C	2	5
20	0	812	4	546	D-2	D	2	3
20	0	812	5	546	E-2	E	2	3
20	0	813	0	495	D-2	D	2	1
20	0	814	0	495	D-2	D	2	1
20	0	816	1	549	N-7	N	7	5
20	0	816	2	549	O-7	O	7	5
20	0	816	3	549	P-7	P	7	4
20	0	816	4	549	Q-7	Q	7	4
20	0	816	5	549	R-7	R	7	4
20	0	819	0	495	B-4	B	4	2
20	0	821	1	614	G-3	G	3	4
20	0	821	2	614	H-3	H	3	4
20	0	821	3	614	I-3	I	3	4
20	0	821	4	614	J-3	J	3	2
20	0	821	5	614	K-3	K	3	2
20	0	823	0	495	B-4	B	4	2
20	0	830	1	509	H-12	H	12	6
20	0	831	0	495	D-2	D	2	1
20	0	833	1	546	A-11	A	11	5
20	0	833	2	546	B-11	B	11	5
20	0	833	3	546	C-11	C	11	5
20	0	833	4	546	D-11	D	11	4
20	0	833	5	546	E-11	E	11	2
20	0	834	1	509	N-17	N	17	5
20	0	834	2	509	N-18	N	18	1
20	0	834	3	509	N-19	N	19	5
20	0	834	4	509	N-20	N	20	5
20	0	834	5	722	N-1	N	1	5
20	0	837	1	522	S-9	S	9	5
20	0	837	2	522	R-9	R	9	5
20	0	837	3	522	Q-9	Q	9	5
20	0	837	4	522	P-9	P	9	1
20	0	837	5	522	O-9	O	9	3
20	0	838	1	522	S-9	S	9	5
20	0	838	2	522	R-9	R	9	5
20	0	838	3	522	Q-9	Q	9	5
20	0	838	4	522	P-9	P	9	1
20	0	838	5	522	O-9	O	9	3
20	0	839	0	495	D-2	D	2	1
20	0	840	0	495	D-2	D	2	1
20	0	841	0	495	D-2	D	2	1
20	0	843	0	495	B-4	B	4	2
20	0	844	0	495	E-9	E	9	2
20	0	847	1	318	M-12	M	12	1
20	0	847	2	318	M-13	M	13	1
20	0	847	3	318	M-14	M	14	1
20	0	847	4	318	M-15	M	15	5
20	0	851	0	492	C-9	C	9	5
20	0	852	0	492	H-4	H	4	1
20	0	853	1	487	T-6	T	6	4
20	0	853	2	614	A-6	A	6	4
20	0	853	3	614	A-7	A	7	4
20	0	853	4	614	B-7	B	7	4
20	0	853	5	614	C-7	C	7	1
20	0	854	1	522	E-10	E	10	3
20	0	854	2	522	E-11	E	11	3
20	0	854	3	522	E-12	E	12	3
20	0	854	4	522	E-13	E	13	3
20	0	854	5	522	F-13	F	13	3
20	0	855	0	495	B-4	B	4	2
20	0	856	0	495	B-4	B	4	2
20	0	857	0	495	D-2	D	2	1
20	0	858	1	421	L-10	L	10	6
20	0	861	0	495	B-4	B	4	2
20	0	862	0	495	D-2	D	2	1
20	0	865	0	495	D-2	D	2	1
20	0	868	1	487	K-5	K	5	4
20	0	868	2	487	L-5	L	5	4
20	0	868	3	487	L-4	L	4	2
20	0	868	4	487	L-3	L	3	6
20	0	868	5	487	M-3	M	3	1
20	0	869	1	549	B-17	B	17	5
20	0	869	2	549	B-18	B	18	5
20	0	869	3	549	B-19	B	19	5
20	0	869	4	549	B-20	B	20	5
20	0	869	5	764	B-1	B	1	4
20	0	870	1	614	B-4	B	4	1
20	0	870	2	614	C-4	C	4	2
20	0	870	3	614	D-4	D	4	2
20	0	870	4	614	D-5	D	5	1
20	0	870	5	614	D-6	D	6	1
20	0	871	1	317	O-6	O	6	4
20	0	871	2	317	O-7	O	7	4
20	0	871	3	317	P-7	P	7	1
20	0	871	4	317	Q-7	Q	7	3
20	0	871	5	317	R-7	R	7	3
20	0	875	1	549	B-12	B	12	4
20	0	875	2	549	B-13	B	13	4
20	0	875	3	549	B-14	B	14	2
20	0	875	4	549	B-15	B	15	2
20	0	875	5	549	B-16	B	16	4
20	0	876	0	498	I-17	I	17	1
20	0	877	0	495	D-2	D	2	1
20	0	879	1	487	M-18	M	18	5
20	0	879	2	487	M-17	M	17	4
20	0	879	3	487	N-17	N	17	5
20	0	879	4	487	N-16	N	16	4
20	0	879	5	487	O-16	O	16	5
20	0	880	0	495	D-2	D	2	1
20	0	881	1	509	G-9	G	9	3
20	0	881	2	509	G-10	G	10	4
20	0	881	3	509	G-11	G	11	4
20	0	881	4	509	G-12	G	12	4
20	0	881	5	509	H-12	H	12	6
20	0	883	0	495	D-2	D	2	1
20	0	884	0	495	B-4	B	4	2
20	0	885	1	421	Q-14	Q	14	4
20	0	885	2	421	Q-13	Q	13	1
20	0	885	3	421	R-13	R	13	1
20	0	885	4	421	S-13	S	13	5
20	0	885	5	421	T-13	T	13	5
20	0	886	1	509	I-12	I	12	3
20	0	886	2	509	J-12	J	12	3
20	0	886	3	509	J-13	J	13	3
20	0	886	4	509	J-14	J	14	5
20	0	886	5	509	J-15	J	15	5
20	0	888	1	509	N-17	N	17	5
20	0	888	2	509	O-17	O	17	5
20	0	888	3	509	O-18	O	18	5
20	0	888	4	509	O-19	O	19	5
20	0	888	5	509	O-20	O	20	5
20	0	889	1	487	Q-15	Q	15	4
20	0	889	2	487	R-15	R	15	4
20	0	889	3	487	S-15	S	15	2
20	0	889	4	487	T-15	T	15	2
20	0	889	5	614	A-15	A	15	2
20	0	890	1	317	G-11	G	11	1
20	0	890	2	317	H-11	H	11	1
20	0	890	3	317	I-11	I	11	1
20	0	890	4	317	J-11	J	11	1
20	0	890	5	317	K-11	K	11	4
20	0	891	1	318	H-11	H	11	1
20	0	891	2	318	I-11	I	11	1
20	0	891	3	318	J-11	J	11	1
20	0	891	4	318	K-11	K	11	1
20	0	891	5	318	L-11	L	11	1
20	0	892	1	722	O-1	O	1	5
20	0	892	2	722	O-2	O	2	4
20	0	892	3	722	O-3	O	3	4
20	0	892	4	722	O-4	O	4	1
20	0	892	5	722	O-5	O	5	1
20	0	893	1	549	O-6	O	6	5
20	0	893	2	549	P-6	P	6	5
20	0	893	3	549	Q-6	Q	6	5
20	0	893	4	549	Q-7	Q	7	4
20	0	893	5	549	Q-8	Q	8	4
20	0	895	1	722	O-1	O	1	5
20	0	895	2	722	O-2	O	2	4
20	0	895	3	722	O-3	O	3	4
20	0	895	4	722	O-4	O	4	1
20	0	895	5	722	O-5	O	5	1
20	0	896	1	722	N-2	N	2	4
20	0	896	2	722	N-3	N	3	4
20	0	896	3	722	O-3	O	3	4
20	0	896	4	722	O-4	O	4	1
20	0	896	5	722	O-5	O	5	1
20	0	897	1	722	N-2	N	2	4
20	0	897	2	722	N-3	N	3	4
20	0	897	3	722	O-3	O	3	4
20	0	897	4	722	O-4	O	4	1
20	0	897	5	722	O-5	O	5	1
20	0	898	1	509	J-16	J	16	5
20	0	898	2	509	J-17	J	17	5
20	0	898	3	509	K-17	K	17	5
20	0	898	4	509	L-17	L	17	5
20	0	898	5	509	M-17	M	17	5
20	0	899	1	722	N-2	N	2	4
20	0	899	2	722	N-3	N	3	4
20	0	899	3	722	O-3	O	3	4
20	0	899	4	722	O-4	O	4	1
20	0	899	5	722	O-5	O	5	1
20	0	900	1	722	N-2	N	2	4
20	0	900	2	722	N-3	N	3	4
20	0	900	3	722	O-3	O	3	4
20	0	900	4	722	O-4	O	4	1
20	0	900	5	722	O-5	O	5	1
20	0	901	1	421	L-13	L	13	3
20	0	901	2	421	L-12	L	12	1
20	0	901	3	421	L-11	L	11	1
20	0	901	4	421	L-10	L	10	6
20	0	903	1	487	J-18	J	18	1
20	0	903	2	487	K-18	K	18	5
20	0	903	3	487	L-18	L	18	5
20	0	903	4	487	M-18	M	18	5
20	0	903	5	487	N-18	N	18	5
20	0	904	1	487	J-18	J	18	1
20	0	904	2	487	K-18	K	18	5
20	0	904	3	487	L-18	L	18	5
20	0	904	4	487	M-18	M	18	5
20	0	904	5	487	N-18	N	18	5
20	0	905	1	421	L-13	L	13	3
20	0	905	2	421	L-12	L	12	1
20	0	905	3	421	L-11	L	11	1
20	0	905	4	421	L-10	L	10	6
20	0	906	0	495	D-2	D	2	1
20	0	908	0	495	D-2	D	2	1
20	0	909	0	495	D-2	D	2	1
20	0	910	0	495	B-4	B	4	2
20	0	911	1	722	O-1	O	1	5
20	0	911	2	722	O-2	O	2	4
20	0	911	3	722	O-3	O	3	4
20	0	911	4	722	O-4	O	4	1
20	0	911	5	722	O-5	O	5	1
20	0	912	1	487	O-15	O	15	4
20	0	912	2	487	P-15	P	15	6
20	0	912	3	487	P-16	P	16	5
20	0	912	4	487	P-17	P	17	5
20	0	912	5	487	O-17	O	17	5
20	0	913	0	495	T-4	T	4	3
20	0	914	0	492	H-4	H	4	1
20	0	915	0	495	B-4	B	4	2
20	0	916	0	495	J-14	J	14	1
20	0	917	1	318	N-6	N	6	1
20	0	917	2	318	O-6	O	6	2
20	0	917	3	318	O-5	O	5	4
20	0	917	4	318	O-4	O	4	4
20	0	917	5	318	O-3	O	3	4
20	0	919	0	495	D-2	D	2	1
20	0	920	0	495	B-4	B	4	2
20	0	923	1	421	L-10	L	10	6
20	0	924	1	722	N-2	N	2	4
20	0	924	2	722	N-3	N	3	4
20	0	924	3	722	O-3	O	3	4
20	0	924	4	722	O-4	O	4	1
20	0	924	5	722	O-5	O	5	1
20	0	927	0	495	B-4	B	4	2
20	0	928	0	495	P-20	P	20	5
20	0	929	0	495	B-4	B	4	2
20	0	931	0	495	D-2	D	2	1
20	0	932	1	546	C-2	C	2	5
20	0	932	2	546	D-2	D	2	3
20	0	932	3	546	E-2	E	2	3
20	0	932	4	546	F-2	F	2	3
20	0	932	5	546	G-2	G	2	3
20	0	933	0	495	D-2	D	2	1
20	0	935	1	487	O-3	O	3	5
20	0	935	2	487	N-3	N	3	4
20	0	935	3	487	M-3	M	3	1
20	0	935	4	487	L-3	L	3	6
20	0	935	5	487	L-4	L	4	2
20	0	936	0	495	B-4	B	4	2
20	0	938	0	495	B-4	B	4	2
20	0	942	1	614	D-5	D	5	1
20	0	942	2	614	D-6	D	6	1
20	0	942	3	614	D-7	D	7	3
20	0	942	4	614	D-8	D	8	3
20	0	942	5	614	E-8	E	8	3
20	0	945	1	487	O-15	O	15	4
20	0	945	2	487	P-15	P	15	6
20	0	945	3	487	P-16	P	16	5
20	0	945	4	487	P-17	P	17	5
20	0	945	5	487	O-17	O	17	5
20	0	947	1	318	M-5	M	5	1
20	0	947	2	318	L-5	L	5	1
20	0	947	3	318	K-5	K	5	2
20	0	947	4	318	K-4	K	4	2
20	0	947	5	318	K-3	K	3	4
20	0	948	1	421	I-10	I	10	5
20	0	948	2	421	I-11	I	11	3
20	0	948	3	421	I-12	I	12	3
20	0	948	4	421	I-13	I	13	5
20	0	948	5	421	H-13	H	13	5
20	0	949	1	614	D-8	D	8	3
20	0	949	2	614	D-9	D	9	1
20	0	949	3	614	D-10	D	10	1
20	0	949	4	614	D-11	D	11	1
20	0	949	5	614	D-12	D	12	1
20	0	950	1	487	O-15	O	15	4
20	0	950	2	487	P-15	P	15	6
20	0	950	3	487	P-16	P	16	5
20	0	950	4	487	P-17	P	17	5
20	0	950	5	487	O-17	O	17	5
20	0	951	1	317	G-11	G	11	1
20	0	951	2	317	H-11	H	11	1
20	0	951	3	317	I-11	I	11	1
20	0	951	4	317	J-11	J	11	1
20	0	951	5	317	K-11	K	11	4
20	0	954	1	722	N-2	N	2	4
20	0	954	2	722	N-3	N	3	4
20	0	954	3	722	O-3	O	3	4
20	0	954	4	722	O-4	O	4	1
20	0	954	5	722	O-5	O	5	1
20	0	955	1	509	P-18	P	18	5
20	0	955	2	509	O-18	O	18	5
20	0	955	3	509	O-19	O	19	5
20	0	955	4	509	O-20	O	20	5
20	0	955	5	722	O-1	O	1	5
20	0	957	0	495	H-16	H	16	1
20	0	958	0	495	B-4	B	4	2
20	0	961	0	495	D-2	D	2	1
20	0	963	1	318	L-15	L	15	1
20	0	963	2	318	L-14	L	14	4
20	0	963	3	318	L-13	L	13	4
20	0	963	4	318	M-13	M	13	1
20	0	963	5	318	M-12	M	12	1
20	0	965	0	492	D-2	D	2	4
20	0	967	0	495	D-2	D	2	1
20	0	968	0	495	B-4	B	4	2
20	0	969	1	546	C-2	C	2	5
20	0	969	2	546	D-2	D	2	3
20	0	969	3	546	E-2	E	2	3
20	0	969	4	546	F-2	F	2	3
20	0	969	5	546	G-2	G	2	3
20	0	970	1	487	P-16	P	16	5
20	0	970	2	487	P-17	P	17	5
20	0	970	3	487	P-18	P	18	3
20	0	970	4	487	P-19	P	19	3
20	0	970	5	487	P-20	P	20	3
20	0	971	1	487	P-16	P	16	5
20	0	971	2	487	P-17	P	17	5
20	0	971	3	487	P-18	P	18	3
20	0	971	4	487	P-19	P	19	3
20	0	971	5	487	P-20	P	20	3
20	0	973	1	487	P-16	P	16	5
20	0	973	2	487	P-17	P	17	5
20	0	973	3	487	P-18	P	18	3
20	0	973	4	487	P-19	P	19	3
20	0	973	5	487	P-20	P	20	3
20	0	974	1	722	O-1	O	1	5
20	0	974	2	722	O-2	O	2	4
20	0	974	3	722	O-3	O	3	4
20	0	974	4	722	O-4	O	4	1
20	0	974	5	722	O-5	O	5	1
20	0	975	1	722	O-1	O	1	5
20	0	975	2	722	O-2	O	2	4
20	0	975	3	722	O-3	O	3	4
20	0	975	4	722	O-4	O	4	1
20	0	975	5	722	O-5	O	5	1
20	0	976	1	722	O-1	O	1	5
20	0	976	2	722	O-2	O	2	4
20	0	976	3	722	O-3	O	3	4
20	0	976	4	722	O-4	O	4	1
20	0	976	5	722	O-5	O	5	1
20	0	977	1	722	N-2	N	2	4
20	0	977	2	722	N-3	N	3	4
20	0	977	3	722	O-3	O	3	4
20	0	977	4	722	O-4	O	4	1
20	0	977	5	722	O-5	O	5	1
20	0	978	0	495	D-2	D	2	1
20	0	980	0	495	J-5	J	5	1
20	0	981	0	497	F-16	F	16	5
20	0	982	1	421	L-13	L	13	3
20	0	982	2	421	L-12	L	12	1
20	0	982	3	421	L-11	L	11	1
20	0	982	4	421	L-10	L	10	6
20	0	983	1	318	M-12	M	12	1
20	0	983	2	318	M-13	M	13	1
20	0	983	3	318	M-14	M	14	1
20	0	983	4	318	M-15	M	15	5
20	0	984	0	495	B-4	B	4	2
20	0	985	0	495	D-2	D	2	1
20	0	987	1	509	P-13	P	13	1
20	0	987	2	509	P-14	P	14	1
20	0	987	3	509	P-15	P	15	4
20	0	987	4	509	P-16	P	16	4
20	0	987	5	509	P-17	P	17	5
20	0	988	1	722	O-1	O	1	5
20	0	988	2	722	O-2	O	2	4
20	0	988	3	722	O-3	O	3	4
20	0	988	4	722	O-4	O	4	1
20	0	988	5	722	O-5	O	5	1
20	0	989	1	487	M-18	M	18	5
20	0	989	2	487	M-17	M	17	4
20	0	989	3	487	N-17	N	17	5
20	0	989	4	487	N-16	N	16	4
20	0	989	5	487	O-16	O	16	5
20	0	990	0	495	B-4	B	4	2
20	0	992	1	318	M-12	M	12	1
20	0	992	2	318	M-13	M	13	1
20	0	992	3	318	M-14	M	14	1
20	0	992	4	318	M-15	M	15	5
20	0	992	5	318	M-16	M	16	1
20	0	995	1	318	M-17	M	17	1
20	0	995	2	318	M-18	M	18	1
20	0	995	3	318	M-19	M	19	1
20	0	995	4	318	M-20	M	20	1
20	0	995	5	421	M-1	M	1	1
20	0	997	1	318	M-17	M	17	1
20	0	997	2	318	M-18	M	18	1
20	0	997	3	318	M-19	M	19	1
20	0	997	4	318	M-20	M	20	1
20	0	997	5	421	M-1	M	1	1
20	0	998	0	495	D-2	D	2	1
20	0	999	1	614	I-7	I	7	3
20	0	999	2	614	I-8	I	8	3
20	0	999	3	614	J-8	J	8	3
20	0	999	4	614	K-8	K	8	4
20	0	999	5	614	L-8	L	8	4
20	0	1000	1	722	O-1	O	1	5
20	0	1000	2	722	O-2	O	2	4
20	0	1000	3	722	O-3	O	3	4
20	0	1000	4	722	O-4	O	4	1
20	0	1000	5	722	O-5	O	5	1
20	0	1007	1	487	J-18	J	18	1
20	0	1007	2	487	K-18	K	18	5
20	0	1007	3	487	L-18	L	18	5
20	0	1007	4	487	M-18	M	18	5
20	0	1007	5	487	N-18	N	18	5
20	0	1008	0	495	D-2	D	2	1
20	0	1011	1	546	F-2	F	2	3
20	0	1011	2	546	G-2	G	2	3
20	0	1011	3	546	G-3	G	3	3
20	0	1011	4	546	G-4	G	4	4
20	0	1011	5	546	G-5	G	5	4
20	0	1012	1	614	B-4	B	4	1
20	0	1012	2	614	C-4	C	4	2
20	0	1012	3	614	D-4	D	4	2
20	0	1012	4	614	D-5	D	5	1
20	0	1012	5	614	D-6	D	6	1
20	0	1013	1	509	P-13	P	13	1
20	0	1013	2	509	P-14	P	14	1
20	0	1013	3	509	P-15	P	15	4
20	0	1013	4	509	P-16	P	16	4
20	0	1013	5	509	P-17	P	17	5
20	0	1016	0	495	D-2	D	2	1
20	0	1019	1	487	C-13	C	13	5
20	0	1019	2	487	B-13	B	13	5
20	0	1019	3	487	A-13	A	13	5
20	0	1019	4	421	T-13	T	13	5
20	0	1019	5	421	S-13	S	13	5
20	0	1021	1	509	D-15	D	15	2
20	0	1021	2	509	D-16	D	16	2
20	0	1021	3	509	D-17	D	17	4
20	0	1021	4	509	D-18	D	18	4
20	0	1021	5	509	D-19	D	19	5
20	0	1022	1	614	I-7	I	7	3
20	0	1022	2	614	J-7	J	7	3
20	0	1022	3	614	K-7	K	7	2
20	0	1022	4	614	L-7	L	7	2
20	0	1022	5	614	M-7	M	7	2
20	0	1023	0	498	F-5	F	5	5
20	0	1026	0	495	D-2	D	2	1
20	0	1027	0	495	B-4	B	4	2
20	0	1028	0	495	D-2	D	2	1
20	0	1030	0	495	B-4	B	4	2
20	0	1032	0	495	D-2	D	2	1
20	0	1033	1	487	T-6	T	6	4
20	0	1033	2	614	A-6	A	6	4
20	0	1033	3	614	A-7	A	7	4
20	0	1033	4	614	B-7	B	7	4
20	0	1033	5	614	C-7	C	7	1
20	0	1034	1	614	D-8	D	8	3
20	0	1034	2	614	D-9	D	9	1
20	0	1034	3	614	D-10	D	10	1
20	0	1034	4	614	D-11	D	11	1
20	0	1034	5	614	D-12	D	12	1
20	0	1036	0	495	D-2	D	2	1
20	0	1037	1	546	I-13	I	13	2
20	0	1037	2	546	I-14	I	14	2
20	0	1037	3	546	I-15	I	15	2
20	0	1037	4	546	I-16	I	16	2
20	0	1037	5	546	I-17	I	17	2
20	0	1039	1	17	I-16	I	16	1
20	0	1039	2	17	J-16	J	16	4
20	0	1039	3	17	J-17	J	17	4
20	0	1039	4	17	J-18	J	18	4
20	0	1039	5	17	J-17	J	17	4
20	0	1040	0	495	D-2	D	2	1
20	0	1041	0	495	D-2	D	2	1
20	0	1043	1	522	E-10	E	10	3
20	0	1043	2	522	E-11	E	11	3
20	0	1043	3	522	E-12	E	12	3
20	0	1043	4	522	E-13	E	13	3
20	0	1043	5	522	F-13	F	13	3
20	0	1044	1	509	I-12	I	12	3
20	0	1044	2	509	J-12	J	12	3
20	0	1044	3	509	J-13	J	13	3
20	0	1044	4	509	J-14	J	14	5
20	0	1044	5	509	J-15	J	15	5
20	0	1046	1	614	I-7	I	7	3
20	0	1046	2	614	J-7	J	7	3
20	0	1046	3	614	J-8	J	8	3
20	0	1046	4	614	K-8	K	8	4
20	0	1046	5	614	L-8	L	8	4
20	0	1047	1	614	G-7	G	7	5
20	0	1047	2	614	H-7	H	7	5
20	0	1047	3	614	I-7	I	7	3
20	0	1047	4	614	J-7	J	7	3
20	0	1047	5	614	K-7	K	7	2
20	0	1049	0	495	D-2	D	2	1
20	0	1050	0	495	D-2	D	2	1
20	0	1051	0	495	D-2	D	2	1
20	0	1052	0	495	D-2	D	2	1
20	0	1053	0	495	D-2	D	2	1
20	0	1054	1	17	F-9	F	9	3
20	0	1054	2	17	E-9	E	9	2
20	0	1054	3	17	E-8	E	8	1
20	0	1055	0	495	D-2	D	2	1
20	0	1057	0	495	D-2	D	2	1
20	0	1058	0	495	D-2	D	2	1
20	0	1059	0	495	D-2	D	2	1
20	0	1060	0	545	A-11	A	11	5
20	0	1061	0	492	K-5	K	5	2
20	0	1065	1	487	C-9	C	9	5
20	0	1065	2	487	C-8	C	8	4
20	0	1065	3	487	C-7	C	7	4
20	0	1065	4	487	D-7	D	7	4
20	0	1067	1	487	C-16	C	16	2
20	0	1067	2	487	C-17	C	17	6
20	0	1067	3	487	C-18	C	18	1
20	0	1067	4	487	C-19	C	19	2
20	0	1071	0	495	B-4	B	4	2
20	0	1072	0	495	E-13	E	13	2
20	0	1073	0	495	G-6	G	6	2
20	0	1074	1	17	H-16	H	16	6
20	0	1075	1	487	Q-15	Q	15	4
20	0	1075	2	487	R-15	R	15	4
20	0	1075	3	487	S-15	S	15	2
20	0	1075	4	487	T-15	T	15	2
20	0	1075	5	614	A-15	A	15	2
20	0	1077	1	487	O-3	O	3	5
20	0	1077	2	487	N-3	N	3	4
20	0	1077	3	487	M-3	M	3	1
20	0	1077	4	487	L-3	L	3	6
20	0	1077	5	487	M-3	M	3	1
20	0	1080	0	495	D-2	D	2	1
20	0	1084	1	722	N-2	N	2	4
20	0	1084	2	722	N-3	N	3	4
20	0	1084	3	722	O-3	O	3	4
20	0	1084	4	722	O-4	O	4	1
20	0	1084	5	722	O-5	O	5	1
20	0	1088	1	487	O-3	O	3	5
20	0	1088	2	487	N-3	N	3	4
20	0	1088	3	487	M-3	M	3	1
20	0	1088	4	487	L-3	L	3	6
20	0	1088	5	487	L-4	L	4	2
20	0	1089	0	495	F-15	F	15	1
20	0	1094	1	722	O-1	O	1	5
20	0	1094	2	722	O-2	O	2	4
20	0	1094	3	722	O-3	O	3	4
20	0	1094	4	722	O-4	O	4	1
20	0	1094	5	722	O-5	O	5	1
20	0	1095	1	722	O-1	O	1	5
20	0	1095	2	722	O-2	O	2	4
20	0	1095	3	722	O-3	O	3	4
20	0	1095	4	722	O-4	O	4	1
20	0	1095	5	722	O-5	O	5	1
20	0	1097	1	614	I-7	I	7	3
20	0	1097	2	614	J-7	J	7	3
20	0	1097	3	614	J-8	J	8	3
20	0	1097	4	614	K-8	K	8	4
20	0	1097	5	614	L-8	L	8	4
20	0	1099	1	722	O-1	O	1	5
20	0	1099	2	722	O-2	O	2	4
20	0	1099	3	722	O-3	O	3	4
20	0	1099	4	722	O-4	O	4	1
20	0	1099	5	722	O-5	O	5	1
20	0	1100	1	722	O-1	O	1	5
20	0	1100	2	722	O-2	O	2	4
20	0	1100	3	722	O-3	O	3	4
20	0	1100	4	722	O-4	O	4	1
20	0	1100	5	722	O-5	O	5	1
20	0	1101	1	722	O-1	O	1	5
20	0	1101	2	722	O-2	O	2	4
20	0	1101	3	722	O-3	O	3	4
20	0	1101	4	722	O-4	O	4	1
20	0	1101	5	722	O-5	O	5	1
20	0	1102	1	509	E-1	E	1	4
20	0	1102	2	509	E-2	E	2	4
20	0	1102	3	509	F-2	F	2	4
20	0	1102	4	509	G-2	G	2	4
20	0	1102	5	509	G-3	G	3	5
20	0	1103	1	487	C-9	C	9	5
20	0	1103	2	487	C-8	C	8	4
20	0	1103	3	487	C-7	C	7	4
20	0	1103	4	487	D-7	D	7	4
20	0	1104	1	470	M-2	M	2	1
20	0	1104	2	470	N-2	N	2	1
20	0	1104	3	470	O-2	O	2	2
20	0	1104	4	470	P-2	P	2	5
20	0	1104	5	470	Q-2	Q	2	5
20	0	1107	0	508	P-12	P	12	5
20	0	1110	0	492	H-4	H	4	1
20	0	1111	1	722	N-2	N	2	4
20	0	1111	2	722	N-3	N	3	4
20	0	1111	3	722	O-3	O	3	4
20	0	1111	4	722	O-4	O	4	1
20	0	1111	5	722	O-5	O	5	1
20	0	1112	1	549	O-6	O	6	5
20	0	1112	2	549	O-7	O	7	5
20	0	1112	3	549	P-7	P	7	4
20	0	1112	4	549	Q-7	Q	7	4
20	0	1112	5	549	R-7	R	7	4
20	0	1113	1	522	L-3	L	3	3
20	0	1113	2	522	L-4	L	4	3
20	0	1113	3	522	L-5	L	5	3
20	0	1113	4	522	M-5	M	5	3
20	0	1113	5	522	M-6	M	6	3
20	0	1115	1	722	O-1	O	1	5
20	0	1115	2	722	O-2	O	2	4
20	0	1115	3	722	O-3	O	3	4
20	0	1115	4	722	O-4	O	4	1
20	0	1115	5	722	O-5	O	5	1
20	0	1121	0	495	B-4	B	4	2
20	0	1123	0	495	D-2	D	2	1
20	0	1124	1	722	O-1	O	1	5
20	0	1124	2	722	O-2	O	2	4
20	0	1124	3	722	O-3	O	3	4
20	0	1124	4	722	O-4	O	4	1
20	0	1124	5	722	O-5	O	5	1
20	0	1127	0	492	S-13	S	13	1
20	0	1128	0	495	H-16	H	16	1
20	0	1129	1	509	D-15	D	15	2
20	0	1129	2	509	D-16	D	16	2
20	0	1129	3	509	D-17	D	17	4
20	0	1129	4	509	D-18	D	18	4
20	0	1129	5	509	D-19	D	19	5
20	0	1132	0	495	B-4	B	4	2
20	0	1134	0	492	S-13	S	13	1
20	0	1135	0	495	B-4	B	4	2
20	0	1137	1	470	M-2	M	2	1
20	0	1137	2	470	N-2	N	2	1
20	0	1137	3	470	O-2	O	2	2
20	0	1137	4	470	P-2	P	2	5
20	0	1137	5	470	Q-2	Q	2	5
20	0	1139	0	495	B-4	B	4	2
20	0	1142	1	509	E-1	E	1	4
20	0	1142	2	509	E-2	E	2	4
20	0	1142	3	509	F-2	F	2	4
20	0	1142	4	509	G-2	G	2	4
20	0	1142	5	509	G-3	G	3	5
20	0	1143	1	509	E-1	E	1	4
20	0	1143	2	509	E-2	E	2	4
20	0	1143	3	509	F-2	F	2	4
20	0	1143	4	509	G-2	G	2	4
20	0	1143	5	509	G-3	G	3	5
20	0	1144	0	495	D-2	D	2	1
20	0	1145	1	509	E-1	E	1	4
20	0	1145	2	509	E-2	E	2	4
20	0	1145	3	509	F-2	F	2	4
20	0	1145	4	509	G-2	G	2	4
20	0	1145	5	509	G-3	G	3	5
20	0	1147	0	495	B-4	B	4	2
20	0	1148	1	546	A-2	A	2	5
20	0	1148	2	546	B-2	B	2	5
20	0	1148	3	546	C-2	C	2	5
20	0	1148	4	546	D-2	D	2	3
20	0	1148	5	546	E-2	E	2	3
20	0	1150	0	496	P-7	P	7	3
20	0	1152	0	495	B-4	B	4	2
20	0	1153	1	487	O-3	O	3	5
20	0	1153	2	487	N-3	N	3	4
20	0	1153	3	487	M-3	M	3	1
20	0	1153	4	487	L-3	L	3	6
20	0	1153	5	487	M-3	M	3	1
20	0	1154	0	495	D-2	D	2	1
20	0	1155	1	546	A-2	A	2	5
20	0	1155	2	546	B-2	B	2	5
20	0	1155	3	546	C-2	C	2	5
20	0	1155	4	546	D-2	D	2	3
20	0	1155	5	546	E-2	E	2	3
20	0	1157	0	495	B-4	B	4	2
20	0	1158	0	495	D-2	D	2	1
20	0	1159	1	487	T-6	T	6	4
20	0	1159	2	614	A-6	A	6	4
20	0	1159	3	614	A-7	A	7	4
20	0	1159	4	614	B-7	B	7	4
20	0	1159	5	614	C-7	C	7	1
20	0	1160	1	487	C-15	C	15	4
20	0	1160	2	487	C-16	C	16	2
20	0	1160	3	487	C-17	C	17	6
20	0	1160	4	487	B-17	B	17	2
20	0	1160	5	487	A-17	A	17	5
20	0	1161	1	318	Q-13	Q	13	4
20	0	1161	2	318	R-13	R	13	3
20	0	1163	1	421	R-3	R	3	4
20	0	1163	2	421	S-3	S	3	2
20	0	1163	3	421	T-3	T	3	2
20	0	1163	4	487	A-3	A	3	2
20	0	1163	5	487	B-3	B	3	2
20	0	1164	1	546	I-13	I	13	2
20	0	1164	2	546	I-14	I	14	2
20	0	1164	3	546	I-15	I	15	2
20	0	1164	4	546	I-16	I	16	2
20	0	1164	5	546	I-17	I	17	2
20	0	1167	0	495	B-4	B	4	2
20	0	1169	1	546	I-13	I	13	2
20	0	1169	2	546	I-14	I	14	2
20	0	1169	3	546	I-15	I	15	2
20	0	1169	4	546	I-16	I	16	2
20	0	1171	0	495	D-2	D	2	1
20	0	1172	1	487	C-14	C	14	4
20	0	1172	2	487	C-15	C	15	4
20	0	1172	3	487	C-16	C	16	2
20	0	1172	4	487	C-17	C	17	6
20	0	1173	1	487	C-14	C	14	4
20	0	1173	2	487	C-15	C	15	4
20	0	1173	3	487	C-16	C	16	2
20	0	1173	4	487	C-17	C	17	6
20	0	1180	1	421	R-3	R	3	4
20	0	1180	2	421	S-3	S	3	2
20	0	1180	3	421	T-3	T	3	2
20	0	1180	4	487	A-3	A	3	2
20	0	1180	5	487	B-3	B	3	2
20	0	1181	0	495	D-2	D	2	1
20	0	1182	1	722	O-1	O	1	5
20	0	1182	2	722	O-2	O	2	4
20	0	1182	3	722	O-3	O	3	4
20	0	1182	4	722	O-4	O	4	1
20	0	1182	5	722	O-5	O	5	1
20	0	1187	0	495	G-6	G	6	2
20	0	1189	0	495	B-4	B	4	2
20	0	1191	1	487	O-15	O	15	4
20	0	1191	2	487	P-15	P	15	6
20	0	1191	3	487	P-16	P	16	5
20	0	1191	4	487	P-17	P	17	5
20	0	1191	5	487	O-17	O	17	5
20	0	1192	0	495	D-2	D	2	1
20	0	1197	1	722	O-1	O	1	5
20	0	1197	2	722	O-2	O	2	4
20	0	1197	3	722	O-3	O	3	4
20	0	1197	4	722	O-4	O	4	1
20	0	1197	5	722	O-5	O	5	1
20	0	1199	1	317	H-19	H	19	5
20	0	1199	2	317	I-19	I	19	5
20	0	1199	3	317	J-19	J	19	4
20	0	1199	4	317	J-20	J	20	4
20	0	1199	5	509	J-1	J	1	4
20	0	1200	1	317	S-9	S	9	3
20	0	1200	2	317	S-10	S	10	3
20	0	1200	3	317	S-11	S	11	3
20	0	1200	4	317	S-12	S	12	1
20	0	1200	5	317	S-13	S	13	6
20	0	1202	1	487	T-6	T	6	4
20	0	1202	2	614	A-6	A	6	4
20	0	1202	3	614	A-7	A	7	4
20	0	1202	4	614	B-7	B	7	4
20	0	1202	5	614	C-7	C	7	1
20	0	1203	0	495	D-2	D	2	1
20	0	1205	1	546	I-13	I	13	2
20	0	1205	2	546	I-14	I	14	2
20	0	1205	3	546	I-15	I	15	2
20	0	1205	4	546	I-16	I	16	2
20	0	1207	1	549	N-7	N	7	5
20	0	1207	2	549	O-7	O	7	5
20	0	1207	3	549	P-7	P	7	4
20	0	1207	4	549	Q-7	Q	7	4
20	0	1207	5	549	R-7	R	7	4
20	0	1208	1	470	E-2	E	2	2
20	0	1208	2	470	F-2	F	2	5
20	0	1208	3	470	F-3	F	3	4
20	0	1208	4	470	F-4	F	4	5
20	0	1208	5	470	F-5	F	5	5
20	0	1209	0	495	D-2	D	2	1
20	0	1210	1	722	O-1	O	1	5
20	0	1210	2	722	O-2	O	2	4
20	0	1210	3	722	O-3	O	3	4
20	0	1210	4	722	O-4	O	4	1
20	0	1210	5	722	O-5	O	5	1
20	0	1211	1	522	N-9	N	9	3
20	0	1211	2	522	N-10	N	10	3
20	0	1211	3	522	N-11	N	11	1
20	0	1211	4	522	N-12	N	12	1
20	0	1211	5	522	M-12	M	12	6
20	0	1215	1	522	E-10	E	10	3
20	0	1215	2	522	E-11	E	11	3
20	0	1215	3	522	E-12	E	12	3
20	0	1215	4	522	E-13	E	13	3
20	0	1215	5	522	F-13	F	13	3
20	0	1219	0	495	D-2	D	2	1
20	0	1222	1	546	I-13	I	13	2
20	0	1222	2	546	I-14	I	14	2
20	0	1222	3	546	I-15	I	15	2
20	0	1222	4	546	I-16	I	16	2
20	0	1222	5	546	I-17	I	17	2
20	0	1223	1	722	N-2	N	2	4
20	0	1223	2	722	N-3	N	3	4
20	0	1223	3	722	O-3	O	3	4
20	0	1223	4	722	O-4	O	4	1
20	0	1223	5	722	O-5	O	5	1
20	0	1226	0	495	D-2	D	2	1
20	0	1229	1	421	R-3	R	3	4
20	0	1229	2	421	S-3	S	3	2
20	0	1229	3	421	T-3	T	3	2
20	0	1229	4	487	A-3	A	3	2
20	0	1229	5	487	B-3	B	3	2
20	0	1230	0	495	D-2	D	2	1
20	0	1231	1	614	D-5	D	5	1
20	0	1231	2	614	E-5	E	5	2
20	0	1231	3	614	F-5	F	5	2
20	0	1231	4	614	G-5	G	5	2
20	0	1231	5	614	G-4	G	4	4
20	0	1232	1	546	H-2	H	2	1
20	0	1232	2	546	I-2	I	2	1
20	0	1232	3	546	J-2	J	2	1
20	0	1232	4	546	K-2	K	2	1
20	0	1232	5	546	L-2	L	2	1
20	0	1234	0	495	D-2	D	2	1
20	0	1235	0	545	A-11	A	11	5
20	0	1237	0	495	D-2	D	2	1
20	0	1238	0	495	D-2	D	2	1
20	0	1239	0	495	D-2	D	2	1
20	0	1240	0	495	B-4	B	4	2
20	0	1244	1	549	D-7	D	7	5
20	0	1244	2	549	D-6	D	6	5
20	0	1244	3	549	E-6	E	6	5
20	0	1244	4	549	E-5	E	5	5
20	0	1244	5	549	F-5	F	5	5
20	0	1245	0	495	D-2	D	2	1
20	0	1246	1	17	J-6	J	6	3
20	0	1246	2	17	K-6	K	6	3
20	0	1246	3	17	L-6	L	6	4
20	0	1246	4	17	L-7	L	7	4
20	0	1246	5	17	M-7	M	7	5
20	0	1247	1	487	M-3	M	3	1
20	0	1247	2	487	N-3	N	3	4
20	0	1247	3	487	O-3	O	3	5
20	0	1247	4	487	P-3	P	3	5
20	0	1247	5	487	Q-3	Q	3	4
20	0	1249	1	17	J-6	J	6	3
20	0	1249	2	17	K-6	K	6	3
20	0	1249	3	17	L-6	L	6	4
20	0	1249	4	17	L-7	L	7	4
20	0	1249	5	17	M-7	M	7	5
20	0	1250	1	421	R-3	R	3	4
20	0	1250	2	421	S-3	S	3	2
20	0	1250	3	421	T-3	T	3	2
20	0	1250	4	487	A-3	A	3	2
20	0	1250	5	487	B-3	B	3	2
20	0	1251	1	722	O-1	O	1	5
20	0	1251	2	722	O-2	O	2	4
20	0	1251	3	722	O-3	O	3	4
20	0	1251	4	722	O-4	O	4	1
20	0	1251	5	722	O-5	O	5	1
20	0	1252	1	317	F-11	F	11	6
20	0	1253	1	522	E-10	E	10	3
20	0	1253	2	522	E-11	E	11	3
20	0	1253	3	522	E-12	E	12	3
20	0	1253	4	522	E-13	E	13	3
20	0	1253	5	522	F-13	F	13	3
20	0	1255	1	17	J-6	J	6	3
20	0	1255	2	17	K-6	K	6	3
20	0	1255	3	17	L-6	L	6	4
20	0	1255	4	17	L-7	L	7	4
20	0	1255	5	17	M-7	M	7	5
20	0	1256	1	317	C-9	C	9	5
20	0	1256	2	317	D-9	D	9	5
20	0	1256	3	317	E-9	E	9	2
20	0	1256	4	317	F-9	F	9	2
20	0	1256	5	317	F-10	F	10	1
20	0	1257	1	549	D-7	D	7	5
20	0	1257	2	549	D-6	D	6	5
20	0	1257	3	549	E-6	E	6	5
20	0	1257	4	549	E-5	E	5	5
20	0	1257	5	549	F-5	F	5	5
20	0	1258	0	495	D-2	D	2	1
20	0	1260	1	487	M-3	M	3	1
20	0	1260	2	487	N-3	N	3	4
20	0	1260	3	487	O-3	O	3	5
20	0	1260	4	487	P-3	P	3	5
20	0	1260	5	487	Q-3	Q	3	4
20	0	1261	1	317	C-9	C	9	5
20	0	1261	2	317	D-9	D	9	5
20	0	1261	3	317	E-9	E	9	2
20	0	1261	4	317	F-9	F	9	2
20	0	1261	5	317	F-10	F	10	1
20	0	1262	1	614	D-8	D	8	3
20	0	1262	2	614	D-9	D	9	1
20	0	1262	3	614	D-10	D	10	1
20	0	1262	4	614	D-11	D	11	1
20	0	1262	5	614	D-12	D	12	1
20	0	1263	1	509	D-16	D	16	2
20	0	1263	2	509	D-17	D	17	4
20	0	1263	3	509	D-18	D	18	4
20	0	1263	4	509	D-19	D	19	5
20	0	1263	5	509	E-19	E	19	5
20	0	1264	0	495	B-4	B	4	2
20	0	1265	1	317	C-9	C	9	5
20	0	1265	2	317	D-9	D	9	5
20	0	1265	3	317	E-9	E	9	2
20	0	1265	4	317	F-9	F	9	2
20	0	1265	5	317	F-10	F	10	1
20	0	1268	1	549	D-7	D	7	5
20	0	1268	2	549	D-6	D	6	5
20	0	1268	3	549	E-6	E	6	5
20	0	1268	4	549	E-5	E	5	5
20	0	1268	5	549	F-5	F	5	5
20	0	1269	1	487	M-18	M	18	5
20	0	1269	2	487	M-17	M	17	4
20	0	1269	3	487	N-17	N	17	5
20	0	1269	4	487	N-16	N	16	4
20	0	1269	5	487	O-16	O	16	5
20	0	1270	1	487	P-16	P	16	5
20	0	1270	2	487	P-17	P	17	5
20	0	1270	3	487	P-18	P	18	3
20	0	1270	4	487	P-19	P	19	3
20	0	1270	5	487	P-20	P	20	3
20	0	1275	0	495	D-2	D	2	1
20	0	1276	0	495	E-5	E	5	1
20	0	1278	1	549	N-7	N	7	5
20	0	1278	2	549	N-8	N	8	5
20	0	1278	3	549	O-8	O	8	4
20	0	1278	4	549	P-8	P	8	4
20	0	1278	5	549	Q-8	Q	8	4
20	0	1280	1	487	M-3	M	3	1
20	0	1280	2	487	N-3	N	3	4
20	0	1280	3	487	O-3	O	3	5
20	0	1280	4	487	P-3	P	3	5
20	0	1280	5	487	Q-3	Q	3	4
20	0	1282	1	722	N-2	N	2	4
20	0	1282	2	722	N-3	N	3	4
20	0	1282	3	722	M-3	M	3	4
20	0	1282	4	722	L-3	L	3	3
20	0	1282	5	722	L-4	L	4	2
20	0	1283	1	487	M-3	M	3	1
20	0	1283	2	487	N-3	N	3	4
20	0	1283	3	487	O-3	O	3	5
20	0	1283	4	487	P-3	P	3	5
20	0	1283	5	487	Q-3	Q	3	4
20	0	1284	1	17	J-6	J	6	3
20	0	1284	2	17	K-6	K	6	3
20	0	1284	3	17	L-6	L	6	4
20	0	1284	4	17	L-7	L	7	4
20	0	1284	5	17	M-7	M	7	5
20	0	1285	0	495	D-2	D	2	1
20	0	1286	0	495	D-2	D	2	1
20	0	1288	0	495	D-2	D	2	1
20	0	1289	0	495	D-2	D	2	1
20	0	1290	1	487	M-3	M	3	1
20	0	1290	2	487	N-3	N	3	4
20	0	1290	3	487	O-3	O	3	5
20	0	1290	4	487	P-3	P	3	5
20	0	1290	5	487	Q-3	Q	3	4
20	0	1292	0	498	G-9	G	9	3
20	0	1293	1	546	H-12	H	12	1
20	0	1293	2	546	G-12	G	12	4
20	0	1293	3	546	F-12	F	12	4
20	0	1293	4	546	F-13	F	13	4
20	0	1295	0	495	D-2	D	2	1
20	0	1296	0	495	D-2	D	2	1
20	0	1298	0	495	B-4	B	4	2
20	0	1301	0	495	B-4	B	4	2
20	0	1302	1	317	L-5	L	5	4
20	0	1302	2	317	M-5	M	5	4
20	0	1302	3	317	N-5	N	5	4
20	0	1302	4	317	N-6	N	6	2
20	0	1303	1	509	N-17	N	17	5
20	0	1303	2	509	O-17	O	17	5
20	0	1303	3	509	O-18	O	18	5
20	0	1303	4	509	O-19	O	19	5
20	0	1303	5	509	O-20	O	20	5
20	0	1305	1	546	F-2	F	2	3
20	0	1305	2	546	G-2	G	2	3
20	0	1305	3	546	G-3	G	3	3
20	0	1305	4	546	G-4	G	4	4
20	0	1305	5	546	G-5	G	5	4
20	0	1307	1	421	E-13	E	13	4
20	0	1307	2	421	F-13	F	13	4
20	0	1307	3	421	G-13	G	13	5
20	0	1307	4	421	H-13	H	13	5
20	0	1307	5	421	I-13	I	13	5
20	0	1308	0	495	B-4	B	4	2
20	0	1309	0	495	D-2	D	2	1
20	0	1310	0	495	D-2	D	2	1
20	0	1311	0	495	D-2	D	2	1
20	0	1312	1	509	I-12	I	12	3
20	0	1312	2	509	J-12	J	12	3
20	0	1312	3	509	J-13	J	13	3
20	0	1312	4	509	J-14	J	14	5
20	0	1312	5	509	J-15	J	15	5
20	0	1314	1	487	P-16	P	16	5
20	0	1314	2	487	P-17	P	17	5
20	0	1314	3	487	P-18	P	18	3
20	0	1314	4	487	P-19	P	19	3
20	0	1314	5	487	P-20	P	20	3
20	0	1315	1	318	Q-9	Q	9	4
20	0	1315	2	318	R-9	R	9	4
20	0	1315	3	318	S-9	S	9	5
20	0	1315	4	318	S-10	S	10	5
20	0	1315	5	318	S-11	S	11	5
20	0	1317	0	495	E-5	E	5	1
20	0	1320	0	495	D-2	D	2	1
20	0	1321	0	495	D-2	D	2	1
20	0	1323	1	17	I-16	I	16	1
20	0	1323	2	17	J-16	J	16	4
20	0	1323	3	17	J-17	J	17	4
20	0	1323	4	17	J-18	J	18	4
20	0	1323	5	17	J-17	J	17	4
20	0	1324	1	470	K-9	K	9	1
20	0	1324	2	470	K-10	K	10	1
20	0	1324	3	470	J-10	J	10	4
20	0	1324	4	470	I-10	I	10	4
20	0	1326	0	495	B-4	B	4	2
20	0	1327	1	470	K-9	K	9	1
20	0	1327	2	470	K-10	K	10	1
20	0	1327	3	470	J-10	J	10	4
20	0	1327	4	470	I-10	I	10	4
20	0	1330	1	421	K-10	K	10	1
20	0	1330	2	421	J-10	J	10	3
20	0	1330	3	421	I-10	I	10	5
20	0	1330	4	421	I-9	I	9	5
20	0	1330	5	421	I-8	I	8	1
20	0	1331	0	495	B-4	B	4	2
20	0	1332	1	421	M-1	M	1	1
20	0	1332	2	421	M-2	M	2	1
20	0	1332	3	421	N-2	N	2	5
20	0	1332	4	421	O-2	O	2	5
20	0	1332	5	421	P-2	P	2	5
20	0	1334	0	493	C-12	C	12	5
20	0	1336	1	317	E-16	E	16	1
20	0	1336	2	317	E-17	E	17	1
20	0	1336	3	317	E-18	E	18	1
20	0	1336	4	317	E-19	E	19	4
20	0	1336	5	317	E-20	E	20	4
20	0	1339	1	421	K-10	K	10	1
20	0	1339	2	421	J-10	J	10	3
20	0	1339	3	421	I-10	I	10	5
20	0	1339	4	421	I-9	I	9	5
20	0	1339	5	421	I-8	I	8	1
20	0	1340	0	495	B-4	B	4	2
20	0	1341	0	495	B-4	B	4	2
20	0	1342	1	318	G-15	G	15	1
20	0	1342	2	318	G-14	G	14	1
20	0	1342	3	318	G-13	G	13	1
20	0	1342	4	318	H-13	H	13	1
20	0	1342	5	318	I-13	I	13	4
20	0	1344	1	509	N-17	N	17	5
20	0	1344	2	509	O-17	O	17	5
20	0	1344	3	509	O-18	O	18	5
20	0	1344	4	509	O-19	O	19	5
20	0	1344	5	509	O-20	O	20	5
20	0	1345	1	549	N-7	N	7	5
20	0	1345	2	549	N-8	N	8	5
20	0	1345	3	549	O-8	O	8	4
20	0	1345	4	549	P-8	P	8	4
20	0	1345	5	549	Q-8	Q	8	4
20	0	1348	1	522	E-10	E	10	3
20	0	1348	2	522	E-11	E	11	3
20	0	1348	3	522	E-12	E	12	3
20	0	1348	4	522	E-13	E	13	3
20	0	1348	5	522	F-13	F	13	3
20	0	1350	1	549	N-7	N	7	5
20	0	1350	2	549	O-7	O	7	5
20	0	1350	3	549	P-7	P	7	4
20	0	1350	4	549	Q-7	Q	7	4
20	0	1350	5	549	R-7	R	7	4
20	0	1352	1	722	O-1	O	1	5
20	0	1352	2	722	O-2	O	2	4
20	0	1352	3	722	O-3	O	3	4
20	0	1352	4	722	O-4	O	4	1
20	0	1352	5	722	O-5	O	5	1
20	0	1353	1	722	O-1	O	1	5
20	0	1353	2	722	O-2	O	2	4
20	0	1353	3	722	O-3	O	3	4
20	0	1353	4	722	O-4	O	4	1
20	0	1353	5	722	O-5	O	5	1
20	0	1354	1	722	O-1	O	1	5
20	0	1354	2	722	O-2	O	2	4
20	0	1354	3	722	O-3	O	3	4
20	0	1354	4	722	O-4	O	4	1
20	0	1354	5	722	O-5	O	5	1
20	0	1355	1	722	N-2	N	2	4
20	0	1355	2	722	N-3	N	3	4
20	0	1355	3	722	O-3	O	3	4
20	0	1355	4	722	O-4	O	4	1
20	0	1355	5	722	O-5	O	5	1
20	0	1356	0	492	S-13	S	13	1
20	0	1357	0	495	D-2	D	2	1
20	0	1360	0	495	D-2	D	2	1
20	0	1362	0	495	B-4	B	4	2
20	0	1364	0	495	D-2	D	2	1
20	0	1365	1	487	C-18	C	18	1
20	0	1365	2	487	D-18	D	18	1
20	0	1365	3	487	E-18	E	18	1
20	0	1365	4	487	F-18	F	18	2
20	0	1365	5	487	G-18	G	18	2
20	0	1366	1	421	F-13	F	13	4
20	0	1366	2	421	G-13	G	13	5
20	0	1366	3	421	H-13	H	13	5
20	0	1366	4	421	I-13	I	13	5
20	0	1366	5	421	J-13	J	13	3
20	0	1367	1	17	I-16	I	16	1
20	0	1367	2	17	J-16	J	16	4
20	0	1367	3	17	J-17	J	17	4
20	0	1367	4	17	J-18	J	18	4
20	0	1367	5	17	J-17	J	17	4
20	0	1368	0	495	D-2	D	2	1
20	0	1369	0	495	B-4	B	4	2
20	0	1370	1	509	D-6	D	6	3
20	0	1370	2	509	D-7	D	7	3
20	0	1370	3	509	E-7	E	7	3
20	0	1370	4	509	F-7	F	7	5
20	0	1370	5	509	F-8	F	8	3
20	0	1371	1	549	N-7	N	7	5
20	0	1371	2	549	O-7	O	7	5
20	0	1371	3	549	P-7	P	7	4
20	0	1371	4	549	Q-7	Q	7	4
20	0	1371	5	549	R-7	R	7	4
20	0	1372	1	522	S-9	S	9	5
20	0	1372	2	522	R-9	R	9	5
20	0	1372	3	522	Q-9	Q	9	5
20	0	1372	4	522	Q-10	Q	10	5
20	0	1372	5	522	P-10	P	10	5
20	0	1373	1	522	S-9	S	9	5
20	0	1373	2	522	R-9	R	9	5
20	0	1373	3	522	Q-9	Q	9	5
20	0	1373	4	522	Q-10	Q	10	5
20	0	1373	5	522	P-10	P	10	5
20	0	1375	0	495	B-4	B	4	2
20	0	1377	0	495	B-4	B	4	2
20	0	1385	1	614	J-6	J	6	2
20	0	1385	2	614	K-6	K	6	2
20	0	1385	3	614	L-6	L	6	2
20	0	1385	4	614	L-7	L	7	2
20	0	1385	5	614	M-7	M	7	2
20	0	1386	1	470	K-19	K	19	1
20	0	1386	2	470	L-19	L	19	1
20	0	1386	3	470	M-19	M	19	2
20	0	1386	4	470	M-20	M	20	2
20	0	1386	5	487	M-1	M	1	2
20	0	1387	1	470	K-19	K	19	1
20	0	1387	2	470	L-19	L	19	1
20	0	1387	3	470	M-19	M	19	2
20	0	1387	4	470	M-20	M	20	2
20	0	1387	5	487	M-1	M	1	2
20	0	1388	1	470	K-19	K	19	1
20	0	1388	2	470	L-19	L	19	1
20	0	1388	3	470	M-19	M	19	2
20	0	1388	4	470	M-20	M	20	2
20	0	1388	5	487	M-1	M	1	2
20	0	1390	1	421	Q-14	Q	14	4
20	0	1390	2	421	Q-13	Q	13	1
20	0	1390	3	421	R-13	R	13	1
20	0	1390	4	421	S-13	S	13	5
20	0	1390	5	421	T-13	T	13	5
20	0	1391	1	421	Q-14	Q	14	4
20	0	1391	2	421	Q-13	Q	13	1
20	0	1391	3	421	R-13	R	13	1
20	0	1391	4	421	S-13	S	13	5
20	0	1391	5	421	T-13	T	13	5
20	0	1392	0	496	R-4	R	4	1
20	0	1393	0	495	D-2	D	2	1
20	0	1395	0	495	D-2	D	2	1
20	0	1396	0	495	D-2	D	2	1
20	0	1397	0	495	D-2	D	2	1
20	0	1398	0	495	D-2	D	2	1
20	0	1399	0	496	R-4	R	4	1
20	0	1401	1	317	O-2	O	2	4
20	0	1401	2	317	P-2	P	2	1
20	0	1401	3	317	Q-2	Q	2	5
20	0	1401	4	317	R-2	R	2	5
20	0	1401	5	317	S-2	S	2	5
20	0	1403	1	421	L-11	L	11	1
20	0	1403	2	421	L-12	L	12	1
20	0	1403	3	421	L-13	L	13	3
20	0	1403	4	421	L-14	L	14	3
20	0	1403	5	421	L-15	L	15	3
20	0	1407	0	495	D-2	D	2	1
20	0	1408	0	495	D-2	D	2	1
20	0	1415	0	495	B-4	B	4	2
20	0	1416	0	495	D-2	D	2	1
20	0	1417	0	495	D-2	D	2	1
20	0	1418	0	496	R-4	R	4	1
20	0	1421	1	17	J-17	J	17	4
20	0	1421	2	17	J-16	J	16	4
20	0	1421	3	17	I-16	I	16	1
20	0	1421	4	17	H-16	H	16	6
20	0	1421	5	17	G-16	G	16	1
20	0	1422	1	17	J-17	J	17	4
20	0	1422	2	17	J-16	J	16	4
20	0	1422	3	17	I-16	I	16	1
20	0	1422	4	17	H-16	H	16	6
20	0	1422	5	17	G-16	G	16	1
20	0	1423	1	17	J-17	J	17	4
20	0	1423	2	17	J-16	J	16	4
20	0	1423	3	17	I-16	I	16	1
20	0	1423	4	17	H-16	H	16	6
20	0	1423	5	17	G-16	G	16	1
20	0	1424	0	495	B-4	B	4	2
20	0	1431	1	509	G-9	G	9	3
20	0	1431	2	509	G-10	G	10	4
20	0	1431	3	509	G-11	G	11	4
20	0	1431	4	509	G-12	G	12	4
20	0	1431	5	509	H-12	H	12	6
20	0	1432	1	509	G-9	G	9	3
20	0	1432	2	509	G-10	G	10	4
20	0	1432	3	509	G-11	G	11	4
20	0	1432	4	509	G-12	G	12	4
20	0	1432	5	509	H-12	H	12	6
20	0	1433	0	495	B-4	B	4	2
20	0	1434	0	496	R-4	R	4	1
20	0	1436	1	317	B-18	B	18	2
20	0	1436	2	317	B-19	B	19	2
20	0	1436	3	317	B-20	B	20	5
20	0	1436	4	509	B-1	B	1	5
20	0	1436	5	509	C-1	C	1	5
20	0	1437	1	509	G-9	G	9	3
20	0	1437	2	509	G-10	G	10	4
20	0	1437	3	509	G-11	G	11	4
20	0	1437	4	509	G-12	G	12	4
20	0	1437	5	509	H-12	H	12	6
20	0	1439	1	546	I-13	I	13	2
20	0	1439	2	546	I-14	I	14	2
20	0	1439	3	546	I-15	I	15	2
20	0	1439	4	546	I-16	I	16	2
20	0	1439	5	546	I-17	I	17	2
20	0	1440	1	546	I-13	I	13	2
20	0	1440	2	546	I-14	I	14	2
20	0	1440	3	546	I-15	I	15	2
20	0	1440	4	546	I-16	I	16	2
20	0	1440	5	546	I-17	I	17	2
20	0	1443	1	546	I-13	I	13	2
20	0	1443	2	546	I-14	I	14	2
20	0	1443	3	546	I-15	I	15	2
20	0	1443	4	546	I-16	I	16	2
20	0	1443	5	546	I-17	I	17	2
20	0	1444	0	495	D-2	D	2	1
20	0	1446	0	495	D-2	D	2	1
20	0	1448	0	495	D-2	D	2	1
20	0	1453	0	495	B-4	B	4	2
20	0	1457	0	495	D-2	D	2	1
20	0	1458	0	495	D-2	D	2	1
20	0	1459	0	495	B-4	B	4	2
20	0	1460	0	495	D-2	D	2	1
20	0	1461	1	421	E-13	E	13	4
20	0	1461	2	421	F-13	F	13	4
20	0	1461	3	421	G-13	G	13	5
20	0	1461	4	421	H-13	H	13	5
20	0	1461	5	421	I-13	I	13	5
20	0	1462	1	487	C-17	C	17	6
20	0	1464	1	421	R-2	R	2	2
20	0	1464	2	421	R-3	R	3	4
20	0	1464	3	421	R-4	R	4	6
20	0	1467	1	614	A-5	A	5	4
20	0	1467	2	614	A-6	A	6	4
20	0	1467	3	614	A-7	A	7	4
20	0	1467	4	614	B-7	B	7	4
20	0	1467	5	614	C-7	C	7	1
20	0	1471	1	614	D-12	D	12	1
20	0	1471	2	614	E-12	E	12	2
20	0	1471	3	614	F-12	F	12	6
20	0	1472	0	495	D-2	D	2	1
20	0	1475	0	495	B-4	B	4	2
20	0	1476	1	509	G-7	G	7	5
20	0	1476	2	509	G-8	G	8	3
20	0	1476	3	509	G-9	G	9	3
20	0	1476	4	509	G-10	G	10	4
20	0	1476	5	509	G-11	G	11	4
20	0	1478	0	495	B-4	B	4	2
20	0	1481	0	492	H-4	H	4	1
20	0	1482	0	495	B-4	B	4	2
20	0	1483	1	509	N-7	N	7	5
20	0	1483	2	509	N-8	N	8	5
20	0	1483	3	509	N-9	N	9	6
20	0	1485	1	317	S-12	S	12	1
20	0	1487	1	317	L-5	L	5	4
20	0	1487	2	317	M-5	M	5	4
20	0	1487	3	317	N-5	N	5	4
20	0	1487	4	317	N-6	N	6	2
20	0	1490	1	722	O-1	O	1	5
20	0	1490	2	722	O-2	O	2	4
20	0	1490	3	722	O-3	O	3	4
20	0	1490	4	722	O-4	O	4	1
20	0	1490	5	722	O-5	O	5	1
20	0	1491	0	495	D-2	D	2	1
20	0	1492	0	495	B-4	B	4	2
20	0	1493	1	317	L-5	L	5	4
20	0	1493	2	317	M-5	M	5	4
20	0	1493	3	317	N-5	N	5	4
20	0	1493	4	317	N-6	N	6	2
20	0	1495	1	509	G-7	G	7	5
20	0	1495	2	509	G-8	G	8	3
20	0	1495	3	509	G-9	G	9	3
20	0	1495	4	509	G-10	G	10	4
20	0	1495	5	509	G-11	G	11	4
20	0	1506	0	495	D-2	D	2	1
20	0	1507	1	317	S-13	S	13	6
20	0	1510	0	495	D-2	D	2	1
20	0	1516	0	495	D-2	D	2	1
20	0	1519	1	522	S-9	S	9	5
20	0	1519	2	522	R-9	R	9	5
20	0	1519	3	522	Q-9	Q	9	5
20	0	1519	4	522	Q-10	Q	10	5
20	0	1519	5	522	P-10	P	10	5
20	0	1520	0	492	B-8	B	8	5
20	0	1522	0	495	B-4	B	4	2
20	0	1525	0	495	B-4	B	4	2
20	0	1527	1	509	N-7	N	7	5
20	0	1527	2	509	N-8	N	8	5
20	0	1527	3	509	N-9	N	9	6
20	0	1529	1	421	R-15	R	15	5
20	0	1529	2	421	S-15	S	15	5
20	0	1529	3	421	S-14	S	14	5
20	0	1529	4	421	S-13	S	13	5
20	0	1529	5	421	T-13	T	13	5
20	0	1530	0	495	D-2	D	2	1
20	0	1534	0	495	B-4	B	4	2
20	0	1539	0	495	B-4	B	4	2
20	0	1540	0	497	B-16	B	16	1
20	0	1541	1	614	D-5	D	5	1
20	0	1541	2	614	D-6	D	6	1
20	0	1541	3	614	D-7	D	7	3
20	0	1541	4	614	D-8	D	8	3
20	0	1541	5	614	E-8	E	8	3
20	0	1543	0	495	D-2	D	2	1
20	0	1547	0	495	L-15	L	15	2
20	0	1550	0	495	I-14	I	14	1
20	0	1551	1	317	E-16	E	16	1
20	0	1551	2	317	E-17	E	17	1
20	0	1551	3	317	E-18	E	18	1
20	0	1551	4	317	E-19	E	19	4
20	0	1551	5	317	E-20	E	20	4
20	0	1553	0	495	D-2	D	2	1
20	0	1555	0	492	J-4	J	4	2
20	0	1559	0	495	D-2	D	2	1
20	0	1564	1	546	I-13	I	13	2
20	0	1564	2	546	I-14	I	14	2
20	0	1564	3	546	I-15	I	15	2
20	0	1564	4	546	I-16	I	16	2
20	0	1564	5	546	I-17	I	17	2
20	0	1567	1	17	G-16	G	16	1
20	0	1567	2	17	F-16	F	16	5
20	0	1567	3	17	E-16	E	16	5
20	0	1567	4	17	D-16	D	16	5
20	0	1568	0	495	B-4	B	4	2
20	0	1571	1	17	M-4	M	4	1
20	0	1571	2	17	N-4	N	4	2
20	0	1571	3	17	N-5	N	5	3
20	0	1571	4	17	N-6	N	6	5
20	0	1571	5	17	N-7	N	7	5
20	0	1574	1	17	G-13	G	13	5
20	0	1574	2	17	H-13	H	13	2
20	0	1574	3	17	I-13	I	13	1
20	0	1574	4	17	I-14	I	14	1
20	0	1574	5	17	J-14	J	14	1
20	0	1579	1	487	K-3	K	3	1
20	0	1579	2	487	J-3	J	3	1
20	0	1579	3	487	J-4	J	4	4
20	0	1579	4	487	K-4	K	4	2
20	0	1580	0	495	B-4	B	4	2
20	0	1582	0	495	D-2	D	2	1
20	0	1583	1	317	F-12	F	12	4
20	0	1583	2	317	F-13	F	13	4
20	0	1583	3	317	F-14	F	14	1
20	0	1583	4	317	E-14	E	14	1
20	0	1583	5	317	E-15	E	15	1
20	0	1585	1	470	M-2	M	2	1
20	0	1585	2	470	N-2	N	2	1
20	0	1585	3	470	O-2	O	2	2
20	0	1585	4	470	P-2	P	2	5
20	0	1585	5	470	Q-2	Q	2	5
20	0	1589	0	495	B-4	B	4	2
20	0	1594	0	495	B-4	B	4	2
20	0	1595	1	722	O-1	O	1	5
20	0	1595	2	722	O-2	O	2	4
20	0	1595	3	722	O-3	O	3	4
20	0	1595	4	722	O-4	O	4	1
20	0	1595	5	722	O-5	O	5	1
20	0	1596	0	495	R-12	R	12	3
20	0	1598	0	493	L-3	L	3	1
20	0	1600	1	722	O-1	O	1	5
20	0	1600	2	722	O-2	O	2	4
20	0	1600	3	722	O-3	O	3	4
20	0	1600	4	722	O-4	O	4	1
20	0	1600	5	722	O-5	O	5	1
20	0	1601	1	17	Q-9	Q	9	4
20	0	1601	2	17	R-9	R	9	4
20	0	1601	3	17	R-8	R	8	4
20	0	1601	4	17	R-7	R	7	6
20	0	1603	0	495	D-2	D	2	1
20	0	1604	1	317	E-16	E	16	1
20	0	1604	2	317	E-17	E	17	1
20	0	1604	3	317	E-18	E	18	1
20	0	1604	4	317	E-19	E	19	4
20	0	1604	5	317	E-20	E	20	4
20	0	1605	0	495	D-2	D	2	1
20	0	1606	0	495	D-2	D	2	1
20	0	1609	1	487	P-16	P	16	5
20	0	1609	2	487	P-17	P	17	5
20	0	1609	3	487	P-18	P	18	3
20	0	1609	4	487	P-19	P	19	3
20	0	1609	5	487	P-20	P	20	3
20	0	1613	1	470	K-9	K	9	1
20	0	1613	2	470	K-10	K	10	1
20	0	1613	3	470	J-10	J	10	4
20	0	1613	4	470	I-10	I	10	4
20	0	1614	0	492	C-4	C	4	4
20	0	1615	1	549	N-7	N	7	5
20	0	1615	2	549	N-8	N	8	5
20	0	1615	3	549	O-8	O	8	4
20	0	1615	4	549	P-8	P	8	4
20	0	1615	5	549	Q-8	Q	8	4
20	0	1619	0	495	D-2	D	2	1
20	0	1622	0	495	D-2	D	2	1
20	0	1626	0	495	E-5	E	5	1
20	0	1628	0	495	E-5	E	5	1
20	0	1631	0	495	E-5	E	5	1
20	0	1634	1	549	D-7	D	7	5
20	0	1634	2	549	D-6	D	6	5
20	0	1634	3	549	E-6	E	6	5
20	0	1634	4	549	E-5	E	5	5
20	0	1634	5	549	F-5	F	5	5
20	0	1636	1	470	F-5	F	5	5
20	0	1636	2	470	F-4	F	4	5
20	0	1636	3	470	F-3	F	3	4
20	0	1636	4	470	F-2	F	2	5
20	0	1636	5	470	G-2	G	2	5
20	0	1638	0	495	D-2	D	2	1
20	0	1639	1	549	D-7	D	7	5
20	0	1639	2	549	D-6	D	6	5
20	0	1639	3	549	E-6	E	6	5
20	0	1639	4	549	E-5	E	5	5
20	0	1639	5	549	F-5	F	5	5
20	0	1641	0	495	E-5	E	5	1
20	0	1643	0	495	E-5	E	5	1
20	0	1644	1	614	I-7	I	7	3
20	0	1644	2	614	J-7	J	7	3
20	0	1644	3	614	K-7	K	7	2
20	0	1644	4	614	L-7	L	7	2
20	0	1644	5	614	M-7	M	7	2
20	0	1646	0	495	D-2	D	2	1
20	0	1647	1	470	F-5	F	5	5
20	0	1647	2	470	F-4	F	4	5
20	0	1647	3	470	F-3	F	3	4
20	0	1647	4	470	F-2	F	2	5
20	0	1647	5	470	G-2	G	2	5
20	0	1648	1	722	O-1	O	1	5
20	0	1648	2	722	O-2	O	2	4
20	0	1648	3	722	O-3	O	3	4
20	0	1648	4	722	O-4	O	4	1
20	0	1648	5	722	O-5	O	5	1
20	0	1649	0	495	G-8	G	8	3
20	0	1650	0	495	H-16	H	16	1
20	0	1656	0	497	B-16	B	16	1
20	0	1657	0	495	B-4	B	4	2
20	0	1658	0	492	H-4	H	4	1
20	0	1659	0	495	D-2	D	2	1
20	0	1661	1	317	T-13	T	13	1
20	0	1661	2	421	A-13	A	13	1
20	0	1661	3	421	B-13	B	13	1
20	0	1661	4	421	C-13	C	13	1
20	0	1661	5	421	D-13	D	13	1
20	0	1663	1	317	F-12	F	12	4
20	0	1663	2	317	G-12	G	12	4
20	0	1663	3	317	H-12	H	12	4
20	0	1663	4	317	I-12	I	12	5
20	0	1663	5	317	I-11	I	11	1
20	0	1664	0	495	B-4	B	4	2
20	0	1665	0	493	L-3	L	3	1
20	0	1667	0	495	D-2	D	2	1
20	0	1668	0	495	E-5	E	5	1
20	0	1669	0	495	D-2	D	2	1
20	0	1670	0	495	D-2	D	2	1
20	0	1672	0	497	F-16	F	16	5
20	0	1674	0	495	D-2	D	2	1
20	0	1679	0	495	D-2	D	2	1
20	0	1681	0	495	B-4	B	4	2
20	0	1682	1	17	R-9	R	9	4
20	0	1684	1	546	C-2	C	2	5
20	0	1684	2	546	D-2	D	2	3
20	0	1684	3	546	E-2	E	2	3
20	0	1684	4	546	F-2	F	2	3
20	0	1685	1	318	B-10	B	10	5
20	0	1685	2	318	B-9	B	9	4
20	0	1685	3	318	B-8	B	8	4
20	0	1685	4	318	B-9	B	9	4
20	0	1685	5	318	B-10	B	10	5
20	0	1686	0	495	D-2	D	2	1
20	0	1689	1	509	N-7	N	7	5
20	0	1689	2	509	N-8	N	8	5
20	0	1689	3	509	N-9	N	9	6
20	0	1690	0	495	D-2	D	2	1
20	0	1692	1	722	O-1	O	1	5
20	0	1692	2	722	O-2	O	2	4
20	0	1692	3	722	O-3	O	3	4
20	0	1692	4	722	O-4	O	4	1
20	0	1692	5	722	O-5	O	5	1
20	0	1697	0	492	P-1	P	1	2
20	0	1698	0	495	I-14	I	14	1
20	0	1699	0	495	D-2	D	2	1
20	0	1700	0	495	D-2	D	2	1
20	0	1701	0	495	B-4	B	4	2
20	0	1702	1	487	H-18	H	18	1
20	0	1702	2	487	I-18	I	18	1
20	0	1702	3	487	J-18	J	18	1
20	0	1702	4	487	I-18	I	18	1
20	0	1702	5	487	H-18	H	18	1
20	0	1703	1	487	H-18	H	18	1
20	0	1703	2	487	I-18	I	18	1
20	0	1703	3	487	J-18	J	18	1
20	0	1703	4	487	I-18	I	18	1
20	0	1703	5	487	H-18	H	18	1
20	0	1705	1	17	I-16	I	16	1
20	0	1705	2	17	J-16	J	16	4
20	0	1705	3	17	J-17	J	17	4
20	0	1705	4	17	J-18	J	18	4
20	0	1705	5	17	J-19	J	19	4
20	0	1706	1	17	F-5	F	5	1
20	0	1706	2	17	G-5	G	5	1
20	0	1706	3	17	H-5	H	5	5
20	0	1707	0	495	D-2	D	2	1
20	0	1708	0	495	B-4	B	4	2
20	0	1709	0	495	B-4	B	4	2
20	0	1710	0	495	B-4	B	4	2
20	0	1711	1	17	I-15	I	15	3
20	0	1711	2	17	H-15	H	15	1
20	0	1711	3	17	H-16	H	16	6
20	0	1711	4	17	I-16	I	16	1
20	0	1711	5	17	J-16	J	16	4
20	0	1712	0	495	D-2	D	2	1
20	0	1713	0	495	D-2	D	2	1
20	0	1714	0	495	E-13	E	13	2
20	0	1715	1	17	I-15	I	15	3
20	0	1715	2	17	I-16	I	16	1
20	0	1715	3	17	H-16	H	16	6
20	0	1715	4	17	I-16	I	16	1
20	0	1716	0	495	D-2	D	2	1
20	0	1717	0	495	D-2	D	2	1
20	0	1718	1	17	I-15	I	15	3
20	0	1718	2	17	I-16	I	16	1
20	0	1718	3	17	H-16	H	16	6
20	0	1718	4	17	I-16	I	16	1
20	0	1719	1	17	N-8	N	8	5
20	0	1719	2	17	N-7	N	7	5
20	0	1719	3	17	O-7	O	7	5
20	0	1719	4	17	O-6	O	6	3
20	0	1720	0	495	D-2	D	2	1
20	0	1721	0	495	E-10	E	10	4
20	0	1722	1	17	F-5	F	5	1
20	0	1723	0	495	I-9	I	9	3
20	0	1724	0	495	E-5	E	5	1
20	0	1725	0	495	D-2	D	2	1
20	0	1726	1	318	M-12	M	12	1
20	0	1726	2	318	M-13	M	13	1
20	0	1726	3	318	M-14	M	14	1
20	0	1726	4	318	M-15	M	15	5
20	0	1726	5	318	M-16	M	16	1
20	0	1727	0	495	D-2	D	2	1
20	0	1729	0	495	B-4	B	4	2
20	0	1730	0	495	D-2	D	2	1
20	0	1731	0	495	D-2	D	2	1
20	0	1732	1	17	F-7	F	7	2
20	0	1732	2	17	F-8	F	8	2
20	0	1732	3	17	E-8	E	8	1
20	0	1732	4	17	E-9	E	9	2
20	0	1732	5	17	D-9	D	9	2
20	0	1733	0	495	D-2	D	2	1
20	0	1734	0	495	D-2	D	2	1
20	0	1735	0	495	D-2	D	2	1
20	0	1736	0	495	D-2	D	2	1
20	0	1737	1	17	F-5	F	5	1
20	0	1737	2	17	G-5	G	5	1
20	0	1737	3	17	H-5	H	5	5
20	0	1738	1	17	E-6	E	6	1
20	0	1738	2	17	E-7	E	7	1
20	0	1738	3	17	E-8	E	8	1
20	0	1738	4	17	E-9	E	9	2
20	0	1738	5	17	D-9	D	9	2
20	0	1739	1	17	F-5	F	5	1
20	0	1739	2	17	G-5	G	5	1
20	0	1739	3	17	H-5	H	5	5
20	0	1740	0	495	D-2	D	2	1
20	0	1741	1	17	F-5	F	5	1
20	0	1741	2	17	G-5	G	5	1
20	0	1741	3	17	H-5	H	5	5
20	0	1741	4	17	I-5	I	5	5
20	0	1741	5	17	J-5	J	5	1
20	0	1742	1	17	F-5	F	5	1
20	0	1742	2	17	G-5	G	5	1
20	0	1742	3	17	H-5	H	5	5
20	0	1742	4	17	I-5	I	5	5
20	0	1743	0	495	D-2	D	2	1
20	0	1744	0	495	D-2	D	2	1
