result_no	generate_no	e_no	field_id	area	area_column	area_row	
02	1	1	17	I-11	I	11
02	1	2	17	N-6	N	6
02	1	3	17	I-11	I	11
02	1	4	17	N-6	N	6
02	1	5	17	M-6	M	6
02	1	6	17	I-11	I	11
02	1	7	17	I-11	I	11
02	1	8	17	I-11	I	11
02	1	9	17	J-10	J	10
02	1	10	17	E-13	E	13
02	1	11	17	I-11	I	11
02	1	12	17	E-13	E	13
02	1	13	17	E-13	E	13
02	1	14	17	E-13	E	13
02	1	15	17	D-9	D	9
02	1	16	17	N-6	N	6
02	1	17	17	E-13	E	13
02	1	18	17	I-11	I	11
02	1	19	17	D-9	D	9
02	1	20	17	I-11	I	11
02	1	21	17	G-8	G	8
02	1	22	17	M-7	M	7
02	1	23	17	J-10	J	10
02	1	24	17	M-7	M	7
02	1	25	17	N-6	N	6
02	1	26	17	N-6	N	6
02	1	27	17	E-13	E	13
02	1	28	17	E-13	E	13
02	1	29	17	M-6	M	6
02	1	30	17	M-7	M	7
02	1	32	17	D-2	D	2
02	1	33	17	D-2	D	2
02	1	34	17	E-13	E	13
02	1	35	17	I-9	I	9
02	1	36	17	E-13	E	13
02	1	37	17	N-6	N	6
02	1	38	17	I-11	I	11
02	1	39	17	N-6	N	6
02	1	40	17	L-7	L	7
02	1	41	17	E-13	E	13
02	1	42	17	N-6	N	6
02	1	43	17	I-11	I	11
02	1	44	17	I-11	I	11
02	1	45	17	D-13	D	13
02	1	46	17	J-5	J	5
02	1	47	17	I-11	I	11
02	1	48	17	E-13	E	13
02	1	49	17	E-13	E	13
02	1	50	17	L-7	L	7
02	1	51	17	I-11	I	11
02	1	52	17	I-11	I	11
02	1	53	17	N-6	N	6
02	1	54	17	E-13	E	13
02	1	55	17	L-7	L	7
02	1	56	17	N-6	N	6
02	1	57	17	E-5	E	5
02	1	58	17	E-13	E	13
02	1	59	17	J-5	J	5
02	1	60	17	E-13	E	13
02	1	61	17	N-4	N	4
02	1	62	17	I-11	I	11
02	1	63	17	I-11	I	11
02	1	64	17	B-4	B	4
02	1	65	17	I-11	I	11
02	1	66	17	I-9	I	9
02	1	67	17	E-13	E	13
02	1	69	17	I-11	I	11
02	1	70	17	I-11	I	11
02	1	71	17	N-6	N	6
02	1	72	17	I-11	I	11
02	1	73	17	N-6	N	6
02	1	74	17	J-5	J	5
02	1	75	17	I-11	I	11
02	1	76	17	I-11	I	11
02	1	77	17	N-6	N	6
02	1	78	17	E-13	E	13
02	1	79	17	I-11	I	11
02	1	80	17	B-4	B	4
02	1	81	17	I-11	I	11
02	1	82	17	E-13	E	13
02	1	83	17	N-4	N	4
02	1	84	17	N-4	N	4
02	1	85	17	I-11	I	11
02	1	86	17	J-10	J	10
02	1	87	17	E-9	E	9
02	1	88	17	I-11	I	11
02	1	89	17	E-13	E	13
02	1	90	17	M-7	M	7
02	1	91	17	E-13	E	13
02	1	92	17	E-13	E	13
02	1	93	17	E-13	E	13
02	1	94	17	N-6	N	6
02	1	95	17	I-11	I	11
02	1	96	17	E-5	E	5
02	1	97	17	N-6	N	6
02	1	98	17	I-11	I	11
02	1	99	17	N-6	N	6
02	1	100	17	E-13	E	13
02	1	101	17	I-11	I	11
02	1	102	17	I-11	I	11
02	1	103	17	E-13	E	13
02	1	104	17	I-11	I	11
02	1	105	17	M-7	M	7
02	1	106	17	I-11	I	11
02	1	107	17	I-11	I	11
02	1	108	17	E-5	E	5
02	1	109	17	D-2	D	2
02	1	110	17	I-11	I	11
02	1	111	17	I-11	I	11
02	1	113	17	N-4	N	4
02	1	115	17	J-10	J	10
02	1	116	17	E-5	E	5
02	1	117	17	E-10	E	10
02	1	118	17	J-10	J	10
02	1	119	17	E-13	E	13
02	1	120	17	M-6	M	6
02	1	121	17	E-13	E	13
02	1	122	17	M-7	M	7
02	1	123	17	E-13	E	13
02	1	125	17	N-6	N	6
02	1	126	17	L-7	L	7
02	1	127	17	M-7	M	7
02	1	128	17	J-7	J	7
02	1	129	17	I-10	I	10
02	1	130	17	E-13	E	13
02	1	131	17	M-7	M	7
02	1	132	17	I-11	I	11
02	1	133	17	D-13	D	13
02	1	134	17	L-7	L	7
02	1	135	17	I-11	I	11
02	1	136	17	E-13	E	13
02	1	137	17	E-10	E	10
02	1	138	17	N-6	N	6
02	1	139	17	J-5	J	5
02	1	140	17	D-2	D	2
02	1	141	17	I-9	I	9
02	1	142	17	M-7	M	7
02	1	143	17	D-9	D	9
02	1	144	17	M-7	M	7
02	1	145	17	L-7	L	7
02	1	146	17	N-6	N	6
02	1	147	17	E-13	E	13
02	1	148	17	N-6	N	6
02	1	149	17	B-4	B	4
02	1	150	17	D-13	D	13
02	1	151	17	I-9	I	9
02	1	152	17	N-6	N	6
02	1	153	17	E-13	E	13
02	1	154	17	E-13	E	13
02	1	155	17	N-6	N	6
02	1	156	17	N-6	N	6
02	1	157	17	E-13	E	13
02	1	158	17	E-13	E	13
02	1	159	17	E-13	E	13
02	1	160	17	I-11	I	11
02	1	161	17	I-11	I	11
02	1	162	17	I-11	I	11
02	1	163	17	I-11	I	11
02	1	164	17	E-13	E	13
02	1	165	17	N-6	N	6
02	1	166	17	M-7	M	7
02	1	167	17	N-6	N	6
02	1	168	17	N-6	N	6
02	1	169	17	I-11	I	11
02	1	170	17	N-6	N	6
02	1	171	17	E-13	E	13
02	1	172	17	M-7	M	7
02	1	173	17	E-13	E	13
02	1	174	17	E-13	E	13
02	1	175	17	D-9	D	9
02	1	176	17	I-11	I	11
02	1	177	17	F-9	F	9
02	1	178	17	I-11	I	11
02	1	179	17	F-9	F	9
02	1	180	17	N-6	N	6
02	1	181	17	I-11	I	11
02	1	182	17	I-11	I	11
02	1	183	17	M-7	M	7
02	1	184	17	E-13	E	13
02	1	185	17	I-11	I	11
02	1	186	17	J-10	J	10
02	1	187	17	E-13	E	13
02	1	188	17	I-11	I	11
02	1	189	17	E-13	E	13
02	1	190	17	J-10	J	10
02	1	191	17	I-11	I	11
02	1	192	17	D-2	D	2
02	1	193	17	M-7	M	7
02	1	194	17	I-11	I	11
02	1	195	17	I-11	I	11
02	1	196	17	E-10	E	10
02	1	197	17	B-4	B	4
02	1	198	17	E-13	E	13
02	1	199	17	E-13	E	13
02	1	200	17	E-13	E	13
02	1	201	17	M-7	M	7
02	1	202	17	E-13	E	13
02	1	203	17	E-13	E	13
02	1	204	17	E-13	E	13
02	1	205	17	M-7	M	7
02	1	206	17	E-13	E	13
02	1	207	17	M-7	M	7
02	1	208	17	I-5	I	5
02	1	209	17	I-11	I	11
02	1	210	17	E-13	E	13
02	1	211	17	I-11	I	11
02	1	213	17	J-10	J	10
02	1	214	17	N-6	N	6
02	1	215	17	E-13	E	13
02	1	216	17	D-13	D	13
02	1	217	17	D-13	D	13
02	1	218	17	I-11	I	11
02	1	219	17	I-11	I	11
02	1	221	17	F-9	F	9
02	1	222	17	E-13	E	13
02	1	223	17	E-13	E	13
02	1	224	17	I-11	I	11
02	1	226	17	M-7	M	7
02	1	227	17	G-7	G	7
02	1	228	17	J-5	J	5
02	1	229	17	I-11	I	11
02	1	231	17	E-13	E	13
02	1	232	17	I-11	I	11
02	1	233	17	E-13	E	13
02	1	234	17	E-13	E	13
02	1	235	17	M-7	M	7
02	1	236	17	E-13	E	13
02	1	238	17	M-7	M	7
02	1	239	17	I-10	I	10
02	1	240	17	I-11	I	11
02	1	242	17	I-11	I	11
02	1	244	17	N-6	N	6
02	1	245	17	B-4	B	4
02	1	246	17	D-2	D	2
02	1	248	17	I-11	I	11
02	1	249	17	E-13	E	13
02	1	250	17	N-6	N	6
02	1	251	17	I-10	I	10
02	1	252	17	D-2	D	2
02	1	253	17	D-13	D	13
02	1	255	17	E-13	E	13
02	1	256	17	I-11	I	11
02	1	257	17	M-7	M	7
02	1	258	17	N-6	N	6
02	1	259	17	E-13	E	13
02	1	260	17	I-11	I	11
02	1	261	17	E-13	E	13
02	1	262	17	N-6	N	6
02	1	263	17	E-13	E	13
02	1	265	17	I-11	I	11
02	1	266	17	E-13	E	13
02	1	267	17	E-13	E	13
02	1	268	17	G-7	G	7
02	1	269	17	D-13	D	13
02	1	270	17	I-11	I	11
02	1	271	17	E-13	E	13
02	1	272	17	M-7	M	7
02	1	273	17	I-11	I	11
02	1	274	17	M-7	M	7
02	1	275	17	D-9	D	9
02	1	276	17	E-13	E	13
02	1	277	17	E-13	E	13
02	1	278	17	I-9	I	9
02	1	279	17	J-5	J	5
02	1	281	17	D-13	D	13
02	1	282	17	E-13	E	13
02	1	283	17	N-6	N	6
02	1	284	17	D-9	D	9
02	1	285	17	E-13	E	13
02	1	286	17	E-13	E	13
02	1	287	17	D-2	D	2
02	1	288	17	N-6	N	6
02	1	289	17	N-6	N	6
02	1	290	17	D-9	D	9
02	1	291	17	E-10	E	10
02	1	292	17	E-13	E	13
02	1	293	17	B-4	B	4
02	1	294	17	B-4	B	4
02	1	295	17	J-10	J	10
02	1	296	17	E-13	E	13
02	1	297	17	E-13	E	13
02	1	298	17	I-11	I	11
02	1	299	17	E-13	E	13
02	1	300	17	I-11	I	11
02	1	301	17	N-6	N	6
02	1	302	17	D-9	D	9
02	1	303	17	I-9	I	9
02	1	304	17	I-11	I	11
02	1	305	17	E-13	E	13
02	1	306	17	E-13	E	13
02	1	307	17	J-10	J	10
02	1	308	17	M-7	M	7
02	1	309	17	E-10	E	10
02	1	310	17	N-6	N	6
02	1	311	17	N-6	N	6
02	1	312	17	I-5	I	5
02	1	313	17	I-11	I	11
02	1	314	17	J-5	J	5
02	1	315	17	I-9	I	9
02	1	317	17	E-10	E	10
02	1	318	17	D-2	D	2
02	1	319	17	M-7	M	7
02	1	320	17	J-5	J	5
02	1	321	17	I-11	I	11
02	1	322	17	E-13	E	13
02	1	323	17	E-13	E	13
02	1	324	17	D-13	D	13
02	1	325	17	D-2	D	2
02	1	326	17	E-13	E	13
02	1	327	17	I-11	I	11
02	1	328	17	B-4	B	4
02	1	329	17	M-7	M	7
02	1	330	17	E-13	E	13
02	1	331	17	E-13	E	13
02	1	332	17	I-11	I	11
02	1	333	17	M-6	M	6
02	1	334	17	I-11	I	11
02	1	335	17	E-5	E	5
02	1	336	17	L-7	L	7
02	1	337	17	N-6	N	6
02	1	338	17	D-2	D	2
02	1	339	17	D-9	D	9
02	1	340	17	J-6	J	6
02	1	341	17	I-11	I	11
02	1	342	17	I-11	I	11
02	1	343	17	N-6	N	6
02	1	344	17	E-13	E	13
02	1	345	17	E-13	E	13
02	1	346	17	I-11	I	11
02	1	347	17	I-11	I	11
02	1	348	17	I-11	I	11
02	1	349	17	E-10	E	10
02	1	350	17	E-13	E	13
02	1	351	17	E-13	E	13
02	1	352	17	E-13	E	13
02	1	353	17	I-11	I	11
02	1	354	17	N-6	N	6
02	1	355	17	H-5	H	5
02	1	356	17	E-13	E	13
02	1	357	17	M-7	M	7
02	1	358	17	E-13	E	13
02	1	359	17	D-2	D	2
02	1	360	17	M-7	M	7
02	1	361	17	E-13	E	13
02	1	362	17	E-13	E	13
02	1	363	17	L-7	L	7
02	1	364	17	J-7	J	7
02	1	365	17	F-9	F	9
02	1	366	17	I-10	I	10
02	1	367	17	I-11	I	11
02	1	368	17	J-5	J	5
02	1	369	17	N-4	N	4
02	1	370	17	N-6	N	6
02	1	371	17	L-7	L	7
02	1	372	17	M-6	M	6
02	1	373	17	I-11	I	11
02	1	374	17	J-5	J	5
02	1	375	17	M-6	M	6
02	1	377	17	E-13	E	13
02	1	378	17	M-6	M	6
02	1	379	17	E-5	E	5
02	1	380	17	E-10	E	10
02	1	381	17	F-9	F	9
02	1	382	17	E-13	E	13
02	1	383	17	E-13	E	13
02	1	384	17	E-10	E	10
02	1	385	17	I-11	I	11
02	1	386	17	M-7	M	7
02	1	387	17	E-5	E	5
02	1	388	17	D-13	D	13
02	1	389	17	E-13	E	13
02	1	390	17	I-11	I	11
02	1	391	17	B-4	B	4
02	1	392	17	N-6	N	6
02	1	393	17	M-7	M	7
02	1	394	17	E-13	E	13
02	1	395	17	E-6	E	6
02	1	396	17	J-5	J	5
02	1	397	17	E-13	E	13
02	1	398	17	L-7	L	7
02	1	399	17	I-10	I	10
02	1	400	17	D-9	D	9
02	1	401	17	I-10	I	10
02	1	402	17	N-6	N	6
02	1	403	17	I-11	I	11
02	1	404	17	M-7	M	7
02	1	405	17	I-11	I	11
02	1	406	17	E-13	E	13
02	1	407	17	D-12	D	12
02	1	408	17	M-7	M	7
02	1	409	17	M-6	M	6
02	1	410	17	G-9	G	9
02	1	411	17	M-7	M	7
02	1	412	17	J-5	J	5
02	1	413	17	D-9	D	9
02	1	414	17	E-13	E	13
02	1	415	17	E-13	E	13
02	1	416	17	I-11	I	11
02	1	417	17	E-13	E	13
02	1	418	17	I-11	I	11
02	1	419	17	I-11	I	11
02	1	420	17	M-7	M	7
02	1	421	17	N-6	N	6
02	1	422	17	I-11	I	11
02	1	423	17	I-11	I	11
02	1	424	17	N-6	N	6
02	1	425	17	E-13	E	13
02	1	426	17	J-10	J	10
02	1	427	17	I-11	I	11
02	1	428	17	D-13	D	13
02	1	429	17	D-9	D	9
02	1	430	17	M-7	M	7
02	1	431	17	M-7	M	7
02	1	432	17	N-6	N	6
02	1	433	17	I-11	I	11
02	1	434	17	I-11	I	11
02	1	435	17	L-7	L	7
02	1	436	17	E-13	E	13
02	1	437	17	I-11	I	11
02	1	438	17	D-2	D	2
02	1	439	17	D-9	D	9
02	1	440	17	E-13	E	13
02	1	441	17	E-13	E	13
02	1	442	17	I-11	I	11
02	1	443	17	N-4	N	4
02	1	444	17	E-13	E	13
02	1	445	17	I-11	I	11
02	1	446	17	E-13	E	13
02	1	447	17	E-13	E	13
02	1	448	17	E-13	E	13
02	1	449	17	I-11	I	11
02	1	450	17	M-7	M	7
02	1	451	17	J-5	J	5
02	1	452	17	I-11	I	11
02	1	453	17	I-11	I	11
02	1	454	17	E-5	E	5
02	1	455	17	N-6	N	6
02	1	456	17	N-6	N	6
02	1	457	17	F-9	F	9
02	1	458	17	I-11	I	11
02	1	459	17	E-5	E	5
02	1	461	17	I-9	I	9
02	1	462	17	N-4	N	4
02	1	463	17	N-6	N	6
02	1	464	17	E-13	E	13
02	1	465	17	D-9	D	9
02	1	466	17	N-6	N	6
02	1	467	17	J-5	J	5
02	1	468	17	I-11	I	11
02	1	469	17	J-5	J	5
02	1	470	17	E-13	E	13
02	1	471	17	B-4	B	4
02	1	472	17	E-13	E	13
02	1	473	17	N-6	N	6
02	1	474	17	N-6	N	6
02	1	475	17	I-11	I	11
02	1	476	17	N-6	N	6
02	1	477	17	B-4	B	4
02	1	478	17	D-2	D	2
02	1	479	17	B-4	B	4
02	1	480	17	I-9	I	9
02	1	481	17	I-11	I	11
02	1	482	17	B-4	B	4
02	1	483	17	I-11	I	11
02	1	484	17	I-11	I	11
02	1	485	17	N-4	N	4
02	1	486	17	N-4	N	4
02	1	487	17	E-13	E	13
02	1	488	17	N-6	N	6
02	1	489	17	E-5	E	5
02	1	490	17	E-13	E	13
02	1	491	17	E-10	E	10
02	1	492	17	I-11	I	11
02	1	493	17	I-10	I	10
02	1	494	17	N-6	N	6
02	1	495	17	N-6	N	6
02	1	496	17	E-13	E	13
02	1	497	17	E-13	E	13
02	1	498	17	E-13	E	13
02	1	499	17	I-11	I	11
02	1	500	17	N-6	N	6
02	1	501	17	G-8	G	8
02	1	502	17	E-13	E	13
02	1	503	17	F-9	F	9
02	1	504	17	I-9	I	9
02	1	506	17	I-11	I	11
02	1	507	17	I-11	I	11
02	1	508	17	G-5	G	5
02	1	509	17	D-2	D	2
02	1	510	17	I-11	I	11
02	1	512	17	E-13	E	13
02	1	513	17	E-13	E	13
02	1	514	17	E-13	E	13
02	1	515	17	N-6	N	6
02	1	516	17	E-13	E	13
02	1	517	17	N-6	N	6
02	1	518	17	I-10	I	10
02	1	519	17	E-13	E	13
02	1	520	17	B-4	B	4
02	1	521	17	D-13	D	13
02	1	522	17	D-2	D	2
02	1	523	17	N-6	N	6
02	1	524	17	N-6	N	6
02	1	525	17	E-13	E	13
02	1	526	17	I-10	I	10
02	1	527	17	I-11	I	11
02	1	528	17	I-11	I	11
02	1	529	17	E-13	E	13
02	1	530	17	J-5	J	5
02	1	531	17	I-11	I	11
02	1	532	17	I-10	I	10
02	1	533	17	E-13	E	13
02	1	534	17	N-4	N	4
02	1	535	17	M-7	M	7
02	1	536	17	M-7	M	7
02	1	537	17	I-10	I	10
02	1	538	17	I-11	I	11
02	1	539	17	M-7	M	7
02	1	540	17	D-2	D	2
02	1	541	17	E-13	E	13
02	1	542	17	D-9	D	9
02	1	543	17	I-9	I	9
02	1	544	17	M-7	M	7
02	1	545	17	D-13	D	13
02	1	546	17	I-11	I	11
02	1	547	17	E-13	E	13
02	1	548	17	N-6	N	6
02	1	549	17	B-4	B	4
02	1	550	17	J-10	J	10
02	1	551	17	D-13	D	13
02	1	552	17	I-11	I	11
02	1	553	17	I-11	I	11
02	1	554	17	D-9	D	9
02	1	555	17	I-10	I	10
02	1	556	17	E-13	E	13
02	1	557	17	E-13	E	13
02	1	560	17	D-9	D	9
02	1	561	17	E-13	E	13
02	1	562	17	J-10	J	10
02	1	563	17	E-13	E	13
02	1	564	17	I-11	I	11
02	1	565	17	I-11	I	11
02	1	566	17	I-11	I	11
02	1	567	17	N-6	N	6
02	1	568	17	N-6	N	6
02	1	569	17	I-11	I	11
02	1	570	17	G-6	G	6
02	1	571	17	I-10	I	10
02	1	572	17	I-11	I	11
02	1	573	17	N-6	N	6
02	1	574	17	B-4	B	4
02	1	575	17	M-7	M	7
02	1	576	17	E-10	E	10
02	1	577	17	D-2	D	2
02	1	578	17	B-4	B	4
02	1	579	17	F-9	F	9
02	1	580	17	D-10	D	10
02	1	581	17	I-11	I	11
02	1	582	17	E-13	E	13
02	1	583	17	L-7	L	7
02	1	584	17	I-11	I	11
02	1	585	17	E-13	E	13
02	1	586	17	I-11	I	11
02	1	587	17	G-8	G	8
02	1	588	17	E-13	E	13
02	1	589	17	B-4	B	4
02	1	590	17	B-4	B	4
02	1	591	17	L-7	L	7
02	1	592	17	I-11	I	11
02	1	593	17	I-11	I	11
02	1	595	17	E-13	E	13
02	1	596	17	M-6	M	6
02	1	597	17	N-6	N	6
02	1	598	17	N-6	N	6
02	1	599	17	G-8	G	8
02	1	600	17	E-13	E	13
02	1	601	17	E-13	E	13
02	1	602	17	E-13	E	13
02	1	603	17	I-9	I	9
02	1	604	17	J-5	J	5
02	1	605	17	M-7	M	7
02	1	606	17	I-11	I	11
02	1	607	17	I-11	I	11
02	1	608	17	N-6	N	6
02	1	609	17	D-2	D	2
02	1	610	17	E-13	E	13
02	1	611	17	I-11	I	11
02	1	612	17	D-13	D	13
02	1	613	17	M-7	M	7
02	1	614	17	E-13	E	13
02	1	615	17	E-13	E	13
02	1	616	17	D-2	D	2
02	1	617	17	D-2	D	2
02	1	618	17	E-13	E	13
02	1	619	17	E-13	E	13
02	1	620	17	E-13	E	13
02	1	621	17	D-13	D	13
02	1	622	17	I-11	I	11
02	1	623	17	M-6	M	6
02	1	624	17	E-13	E	13
02	1	625	17	I-9	I	9
02	1	626	17	E-13	E	13
02	1	627	17	E-13	E	13
02	1	628	17	E-5	E	5
02	1	629	17	E-13	E	13
02	1	630	17	M-6	M	6
02	1	631	17	E-13	E	13
02	1	632	17	I-11	I	11
02	1	633	17	I-11	I	11
02	1	634	17	I-11	I	11
02	1	635	17	J-5	J	5
02	1	636	17	I-9	I	9
02	1	637	17	E-13	E	13
02	1	638	17	D-13	D	13
02	1	639	17	I-9	I	9
02	1	640	17	I-11	I	11
02	1	641	17	E-13	E	13
02	1	642	17	E-13	E	13
02	1	643	17	G-5	G	5
02	1	644	17	E-13	E	13
02	1	645	17	G-8	G	8
02	1	646	17	M-7	M	7
02	1	647	17	M-7	M	7
02	1	648	17	M-7	M	7
02	1	649	17	E-13	E	13
02	1	650	17	N-6	N	6
02	1	651	17	N-6	N	6
02	1	652	17	B-4	B	4
02	1	653	17	F-9	F	9
02	1	654	17	N-6	N	6
02	1	655	17	E-10	E	10
02	1	656	17	N-6	N	6
02	1	657	17	D-2	D	2
02	1	658	17	I-11	I	11
02	1	659	17	I-11	I	11
02	1	660	17	E-13	E	13
02	1	661	17	I-11	I	11
02	1	662	17	E-13	E	13
02	1	663	17	N-4	N	4
02	1	664	17	E-13	E	13
02	1	665	17	D-9	D	9
02	1	666	17	D-2	D	2
02	1	667	17	I-11	I	11
02	1	668	17	I-11	I	11
02	1	669	17	N-6	N	6
02	1	670	17	D-13	D	13
02	1	671	17	I-11	I	11
02	1	672	17	F-9	F	9
02	1	673	17	N-6	N	6
02	1	674	17	N-6	N	6
02	1	675	17	E-13	E	13
02	1	676	17	E-13	E	13
02	1	677	17	E-5	E	5
02	1	678	17	E-13	E	13
02	1	679	17	D-2	D	2
02	1	680	17	M-7	M	7
02	1	681	17	E-13	E	13
02	1	682	17	N-6	N	6
02	1	683	17	I-5	I	5
02	1	684	17	D-2	D	2
02	1	685	17	E-13	E	13
02	1	687	17	E-13	E	13
02	1	688	17	J-5	J	5
02	1	689	17	B-4	B	4
02	1	690	17	E-5	E	5
02	1	691	17	I-11	I	11
02	1	692	17	E-13	E	13
02	1	693	17	E-13	E	13
02	1	694	17	E-13	E	13
02	1	695	17	E-13	E	13
02	1	697	17	E-13	E	13
02	1	698	17	M-7	M	7
02	1	699	17	M-7	M	7
02	1	701	17	D-2	D	2
02	1	702	17	I-11	I	11
02	1	703	17	D-2	D	2
02	1	704	17	E-10	E	10
02	1	705	17	N-6	N	6
02	1	706	17	D-13	D	13
02	1	708	17	G-7	G	7
02	1	709	17	M-7	M	7
02	1	710	17	N-6	N	6
02	1	711	17	I-11	I	11
02	1	712	17	B-4	B	4
02	1	713	17	I-10	I	10
02	1	714	17	I-11	I	11
02	1	715	17	B-4	B	4
02	1	716	17	L-7	L	7
02	1	717	17	I-11	I	11
02	1	718	17	E-13	E	13
02	1	719	17	G-8	G	8
02	1	720	17	J-7	J	7
02	1	721	17	G-9	G	9
02	1	722	17	M-7	M	7
02	1	723	17	E-13	E	13
02	1	724	17	I-11	I	11
02	1	725	17	B-4	B	4
02	1	727	17	E-13	E	13
02	1	728	17	I-11	I	11
02	1	729	17	E-13	E	13
02	1	730	17	N-6	N	6
02	1	731	17	E-5	E	5
02	1	732	17	E-13	E	13
02	1	733	17	E-13	E	13
02	1	734	17	J-5	J	5
02	1	735	17	M-7	M	7
02	1	736	17	J-10	J	10
02	1	737	17	E-5	E	5
02	1	739	17	E-13	E	13
02	1	740	17	E-13	E	13
02	1	741	17	D-2	D	2
02	1	742	17	E-10	E	10
02	1	743	17	E-13	E	13
02	1	744	17	E-13	E	13
02	1	745	17	E-10	E	10
02	1	746	17	D-2	D	2
02	1	747	17	I-11	I	11
02	1	748	17	J-5	J	5
02	1	749	17	I-11	I	11
02	1	750	17	E-13	E	13
02	1	751	17	E-13	E	13
02	1	752	17	F-9	F	9
02	1	753	17	I-11	I	11
02	1	754	17	D-2	D	2
02	1	755	17	N-6	N	6
02	1	756	17	B-4	B	4
02	1	757	17	E-13	E	13
02	1	758	17	I-11	I	11
02	1	759	17	M-7	M	7
02	1	760	17	I-11	I	11
02	1	761	17	J-5	J	5
02	1	762	17	E-13	E	13
02	1	763	17	F-9	F	9
02	1	764	17	D-2	D	2
02	1	765	17	H-9	H	9
02	1	766	17	E-5	E	5
02	1	767	17	N-6	N	6
02	1	768	17	E-13	E	13
02	1	769	17	D-2	D	2
02	1	770	17	D-2	D	2
02	1	771	17	E-13	E	13
02	1	772	17	J-10	J	10
02	1	773	17	B-4	B	4
02	1	774	17	E-13	E	13
02	1	775	17	I-11	I	11
02	1	776	17	E-9	E	9
02	1	777	17	M-7	M	7
02	1	778	17	E-13	E	13
02	1	779	17	D-9	D	9
02	1	780	17	N-6	N	6
02	1	781	17	E-13	E	13
02	1	782	17	E-13	E	13
02	1	783	17	E-13	E	13
02	1	784	17	N-6	N	6
02	1	785	17	J-5	J	5
02	1	786	17	D-2	D	2
02	1	787	17	N-6	N	6
02	1	788	17	I-11	I	11
02	1	789	17	L-7	L	7
02	1	791	17	D-13	D	13
02	1	793	17	I-11	I	11
02	1	794	17	I-11	I	11
02	1	795	17	M-7	M	7
02	1	796	17	I-11	I	11
02	1	797	17	E-13	E	13
02	1	798	17	I-11	I	11
02	1	799	17	I-11	I	11
02	1	801	17	M-7	M	7
02	1	802	17	G-5	G	5
02	1	803	17	D-2	D	2
02	1	804	17	M-7	M	7
02	1	805	17	N-4	N	4
02	1	806	17	E-13	E	13
02	1	807	17	J-5	J	5
02	1	808	17	L-7	L	7
02	1	809	17	I-11	I	11
02	1	810	17	E-13	E	13
02	1	811	17	F-9	F	9
02	1	812	17	L-7	L	7
02	1	813	17	J-5	J	5
02	1	814	17	E-13	E	13
02	1	816	17	L-7	L	7
02	1	817	17	E-5	E	5
02	1	818	17	E-5	E	5
02	1	819	17	I-11	I	11
02	1	820	17	D-9	D	9
02	1	821	17	M-7	M	7
02	1	822	17	D-2	D	2
02	1	823	17	E-5	E	5
02	1	824	17	I-11	I	11
02	1	825	17	J-5	J	5
02	1	826	17	D-2	D	2
02	1	827	17	E-10	E	10
02	1	828	17	D-2	D	2
02	1	829	17	G-6	G	6
02	1	830	17	I-11	I	11
02	1	831	17	N-6	N	6
02	1	832	17	D-9	D	9
02	1	833	17	N-6	N	6
02	1	834	17	M-7	M	7
02	1	835	17	F-6	F	6
02	1	836	17	B-4	B	4
02	1	837	17	I-11	I	11
02	1	838	17	I-11	I	11
02	1	839	17	I-11	I	11
02	1	840	17	I-11	I	11
02	1	841	17	I-11	I	11
02	1	843	17	D-9	D	9
02	1	844	17	E-9	E	9
02	1	846	17	B-4	B	4
02	1	847	17	M-7	M	7
02	1	848	17	M-6	M	6
02	1	849	17	B-4	B	4
02	1	850	17	D-2	D	2
02	1	851	17	I-11	I	11
02	1	852	17	E-13	E	13
02	1	853	17	I-11	I	11
02	1	854	17	I-11	I	11
02	1	855	17	I-11	I	11
02	1	856	17	I-11	I	11
02	1	857	17	I-11	I	11
02	1	858	17	E-13	E	13
02	1	859	17	F-9	F	9
02	1	860	17	D-2	D	2
02	1	861	17	M-7	M	7
02	1	862	17	D-13	D	13
02	1	864	17	J-5	J	5
02	1	865	17	E-13	E	13
02	1	867	17	B-4	B	4
02	1	868	17	E-13	E	13
02	1	869	17	I-11	I	11
02	1	870	17	I-9	I	9
02	1	871	17	E-13	E	13
02	1	872	17	F-9	F	9
02	1	873	17	F-9	F	9
02	1	874	17	E-5	E	5
02	1	875	17	L-7	L	7
02	1	876	17	M-7	M	7
02	1	877	17	D-13	D	13
02	1	878	17	B-4	B	4
02	1	879	17	J-10	J	10
02	1	880	17	E-13	E	13
02	1	881	17	E-13	E	13
02	1	883	17	E-13	E	13
02	1	884	17	I-11	I	11
02	1	885	17	D-12	D	12
02	1	886	17	I-11	I	11
02	1	887	17	M-6	M	6
02	1	888	17	I-11	I	11
02	1	889	17	N-6	N	6
02	1	890	17	E-13	E	13
02	1	891	17	E-13	E	13
02	1	892	17	I-11	I	11
02	1	893	17	I-11	I	11
02	1	894	17	I-11	I	11
02	1	895	17	I-11	I	11
02	1	896	17	E-13	E	13
02	1	897	17	E-13	E	13
02	1	898	17	E-13	E	13
02	1	899	17	E-13	E	13
02	1	900	17	E-13	E	13
02	1	901	17	E-13	E	13
02	1	902	17	D-2	D	2
02	1	903	17	I-11	I	11
02	1	904	17	I-11	I	11
02	1	905	17	E-13	E	13
02	1	906	17	J-5	J	5
02	1	907	17	E-5	E	5
02	1	908	17	E-13	E	13
02	1	909	17	N-6	N	6
02	1	910	17	I-11	I	11
02	1	911	17	N-6	N	6
02	1	912	17	I-11	I	11
02	1	913	17	J-4	J	4
02	1	914	17	I-11	I	11
02	1	915	17	D-9	D	9
02	1	916	17	B-4	B	4
02	1	917	17	B-4	B	4
02	1	918	17	D-2	D	2
02	1	919	17	N-4	N	4
02	1	920	17	E-13	E	13
02	1	923	17	E-13	E	13
02	1	924	17	I-11	I	11
02	1	925	17	N-6	N	6
02	1	926	17	E-13	E	13
02	1	927	17	E-10	E	10
02	1	928	17	E-13	E	13
02	1	929	17	D-9	D	9
02	1	930	17	B-4	B	4
02	1	931	17	N-6	N	6
02	1	932	17	N-6	N	6
02	1	933	17	N-6	N	6
02	1	934	17	D-2	D	2
02	1	935	17	I-11	I	11
02	1	936	17	E-13	E	13
02	1	937	17	B-4	B	4
02	1	938	17	E-13	E	13
02	1	939	17	D-9	D	9
02	1	940	17	D-2	D	2
02	1	941	17	N-4	N	4
02	1	942	17	M-7	M	7
02	1	943	17	I-11	I	11
02	1	945	17	I-11	I	11
02	1	946	17	E-13	E	13
02	1	947	17	E-5	E	5
02	1	948	17	E-13	E	13
02	1	949	17	M-7	M	7
02	1	950	17	I-11	I	11
02	1	951	17	E-13	E	13
02	1	952	17	E-5	E	5
02	1	953	17	B-4	B	4
02	1	954	17	I-11	I	11
02	1	955	17	I-11	I	11
02	1	956	17	E-5	E	5
02	1	957	17	E-5	E	5
02	1	958	17	E-13	E	13
02	1	959	17	B-4	B	4
02	1	960	17	I-11	I	11
02	1	961	17	E-13	E	13
02	1	962	17	B-4	B	4
02	1	963	17	G-7	G	7
02	1	964	17	E-10	E	10
02	1	965	17	E-10	E	10
02	1	966	17	E-5	E	5
02	1	967	17	I-9	I	9
02	1	968	17	E-13	E	13
02	1	969	17	N-6	N	6
02	1	970	17	E-13	E	13
02	1	971	17	E-13	E	13
02	1	972	17	I-5	I	5
02	1	973	17	E-13	E	13
02	1	974	17	I-11	I	11
02	1	975	17	I-11	I	11
02	1	976	17	I-11	I	11
02	1	977	17	E-13	E	13
02	1	978	17	I-11	I	11
02	1	979	17	B-4	B	4
02	1	980	17	D-9	D	9
02	1	981	17	D-9	D	9
02	1	982	17	E-13	E	13
02	1	983	17	M-7	M	7
02	1	984	17	E-13	E	13
02	1	985	17	E-13	E	13
02	1	986	17	F-9	F	9
02	1	987	17	N-6	N	6
02	1	988	17	E-13	E	13
02	1	989	17	J-10	J	10
02	1	990	17	I-11	I	11
02	1	992	17	D-13	D	13
02	1	995	17	E-13	E	13
02	1	996	17	E-5	E	5
02	1	997	17	E-10	E	10
02	1	998	17	D-9	D	9
02	1	999	17	M-7	M	7
02	1	1000	17	I-11	I	11
02	1	1001	17	L-6	L	6
02	1	1002	17	D-9	D	9
02	1	1003	17	J-5	J	5
02	1	1004	17	E-5	E	5
02	1	1007	17	I-11	I	11
02	1	1008	17	M-7	M	7
02	1	1009	17	G-7	G	7
02	1	1010	17	B-4	B	4
02	1	1011	17	N-6	N	6
02	1	1012	17	I-9	I	9
02	1	1013	17	N-6	N	6
02	1	1014	17	D-2	D	2
02	1	1015	17	B-4	B	4
02	1	1016	17	E-13	E	13
02	1	1017	17	M-7	M	7
02	1	1018	17	D-9	D	9
02	1	1019	17	N-6	N	6
02	1	1020	17	I-9	I	9
02	1	1021	17	I-11	I	11
02	1	1022	17	M-7	M	7
02	1	1023	17	N-6	N	6
02	1	1025	17	G-5	G	5
02	1	1026	17	I-11	I	11
02	1	1027	17	E-13	E	13
02	1	1028	17	G-7	G	7
02	1	1029	17	D-2	D	2
02	1	1030	17	I-11	I	11
02	1	1031	17	N-6	N	6
02	1	1032	17	E-13	E	13
02	1	1033	17	I-11	I	11
02	1	1034	17	M-7	M	7
02	1	1035	17	E-13	E	13
02	1	1036	17	J-5	J	5
02	1	1037	17	E-13	E	13
02	1	1039	17	I-11	I	11
02	1	1040	17	M-6	M	6
02	1	1041	17	M-7	M	7
02	1	1042	17	D-2	D	2
02	1	1043	17	I-11	I	11
02	1	1044	17	I-11	I	11
02	1	1045	17	I-11	I	11
02	1	1046	17	N-6	N	6
02	1	1047	17	E-13	E	13
02	1	1048	17	D-2	D	2
02	1	1049	17	I-11	I	11
02	1	1050	17	I-11	I	11
02	1	1051	17	I-11	I	11
02	1	1052	17	I-11	I	11
02	1	1053	17	I-11	I	11
02	1	1054	17	M-7	M	7
02	1	1055	17	E-13	E	13
02	1	1056	17	D-9	D	9
02	1	1057	17	I-11	I	11
02	1	1058	17	E-13	E	13
02	1	1059	17	I-11	I	11
02	1	1060	17	E-13	E	13
02	1	1061	17	E-10	E	10
02	1	1062	17	E-5	E	5
02	1	1064	17	E-5	E	5
02	1	1065	17	I-11	I	11
02	1	1066	17	I-11	I	11
02	1	1067	17	I-10	I	10
02	1	1068	17	B-4	B	4
02	1	1069	17	D-2	D	2
02	1	1071	17	I-11	I	11
02	1	1072	17	D-2	D	2
02	1	1073	17	G-6	G	6
02	1	1074	17	F-9	F	9
02	1	1075	17	N-6	N	6
02	1	1076	17	D-2	D	2
02	1	1077	17	I-11	I	11
02	1	1078	17	E-5	E	5
02	1	1079	17	E-10	E	10
02	1	1080	17	J-10	J	10
02	1	1081	17	E-13	E	13
02	1	1082	17	E-10	E	10
02	1	1083	17	N-6	N	6
02	1	1084	17	E-13	E	13
02	1	1085	17	E-5	E	5
02	1	1087	17	E-10	E	10
02	1	1088	17	I-11	I	11
02	1	1089	17	E-13	E	13
02	1	1090	17	D-2	D	2
02	1	1091	17	B-4	B	4
02	1	1093	17	E-13	E	13
02	1	1094	17	I-11	I	11
02	1	1095	17	I-11	I	11
02	1	1096	17	D-2	D	2
02	1	1097	17	N-6	N	6
02	1	1099	17	I-11	I	11
02	1	1100	17	I-11	I	11
02	1	1101	17	I-11	I	11
02	1	1102	17	I-9	I	9
02	1	1103	17	I-11	I	11
02	1	1104	17	I-11	I	11
02	1	1105	17	D-9	D	9
02	1	1106	17	E-5	E	5
02	1	1107	17	I-11	I	11
02	1	1108	17	B-4	B	4
02	1	1109	17	E-10	E	10
02	1	1110	17	I-10	I	10
02	1	1111	17	E-13	E	13
02	1	1112	17	M-7	M	7
02	1	1113	17	E-13	E	13
02	1	1114	17	D-2	D	2
02	1	1115	17	I-11	I	11
02	1	1117	17	D-2	D	2
02	1	1118	17	D-2	D	2
02	1	1119	17	B-4	B	4
02	1	1120	17	D-2	D	2
02	1	1121	17	E-13	E	13
02	1	1122	17	B-4	B	4
02	1	1123	17	I-11	I	11
02	1	1124	17	I-11	I	11
02	1	1125	17	D-2	D	2
02	1	1127	17	E-13	E	13
02	1	1128	17	E-5	E	5
02	1	1129	17	I-11	I	11
02	1	1130	17	D-2	D	2
02	1	1131	17	D-2	D	2
02	1	1132	17	E-13	E	13
02	1	1133	17	B-4	B	4
02	1	1134	17	E-13	E	13
02	1	1135	17	J-5	J	5
02	1	1136	17	N-6	N	6
02	1	1137	17	I-11	I	11
02	1	1138	17	D-2	D	2
02	1	1139	17	E-13	E	13
02	1	1140	17	F-9	F	9
02	1	1141	17	E-13	E	13
02	1	1142	17	I-9	I	9
02	1	1143	17	I-9	I	9
02	1	1144	17	E-13	E	13
02	1	1145	17	I-9	I	9
02	1	1146	17	B-4	B	4
02	1	1147	17	E-10	E	10
02	1	1148	17	E-13	E	13
02	1	1149	17	B-4	B	4
02	1	1150	17	E-13	E	13
02	1	1151	17	D-2	D	2
02	1	1152	17	I-11	I	11
02	1	1153	17	I-11	I	11
02	1	1154	17	M-7	M	7
02	1	1155	17	E-13	E	13
02	1	1156	17	D-2	D	2
02	1	1157	17	E-13	E	13
02	1	1158	17	E-13	E	13
02	1	1159	17	I-11	I	11
02	1	1160	17	E-13	E	13
02	1	1161	17	E-13	E	13
02	1	1162	17	F-6	F	6
02	1	1163	17	E-13	E	13
02	1	1164	17	E-13	E	13
02	1	1167	17	M-7	M	7
02	1	1168	17	D-2	D	2
02	1	1169	17	N-6	N	6
02	1	1170	17	E-13	E	13
02	1	1171	17	M-7	M	7
02	1	1172	17	D-13	D	13
02	1	1173	17	D-13	D	13
02	1	1175	17	D-2	D	2
02	1	1176	17	E-9	E	9
02	1	1177	17	E-9	E	9
02	1	1178	17	D-9	D	9
02	1	1179	17	D-9	D	9
02	1	1180	17	E-13	E	13
02	1	1181	17	I-9	I	9
02	1	1182	17	E-13	E	13
02	1	1183	17	B-4	B	4
02	1	1184	17	E-10	E	10
02	1	1185	17	I-10	I	10
02	1	1186	17	F-9	F	9
02	1	1187	17	D-2	D	2
02	1	1188	17	E-5	E	5
02	1	1189	17	E-13	E	13
02	1	1190	17	E-5	E	5
02	1	1191	17	I-11	I	11
02	1	1192	17	E-13	E	13
02	1	1193	17	D-9	D	9
02	1	1194	17	F-6	F	6
02	1	1195	17	E-5	E	5
02	1	1196	17	B-4	B	4
02	1	1197	17	E-13	E	13
02	1	1198	17	M-7	M	7
02	1	1199	17	E-13	E	13
02	1	1200	17	E-5	E	5
02	1	1201	17	E-13	E	13
02	1	1202	17	I-11	I	11
02	1	1203	17	E-13	E	13
02	1	1204	17	D-2	D	2
02	1	1205	17	N-6	N	6
02	1	1206	17	D-2	D	2
02	1	1207	17	L-7	L	7
02	1	1208	17	I-11	I	11
02	1	1209	17	M-7	M	7
02	1	1210	17	I-11	I	11
02	1	1211	17	E-13	E	13
02	1	1212	17	D-9	D	9
02	1	1214	17	I-11	I	11
02	1	1215	17	I-11	I	11
02	1	1216	17	F-9	F	9
02	1	1217	17	J-5	J	5
02	1	1218	17	I-11	I	11
02	1	1219	17	I-11	I	11
02	1	1220	17	I-11	I	11
02	1	1221	17	D-2	D	2
02	1	1222	17	M-7	M	7
02	1	1223	17	E-13	E	13
02	1	1224	17	N-6	N	6
02	1	1225	17	E-10	E	10
02	1	1226	17	E-13	E	13
02	1	1228	17	E-13	E	13
02	1	1229	17	E-13	E	13
02	1	1230	17	I-9	I	9
02	1	1231	17	E-13	E	13
02	1	1232	17	E-13	E	13
02	1	1233	17	E-5	E	5
02	1	1234	17	N-6	N	6
02	1	1235	17	E-13	E	13
02	1	1236	17	D-2	D	2
02	1	1237	17	E-13	E	13
02	1	1238	17	I-11	I	11
02	1	1239	17	E-13	E	13
02	1	1240	17	E-13	E	13
02	1	1241	17	E-13	E	13
02	1	1242	17	D-9	D	9
02	1	1243	17	E-10	E	10
02	1	1244	17	E-13	E	13
02	1	1245	17	N-6	N	6
02	1	1246	17	E-13	E	13
02	1	1247	17	E-13	E	13
02	1	1248	17	E-13	E	13
02	1	1249	17	E-13	E	13
02	1	1250	17	E-13	E	13
02	1	1251	17	I-11	I	11
02	1	1252	17	E-13	E	13
02	1	1253	17	I-11	I	11
02	1	1254	17	E-13	E	13
02	1	1255	17	D-9	D	9
02	1	1256	17	E-13	E	13
02	1	1257	17	E-13	E	13
02	1	1258	17	N-6	N	6
02	1	1259	17	D-2	D	2
02	1	1260	17	E-13	E	13
02	1	1261	17	E-13	E	13
02	1	1262	17	M-7	M	7
02	1	1263	17	E-13	E	13
02	1	1264	17	M-7	M	7
02	1	1265	17	E-13	E	13
02	1	1266	17	N-6	N	6
02	1	1267	17	D-2	D	2
02	1	1268	17	E-13	E	13
02	1	1269	17	J-10	J	10
02	1	1270	17	E-13	E	13
02	1	1271	17	D-9	D	9
02	1	1272	17	B-4	B	4
02	1	1273	17	I-11	I	11
02	1	1274	17	H-5	H	5
02	1	1275	17	N-6	N	6
02	1	1276	17	E-13	E	13
02	1	1277	17	D-2	D	2
02	1	1278	17	I-11	I	11
02	1	1279	17	I-11	I	11
02	1	1280	17	E-13	E	13
02	1	1281	17	E-9	E	9
02	1	1282	17	E-10	E	10
02	1	1283	17	E-13	E	13
02	1	1284	17	E-13	E	13
02	1	1285	17	E-13	E	13
02	1	1286	17	K-4	K	4
02	1	1287	17	F-5	F	5
02	1	1288	17	E-9	E	9
02	1	1289	17	E-9	E	9
02	1	1290	17	E-13	E	13
02	1	1291	17	G-6	G	6
02	1	1292	17	M-7	M	7
02	1	1293	17	M-7	M	7
02	1	1294	17	F-9	F	9
02	1	1295	17	E-9	E	9
02	1	1296	17	E-9	E	9
02	1	1297	17	D-2	D	2
02	1	1298	17	M-7	M	7
02	1	1299	17	J-5	J	5
02	1	1301	17	E-13	E	13
02	1	1302	17	E-13	E	13
02	1	1303	17	E-13	E	13
02	1	1304	17	F-9	F	9
02	1	1305	17	N-6	N	6
02	1	1306	17	E-5	E	5
02	1	1307	17	F-9	F	9
02	1	1308	17	E-13	E	13
02	1	1309	17	J-10	J	10
02	1	1310	17	J-10	J	10
02	1	1311	17	J-10	J	10
02	1	1312	17	I-11	I	11
02	1	1313	17	M-7	M	7
02	1	1314	17	J-10	J	10
02	1	1315	17	M-7	M	7
02	1	1316	17	E-13	E	13
02	1	1317	17	E-13	E	13
02	1	1318	17	E-10	E	10
02	1	1319	17	E-5	E	5
02	1	1320	17	I-11	I	11
02	1	1321	17	I-9	I	9
02	1	1323	17	I-11	I	11
02	1	1324	17	M-7	M	7
02	1	1325	17	E-10	E	10
02	1	1326	17	E-13	E	13
02	1	1327	17	M-7	M	7
02	1	1329	17	N-4	N	4
02	1	1330	17	E-13	E	13
02	1	1331	17	E-13	E	13
02	1	1332	17	I-10	I	10
02	1	1333	17	L-7	L	7
02	1	1334	17	I-10	I	10
02	1	1335	17	D-2	D	2
02	1	1336	17	I-9	I	9
02	1	1337	17	B-4	B	4
02	1	1338	17	E-13	E	13
02	1	1339	17	E-13	E	13
02	1	1340	17	F-6	F	6
02	1	1341	17	G-8	G	8
02	1	1342	17	N-4	N	4
02	1	1343	17	E-5	E	5
02	1	1344	17	E-13	E	13
02	1	1345	17	I-11	I	11
02	1	1346	17	J-5	J	5
02	1	1347	17	B-4	B	4
02	1	1348	17	I-11	I	11
02	1	1350	17	L-7	L	7
02	1	1351	17	N-6	N	6
02	1	1352	17	M-7	M	7
02	1	1353	17	M-7	M	7
02	1	1354	17	M-7	M	7
02	1	1355	17	M-7	M	7
02	1	1356	17	E-13	E	13
02	1	1357	17	E-13	E	13
02	1	1358	17	L-7	L	7
02	1	1359	17	D-9	D	9
02	1	1360	17	M-7	M	7
02	1	1361	17	F-9	F	9
02	1	1362	17	E-13	E	13
02	1	1364	17	E-9	E	9
02	1	1365	17	D-12	D	12
02	1	1366	17	E-13	E	13
02	1	1367	17	I-11	I	11
02	1	1368	17	E-13	E	13
02	1	1369	17	I-11	I	11
02	1	1370	17	E-13	E	13
02	1	1371	17	L-7	L	7
02	1	1372	17	D-9	D	9
02	1	1373	17	D-9	D	9
02	1	1374	17	D-12	D	12
02	1	1375	17	E-13	E	13
02	1	1376	17	I-11	I	11
02	1	1377	17	B-4	B	4
02	1	1378	17	J-5	J	5
02	1	1379	17	J-5	J	5
02	1	1380	17	J-5	J	5
02	1	1382	17	D-10	D	10
02	1	1383	17	D-13	D	13
02	1	1384	17	B-4	B	4
02	1	1385	17	N-6	N	6
02	1	1386	17	N-4	N	4
02	1	1387	17	N-4	N	4
02	1	1388	17	N-4	N	4
02	1	1389	17	N-6	N	6
02	1	1390	17	E-13	E	13
02	1	1391	17	E-13	E	13
02	1	1392	17	M-6	M	6
02	1	1393	17	D-2	D	2
02	1	1394	17	E-13	E	13
02	1	1395	17	E-13	E	13
02	1	1396	17	E-13	E	13
02	1	1397	17	D-12	D	12
02	1	1398	17	G-7	G	7
02	1	1399	17	M-6	M	6
02	1	1400	17	I-11	I	11
02	1	1401	17	G-9	G	9
02	1	1403	17	E-13	E	13
02	1	1404	17	E-13	E	13
02	1	1405	17	E-13	E	13
02	1	1406	17	E-13	E	13
02	1	1407	17	E-10	E	10
02	1	1408	17	D-13	D	13
02	1	1409	17	D-2	D	2
02	1	1410	17	D-2	D	2
02	1	1411	17	B-4	B	4
02	1	1412	17	F-9	F	9
02	1	1413	17	D-9	D	9
02	1	1414	17	K-4	K	4
02	1	1415	17	E-13	E	13
02	1	1416	17	I-9	I	9
02	1	1417	17	N-4	N	4
02	1	1418	17	M-6	M	6
02	1	1419	17	B-4	B	4
02	1	1420	17	E-5	E	5
02	1	1421	17	E-10	E	10
02	1	1422	17	E-10	E	10
02	1	1423	17	E-10	E	10
02	1	1424	17	M-6	M	6
02	1	1425	17	B-4	B	4
02	1	1426	17	N-6	N	6
02	1	1427	17	E-13	E	13
02	1	1430	17	I-11	I	11
02	1	1431	17	E-13	E	13
02	1	1432	17	E-13	E	13
02	1	1433	17	E-13	E	13
02	1	1434	17	M-6	M	6
02	1	1435	17	I-9	I	9
02	1	1436	17	I-11	I	11
02	1	1437	17	E-13	E	13
02	1	1438	17	N-6	N	6
02	1	1439	17	E-13	E	13
02	1	1440	17	E-13	E	13
02	1	1441	17	E-5	E	5
02	1	1442	17	I-11	I	11
02	1	1443	17	E-13	E	13
02	1	1444	17	E-13	E	13
02	1	1445	17	J-5	J	5
02	1	1446	17	E-13	E	13
02	1	1447	17	J-7	J	7
02	1	1448	17	M-7	M	7
02	1	1449	17	D-2	D	2
02	1	1450	17	I-11	I	11
02	1	1451	17	J-5	J	5
02	1	1452	17	J-5	J	5
02	1	1453	17	E-13	E	13
02	1	1454	17	D-9	D	9
02	1	1455	17	I-5	I	5
02	1	1456	17	E-10	E	10
02	1	1457	17	J-5	J	5
02	1	1458	17	E-13	E	13
02	1	1459	17	E-13	E	13
02	1	1460	17	G-7	G	7
02	1	1461	17	I-11	I	11
02	1	1462	17	J-5	J	5
02	1	1463	17	D-2	D	2
02	1	1464	17	E-13	E	13
02	1	1465	17	E-10	E	10
02	1	1466	17	D-9	D	9
02	1	1467	17	N-6	N	6
02	1	1468	17	E-5	E	5
02	1	1469	17	E-13	E	13
02	1	1470	17	E-13	E	13
02	1	1471	17	N-4	N	4
02	1	1472	17	E-13	E	13
02	1	1473	17	I-11	I	11
02	1	1474	17	J-5	J	5
02	1	1475	17	M-7	M	7
02	1	1476	17	E-13	E	13
02	1	1477	17	E-10	E	10
02	1	1478	17	E-13	E	13
02	1	1479	17	E-13	E	13
02	1	1480	17	E-13	E	13
02	1	1481	17	E-13	E	13
02	1	1482	17	N-4	N	4
02	1	1483	17	G-8	G	8
02	1	1484	17	N-6	N	6
02	1	1485	17	E-13	E	13
02	1	1486	17	E-13	E	13
02	1	1487	17	E-13	E	13
02	1	1488	17	N-6	N	6
02	1	1489	17	D-8	D	8
02	1	1490	17	M-7	M	7
02	1	1491	17	N-4	N	4
02	1	1492	17	N-6	N	6
02	1	1493	17	D-13	D	13
02	1	1494	17	B-4	B	4
02	1	1495	17	E-13	E	13
02	1	1496	17	E-5	E	5
02	1	1497	17	G-7	G	7
02	1	1498	17	D-2	D	2
02	1	1499	17	E-5	E	5
02	1	1500	17	D-2	D	2
02	1	1501	17	D-2	D	2
02	1	1502	17	E-5	E	5
02	1	1503	17	B-4	B	4
02	1	1504	17	E-5	E	5
02	1	1505	17	B-4	B	4
02	1	1506	17	D-9	D	9
02	1	1507	17	F-9	F	9
02	1	1508	17	D-9	D	9
02	1	1509	17	B-4	B	4
02	1	1510	17	J-5	J	5
02	1	1511	17	J-5	J	5
02	1	1512	17	B-4	B	4
02	1	1513	17	B-4	B	4
02	1	1514	17	D-2	D	2
02	1	1515	17	B-4	B	4
02	1	1516	17	J-5	J	5
02	1	1517	17	B-4	B	4
02	1	1518	17	D-9	D	9
02	1	1519	17	D-9	D	9
02	1	1520	17	G-5	G	5
02	1	1521	17	B-4	B	4
02	1	1522	17	J-5	J	5
02	1	1523	17	D-2	D	2
02	1	1524	17	D-2	D	2
02	1	1525	17	E-5	E	5
02	1	1526	17	I-5	I	5
02	1	1527	17	G-8	G	8
02	1	1528	17	E-5	E	5
02	1	1529	17	D-2	D	2
02	1	1530	17	D-9	D	9
02	1	1531	17	G-8	G	8
02	1	1532	17	E-10	E	10
02	1	1533	17	D-2	D	2
02	1	1534	17	G-8	G	8
02	1	1535	17	B-4	B	4
02	1	1536	17	D-2	D	2
02	1	1537	17	D-2	D	2
02	1	1538	17	G-8	G	8
02	1	1539	17	G-8	G	8
02	1	1540	17	E-5	E	5
02	1	1541	17	J-5	J	5
02	1	1542	17	D-9	D	9
02	1	1543	17	E-10	E	10
02	1	1544	17	E-10	E	10
02	1	1545	17	D-2	D	2
02	1	1546	17	E-9	E	9
02	1	1547	17	E-10	E	10
