result_no	generate_no	e_no	style_id	effect	mhp	msp	landform_id	condition	max_condition	ps	
17	0	1	4	2269	23200	720	5	25	30	594
17	0	2	5	3142	21516	700	1	30	30	862
17	0	3	4	169	22452	700	1	30	30	160
17	0	4	5	3142	21516	700	1	30	30	482
17	0	5	5	2514	22452	695	1	9	30	1423
17	0	6	1	805	22826	710	1	30	30	434
17	0	7	5	3866	22452	700	1	17	30	670
17	0	8	4	2186	22452	700	4	14	30	783
17	0	9	5	2167	22826	710	1	30	30	953
17	0	10	7	2169	22452	700	4	20	30	720
17	0	11	2	1509	22826	710	1	30	30	284
17	0	12	3	3326	21890	710	4	3	30	1172
17	0	13	6	2733	22826	710	1	30	30	6
17	0	14	2	3521	22826	710	1	17	30	803
17	0	15	6	1551	22826	710	4	25	30	2131
17	0	16	2	1756	21516	695	1	30	30	961
17	0	17	7	2611	23200	720	5	25	30	342
17	0	18	6	1575	23200	720	1	30	30	935
17	0	19	6	1657	22826	710	2	15	30	1201
17	0	20	5	3956	22826	710	3	7	30	1315
17	0	21	3	960	22452	700	1	11	30	1361
17	0	22	2	2857	22452	700	1	30	30	281
17	0	23	2	2492	22826	710	4	17	30	897
17	0	24	4	2433	22826	710	5	17	30	1563
17	0	25	6	1901	20581	700	1	17	30	1491
17	0	26	7	2218	22826	710	4	17	30	716
17	0	27	2	3174	22826	710	4	25	30	6
17	0	28	5	2576	21890	710	1	30	30	1251
17	0	29	4	1780	22452	700	1	30	30	1667
17	0	30	6	1859	22826	710	1	30	30	398
17	0	33	5	108	8419	325	1	30	30	5
17	0	34	5	1871	23200	685	5	25	30	1963
17	0	35	5	1481	22826	710	1	30	30	911
17	0	36	6	1514	22826	710	1	17	30	664
17	0	37	5	1839	22452	700	1	30	30	8
17	0	38	4	1595	22826	710	1	30	30	1049
17	0	39	6	2117	22452	695	5	17	30	1080
17	0	40	5	3703	22452	700	5	12	30	957
17	0	41	4	2733	22826	710	1	30	30	5
17	0	42	4	2235	22452	700	1	16	30	875
17	0	43	6	3224	22826	710	5	14	30	1239
17	0	44	4	1269	23200	720	1	30	30	258
17	0	45	3	1588	22264	695	5	25	30	471
17	0	46	4	1841	22826	710	1	30	30	997
17	0	47	7	1269	23200	720	1	30	30	268
17	0	48	4	1953	22826	695	1	30	30	1388
17	0	49	5	2839	22826	710	1	30	30	347
17	0	50	2	2055	22452	700	2	13	30	1089
17	0	52	2	2407	23200	720	3	8	30	1731
17	0	53	4	3142	22452	700	1	30	30	392
17	0	54	5	2599	22826	710	4	25	30	2
17	0	55	7	3703	22452	700	5	12	30	937
17	0	56	5	1919	22452	700	1	30	30	486
17	0	57	3	772	22826	695	1	30	30	711
17	0	58	4	1845	23200	720	2	30	30	1817
17	0	59	5	2448	22452	700	1	30	30	639
17	0	60	7	2317	23200	720	3	6	30	1496
17	0	61	4	2791	22826	710	1	30	30	253
17	0	62	2	3368	22452	700	1	6	30	1236
17	0	63	7	1610	22826	710	2	15	30	2121
17	0	65	5	805	22826	710	1	30	30	384
17	0	66	4	1474	22826	710	1	30	30	702
17	0	67	5	624	20581	650	3	1	30	698
17	0	69	4	4010	22452	700	3	5	30	1161
17	0	70	3	1933	23200	720	2	25	30	677
17	0	71	4	2133	22452	700	1	30	30	1547
17	0	72	5	3368	22452	700	1	7	30	1056
17	0	73	4	3309	22452	700	1	30	30	397
17	0	74	5	1022	20581	650	1	30	30	1225
17	0	75	3	3224	22826	710	5	14	30	1084
17	0	76	5	3790	22452	700	5	21	30	497
17	0	77	4	2485	22452	700	1	30	30	2480
17	0	78	3	466	12161	425	1	30	30	556
17	0	79	2	1269	23200	720	1	30	30	598
17	0	81	6	1578	21516	675	5	15	30	2074
17	0	82	4	3135	22826	710	4	2	30	1460
17	0	83	2	1434	16839	500	1	2	30	1105
17	0	84	4	1674	22452	700	2	30	30	1292
17	0	85	4	3970	22452	700	1	16	30	908
17	0	86	5	2167	22452	710	1	30	30	1053
17	0	87	3	1517	22452	675	2	1	30	1551
17	0	88	2	1253	22452	700	1	30	30	347
17	0	89	2	2339	21890	695	5	25	30	960
17	0	90	4	2578	21516	700	3	25	30	497
17	0	91	2	3135	22826	710	4	3	30	1490
17	0	92	4	1558	22452	700	5	25	30	645
17	0	93	3	749	21890	685	2	30	30	1516
17	0	94	3	3336	22826	710	5	25	30	26
17	0	95	4	1265	23200	695	1	30	30	729
17	0	96	5	1794	19645	625	4	13	30	2024
17	0	97	7	3309	22452	700	1	30	30	457
17	0	98	4	1595	22826	710	1	30	30	1099
17	0	99	2	2037	22452	700	5	17	30	779
17	0	100	4	3587	22826	710	1	17	30	818
17	0	101	4	2580	22826	710	5	5	30	1595
17	0	102	3	2580	22826	710	5	4	30	2141
17	0	103	5	2785	22826	710	5	17	30	756
17	0	104	4	4109	22826	710	5	17	30	587
17	0	105	5	4040	22826	710	2	21	30	800
17	0	106	6	3246	23200	720	1	30	30	279
17	0	107	7	1490	23200	720	1	30	30	697
17	0	108	7	650	22452	700	1	30	30	1362
17	0	110	4	2259	22452	700	2	11	30	1406
17	0	111	7	3345	23200	720	4	17	30	830
17	0	113	5	1464	22452	700	1	30	30	603
17	0	115	4	1325	22452	675	1	30	30	966
17	0	116	3	2501	22452	700	1	12	30	1397
17	0	117	7	2694	22452	700	5	16	30	1693
17	0	118	6	2167	22826	710	1	30	30	1023
17	0	119	2	1018	21516	675	2	30	30	1002
17	0	120	3	2514	22452	600	1	9	30	1763
17	0	121	7	1041	22452	700	2	30	30	193
17	0	122	5	1333	21516	700	2	30	30	1778
17	0	123	4	1633	23387	730	2	25	30	692
17	0	125	4	2516	22452	695	4	21	30	1687
17	0	126	7	3713	22452	695	5	13	30	869
17	0	127	5	3602	22452	700	5	21	30	725
17	0	128	4	1134	22452	700	2	30	30	162
17	0	129	5	769	22452	700	1	5	30	1007
17	0	130	4	2317	23200	720	3	6	30	1546
17	0	132	2	2972	22826	710	1	30	30	2344
17	0	133	6	1593	23574	695	5	25	30	519
17	0	134	2	3703	22452	700	5	12	30	982
17	0	135	3	1563	19645	625	4	20	30	2105
17	0	136	7	2703	23200	720	5	25	30	764
17	0	137	4	1096	20581	650	2	1	30	1191
17	0	138	8	2133	22452	700	1	30	30	1562
17	0	141	6	3367	22826	710	2	4	30	1094
17	0	142	6	2841	22452	695	1	30	30	1449
17	0	144	2	1833	22452	700	1	30	30	1108
17	0	145	4	3703	22452	700	5	12	30	956
17	0	146	4	613	11226	400	2	30	30	1029
17	0	147	5	3333	22826	710	5	25	30	722
17	0	148	4	2610	22452	700	5	25	30	382
17	0	150	6	2227	22826	710	1	30	30	1956
17	0	151	4	1668	23200	720	5	25	30	71
17	0	152	4	1839	22452	700	1	30	30	210
17	0	153	4	1947	23200	720	4	20	30	1175
17	0	154	1	471	22826	710	1	30	30	559
17	0	155	6	2133	22452	700	1	30	30	1547
17	0	156	4	2075	20581	700	1	30	30	2198
17	0	157	2	2069	23200	720	5	25	30	7
17	0	158	3	3116	22452	700	5	16	30	796
17	0	159	6	2906	22826	710	4	13	30	817
17	0	160	7	2269	23200	720	5	25	30	741
17	0	161	8	1223	23200	720	1	30	30	330
17	0	162	6	1588	22452	700	4	7	30	1843
17	0	163	1	1088	22826	710	1	30	30	733
17	0	164	4	836	23200	720	2	30	30	945
17	0	165	4	2038	22452	700	5	17	30	1129
17	0	166	7	2578	22452	700	3	25	30	797
17	0	168	5	1400	22826	710	1	20	30	583
17	0	169	3	3246	23200	720	1	30	30	805
17	0	170	7	2235	22452	700	1	16	30	875
17	0	171	5	2714	22826	710	5	16	30	1129
17	0	172	2	2812	22452	700	2	30	30	690
17	0	173	6	3418	22826	710	5	16	30	1099
17	0	174	2	2717	22452	695	5	8	30	1040
17	0	175	5	921	19645	625	1	0	30	974
17	0	176	5	1365	14032	475	4	20	30	1564
17	0	178	4	1902	23200	720	2	20	30	1825
17	0	179	3	1389	22452	700	4	13	30	813
17	0	180	4	2133	22452	700	1	30	30	347
17	0	181	3	1895	22826	710	1	12	30	1048
17	0	182	4	1421	22826	710	1	30	30	805
17	0	183	4	2591	22452	700	5	16	30	674
17	0	184	4	2069	23200	720	5	25	30	67
17	0	185	2	4230	22452	700	5	25	30	731
17	0	186	3	1325	20581	695	1	30	30	2166
17	0	187	2	2717	20581	700	5	6	30	1015
17	0	188	6	3538	22452	700	1	16	30	964
17	0	189	5	1633	23574	730	2	25	30	708
17	0	190	6	2492	22826	710	4	17	30	1077
17	0	191	7	1254	23200	720	1	30	30	41
17	0	193	5	1333	22452	650	2	30	30	748
17	0	194	6	2970	23200	720	1	30	30	1559
17	0	195	2	2970	23200	720	1	30	30	207
17	0	197	7	271	14968	450	2	30	30	336
17	0	198	3	1945	21890	695	3	12	30	1129
17	0	199	4	1013	22452	695	2	30	30	1096
17	0	200	5	2389	23200	720	5	25	30	495
17	0	201	2	1859	22826	710	1	30	30	3
17	0	202	7	697	22452	525	1	30	30	261
17	0	203	4	3068	22826	710	5	17	30	777
17	0	204	5	3619	22826	710	5	6	30	1044
17	0	205	3	2578	22452	700	3	25	30	2205
17	0	206	3	2339	23200	720	5	25	30	169
17	0	207	4	2510	22452	700	5	17	30	1187
17	0	208	4	386	7484	300	3	22	30	313
17	0	209	5	1711	23200	720	5	25	30	280
17	0	210	4	2611	23200	720	5	25	30	329
17	0	211	2	1575	23200	720	1	30	30	935
17	0	213	2	1866	22452	700	2	30	30	952
17	0	214	3	1967	22452	700	1	15	30	1233
17	0	215	5	2731	22826	710	1	30	30	175
17	0	216	4	2202	22452	700	3	15	30	2495
17	0	217	7	1568	23574	730	5	25	30	539
17	0	218	4	1925	22826	710	1	30	30	823
17	0	219	6	2269	23200	720	5	25	30	344
17	0	221	4	2782	22826	710	4	13	30	1031
17	0	222	4	3520	22826	710	1	17	30	921
17	0	223	4	2156	22264	695	5	15	30	1402
17	0	224	4	2259	22452	700	2	12	30	1306
17	0	226	5	1110	23200	720	4	25	30	743
17	0	227	6	583	7484	350	3	19	30	619
17	0	228	3	999	22452	695	2	30	30	274
17	0	229	7	2259	22452	695	2	11	30	1391
17	0	231	4	2703	23200	720	5	25	30	819
17	0	232	4	687	21516	675	1	12	30	832
17	0	233	3	1594	23200	720	1	30	30	1024
17	0	234	7	802	22452	695	1	25	30	919
17	0	235	4	2707	22452	700	3	25	30	1120
17	0	236	3	2072	22826	710	5	15	30	484
17	0	238	4	2955	22826	710	5	25	30	6
17	0	239	3	2166	22826	320	1	30	30	66
17	0	240	5	1298	22826	710	2	30	30	144
17	0	242	3	1564	22452	700	1	20	30	1877
17	0	244	5	2036	22452	700	5	17	30	552
17	0	248	2	1578	20581	650	5	15	30	2074
17	0	249	4	1041	22452	700	2	30	30	653
17	0	250	7	1901	22452	695	1	16	30	871
17	0	251	2	3465	23200	720	4	17	30	615
17	0	253	5	2202	22452	700	3	15	30	890
17	0	255	4	2571	23200	720	5	25	30	396
17	0	256	7	2399	22826	710	3	8	30	947
17	0	257	3	3698	22826	710	2	20	30	250
17	0	258	5	898	22452	700	1	30	30	871
17	0	260	2	1554	22452	700	5	20	30	863
17	0	261	5	2317	23200	720	3	6	30	1546
17	0	262	3	1756	21516	695	1	30	30	1747
17	0	263	5	2527	22826	710	1	30	30	1296
17	0	265	3	2970	21890	720	1	30	30	929
17	0	266	1	1899	22452	700	1	30	30	765
17	0	267	7	2356	22452	700	1	30	30	2186
17	0	268	7	2757	22826	710	5	12	30	1506
17	0	269	4	1084	22264	710	1	30	30	85
17	0	270	4	2881	23200	720	1	30	30	700
17	0	271	3	2576	22452	700	1	30	30	1251
17	0	272	4	2812	22452	700	2	30	30	960
17	0	273	6	1223	23200	685	1	30	30	701
17	0	274	3	2475	22452	700	5	25	30	96
17	0	275	4	1657	22826	710	2	15	30	1701
17	0	276	4	2527	22826	710	1	30	30	1109
17	0	277	3	1801	22639	720	1	30	30	1117
17	0	278	5	936	23200	720	1	30	30	939
17	0	279	4	2682	22452	700	1	30	30	1518
17	0	281	4	2202	22452	700	3	15	30	1147
17	0	282	5	2093	21890	685	1	30	30	637
17	0	283	4	1258	22452	700	1	30	30	688
17	0	284	7	1551	22826	710	4	25	30	1731
17	0	285	4	2576	22826	710	1	30	30	1136
17	0	286	6	1274	22826	710	5	25	30	589
17	0	288	4	1806	22452	700	2	21	30	789
17	0	289	5	2066	22452	695	3	23	30	533
17	0	290	2	1594	22826	710	4	25	30	2217
17	0	295	7	1325	22452	700	1	30	30	2066
17	0	296	6	1947	23200	720	4	20	30	1505
17	0	297	2	1741	22452	700	4	20	30	913
17	0	298	7	1588	22452	695	4	8	30	1843
17	0	299	5	3135	22826	710	4	2	30	1455
17	0	300	3	1490	23200	720	1	30	30	322
17	0	301	3	2806	22452	700	5	25	30	131
17	0	302	4	1569	22826	700	4	25	30	2188
17	0	303	2	3134	22826	710	1	30	30	1313
17	0	304	2	1895	22826	710	1	10	30	908
17	0	305	2	2624	22452	695	1	30	30	1904
17	0	306	2	604	22452	675	3	0	30	795
17	0	307	4	2492	22826	710	4	17	30	877
17	0	308	6	2707	21516	700	1	30	30	1466
17	0	310	5	1031	22826	710	1	30	30	1413
17	0	311	3	2665	22452	700	5	17	30	827
17	0	312	3	3017	22452	700	5	17	30	1312
17	0	313	3	1720	17774	450	4	20	30	2160
17	0	314	6	814	17961	585	1	30	30	1216
17	0	315	4	3121	22826	710	1	30	30	1277
17	0	317	6	2121	22452	700	5	21	30	898
17	0	319	5	1851	22826	710	1	30	30	3
17	0	321	2	3866	22452	700	1	17	30	660
17	0	322	4	1701	23200	720	3	27	30	484
17	0	323	2	1755	12161	425	1	20	30	1853
17	0	326	7	2731	22826	710	1	30	30	1503
17	0	327	2	1925	22826	710	1	30	30	823
17	0	329	5	2707	22452	700	3	25	30	792
17	0	330	4	802	22452	700	1	25	30	1034
17	0	331	2	2733	22826	710	1	30	30	6
17	0	332	2	2306	23200	720	1	30	30	238
17	0	333	2	2173	23574	730	1	21	30	760
17	0	334	6	1933	23200	720	2	25	30	27
17	0	336	2	3713	22452	700	5	13	30	869
17	0	337	2	1967	14968	650	1	15	30	1533
17	0	339	4	1657	22826	710	2	15	30	1901
17	0	341	2	2266	23200	720	5	26	30	754
17	0	342	7	3217	22452	700	1	8	30	1879
17	0	344	3	3174	22826	710	4	25	30	90
17	0	345	3	1274	22826	710	5	25	30	894
17	0	346	6	1878	22826	710	4	13	30	1374
17	0	347	2	2273	22452	700	1	16	30	651
17	0	348	3	2334	22452	700	1	16	30	570
17	0	349	5	1582	22452	700	1	30	30	1823
17	0	350	2	2169	22452	700	4	20	30	1010
17	0	351	7	678	21516	675	5	26	30	750
17	0	352	6	2356	22452	700	1	30	30	2216
17	0	353	4	1534	22077	720	1	30	30	578
17	0	354	4	2037	22452	700	5	16	30	909
17	0	356	3	2268	22826	710	1	15	30	913
17	0	357	4	2901	22826	710	5	17	30	1634
17	0	358	4	1479	22452	700	1	18	30	1672
17	0	360	7	1833	22452	700	1	30	30	1508
17	0	361	7	3053	22452	700	5	16	30	1005
17	0	362	7	3117	23200	720	3	5	30	1397
17	0	363	3	3713	22452	700	5	14	30	869
17	0	365	2	1601	21516	700	1	30	30	1368
17	0	366	2	3465	23200	720	4	18	30	615
17	0	367	5	2197	22452	700	1	27	30	689
17	0	368	3	1804	17774	200	1	0	30	1834
17	0	369	7	2791	22826	710	1	30	30	527
17	0	370	6	1370	22826	710	1	30	30	726
17	0	371	5	1157	22826	710	4	25	30	171
17	0	372	3	2173	23574	730	1	21	30	891
17	0	373	5	2687	23200	720	1	30	30	110
17	0	374	5	2641	22452	695	1	30	30	1888
17	0	375	4	2514	22452	700	1	9	30	1533
17	0	377	3	1761	22826	710	3	25	30	366
17	0	378	2	2173	23574	730	1	21	30	666
17	0	380	4	2694	22452	700	5	15	30	1088
17	0	381	6	2342	22452	700	5	17	30	1206
17	0	382	5	1953	22826	710	1	30	30	1363
17	0	383	4	3117	23200	720	3	6	30	1552
17	0	384	1	2694	22452	700	5	15	30	2788
17	0	385	2	1490	22264	695	1	30	30	817
17	0	386	7	1333	22452	700	2	30	30	158
17	0	388	5	2227	22826	710	1	30	30	1916
17	0	389	3	1044	22452	700	1	2	30	613
17	0	390	6	1595	22826	710	1	30	30	949
17	0	392	7	3401	22452	700	4	21	30	685
17	0	394	4	2653	22826	710	4	2	30	1125
17	0	397	3	1646	22452	695	4	7	30	1891
17	0	398	3	3889	22452	700	2	21	30	615
17	0	399	7	3465	23200	720	4	17	30	635
17	0	401	4	2166	22826	710	1	30	30	345
17	0	402	2	1400	22826	695	1	20	30	1503
17	0	403	7	1622	22452	700	2	21	30	399
17	0	404	4	3044	22452	700	5	21	30	980
17	0	405	6	1088	22826	700	1	30	30	273
17	0	406	3	2317	23200	720	3	7	30	1696
17	0	407	5	1821	18710	600	1	2	30	1573
17	0	409	3	2173	23574	730	1	21	30	1153
17	0	410	5	1732	21516	675	2	2	30	1588
17	0	411	4	2475	21516	700	5	25	30	41
17	0	412	4	661	22826	710	2	30	30	1211
17	0	413	5	1668	22826	710	3	25	30	257
17	0	414	3	1835	23200	720	2	30	30	785
17	0	415	2	2703	23200	720	5	25	30	397
17	0	416	2	3246	23200	720	1	30	30	475
17	0	417	5	2072	22826	710	5	15	30	484
17	0	418	6	1771	23200	720	3	10	30	1179
17	0	419	4	3246	23200	720	1	30	30	1505
17	0	420	4	2433	22826	710	5	17	30	1373
17	0	421	2	1048	22826	710	1	30	30	733
17	0	422	4	3402	23200	720	4	16	30	824
17	0	423	3	3866	22452	700	1	17	30	460
17	0	424	7	2425	22452	700	5	16	30	911
17	0	425	4	3757	22826	710	2	30	30	1571
17	0	426	3	1325	22452	700	1	30	30	766
17	0	427	4	1878	22826	710	4	13	30	1524
17	0	428	7	2174	22826	710	1	30	30	1671
17	0	430	7	2510	22452	700	5	17	30	1587
17	0	431	7	2433	22826	710	5	17	30	853
17	0	432	4	1258	22452	700	1	30	30	1468
17	0	433	4	1895	22826	710	1	10	30	1028
17	0	434	4	1829	22826	710	3	13	30	1253
17	0	435	2	3889	22452	700	2	21	30	595
17	0	436	5	2711	23200	720	5	25	30	642
17	0	437	9	110	16839	550	1	14	30	5
17	0	438	2	108	3742	200	1	15	30	5
17	0	440	4	2389	22639	720	5	25	30	1414
17	0	442	3	1947	22826	710	1	30	30	831
17	0	443	5	1517	22452	700	5	20	30	1194
17	0	444	4	2571	23200	720	5	25	30	311
17	0	445	2	2186	22452	700	4	14	30	603
17	0	446	4	2297	22826	710	4	12	30	925
17	0	447	4	3117	23200	720	3	6	30	1542
17	0	448	7	2599	22452	695	4	25	30	2
17	0	449	4	1100	22826	710	2	30	30	499
17	0	450	4	2857	22452	700	1	30	30	2432
17	0	451	4	839	22826	710	1	30	30	193
17	0	452	5	2269	23200	720	5	25	30	587
17	0	453	2	4010	22452	700	3	7	30	1150
17	0	454	5	1317	12161	425	1	25	30	1257
17	0	455	4	2037	22452	700	5	17	30	839
17	0	456	4	1393	22826	710	1	30	30	1621
17	0	458	6	1484	22452	700	1	20	30	1284
17	0	461	2	2320	22826	710	4	25	30	35
17	0	462	4	1874	22452	700	3	13	30	1039
17	0	463	2	3309	22452	700	1	30	30	37
17	0	464	7	3173	22826	710	4	25	30	27
17	0	465	3	2915	22452	700	5	17	30	866
17	0	466	2	2596	22452	700	1	30	30	1527
17	0	467	6	1441	11226	400	1	25	30	1148
17	0	468	2	3345	23200	720	4	17	30	900
17	0	469	2	999	22452	700	2	30	30	694
17	0	470	4	4186	22826	710	1	6	30	1121
17	0	472	6	3236	22452	700	1	30	30	1659
17	0	473	6	2806	22452	700	5	25	30	80
17	0	474	1	2806	22452	700	5	25	30	20
17	0	475	5	4010	21516	700	3	6	30	1176
17	0	476	5	3307	22452	700	1	30	30	3048
17	0	477	4	1213	22452	650	2	30	30	865
17	0	480	5	2320	21890	685	4	25	30	1005
17	0	481	4	2549	22452	700	5	16	30	757
17	0	483	5	1563	21516	700	4	21	30	2105
17	0	484	4	1484	22452	700	1	30	30	451
17	0	485	6	2791	22826	695	1	30	30	201
17	0	486	5	2791	22826	710	1	30	30	275
17	0	487	5	1801	23200	720	1	30	30	817
17	0	488	2	1380	22452	700	1	25	30	663
17	0	490	2	1594	23200	720	1	30	30	274
17	0	491	6	1429	22452	700	1	30	30	1112
17	0	492	2	1770	23200	720	5	14	30	1327
17	0	493	2	2381	22826	700	4	11	30	1163
17	0	494	6	2610	22452	700	5	25	30	12
17	0	495	7	1756	21516	710	1	30	30	676
17	0	496	7	1858	22826	695	4	11	30	1101
17	0	497	4	1858	22826	695	4	11	30	1121
17	0	498	5	3001	22826	710	4	15	30	1038
17	0	499	4	2273	22452	700	1	16	30	650
17	0	500	4	1782	22826	710	1	30	30	383
17	0	501	5	2064	22826	710	1	30	30	535
17	0	502	4	3418	22826	710	5	16	30	1369
17	0	503	5	1581	22452	700	1	30	30	1309
17	0	504	4	1949	22826	710	4	16	30	1311
17	0	506	3	1094	22826	710	1	30	30	1605
17	0	507	2	1094	22826	710	1	30	30	970
17	0	510	3	1298	22826	710	2	30	30	954
17	0	512	4	3174	22826	710	4	25	30	40
17	0	513	3	1443	22452	695	5	20	30	905
17	0	514	4	2599	22452	710	4	25	30	62
17	0	515	3	2610	22452	700	5	25	30	31
17	0	516	5	1899	22452	700	1	30	30	1975
17	0	517	5	3142	22452	700	1	30	30	1232
17	0	518	7	2053	21516	700	4	17	30	687
17	0	519	7	1042	23574	730	1	30	30	654
17	0	520	9	108	8419	300	2	30	30	5
17	0	523	4	2289	22826	710	3	9	30	1370
17	0	524	3	2057	22452	695	2	30	30	481
17	0	525	3	802	22452	695	1	25	30	1074
17	0	526	2	2200	22826	710	1	30	30	1782
17	0	527	5	3101	22826	695	1	30	30	2480
17	0	528	4	3101	22826	710	1	30	30	2514
17	0	529	6	1731	22826	710	3	25	30	1259
17	0	530	6	1148	22452	700	2	30	30	342
17	0	532	6	2053	22452	695	4	17	30	687
17	0	533	7	2576	22826	710	1	30	30	1251
17	0	534	6	1021	22826	710	1	30	30	845
17	0	535	6	2901	22826	710	5	17	30	1074
17	0	536	5	2578	21516	700	1	30	30	811
17	0	537	3	2053	22452	700	4	17	30	627
17	0	538	1	1933	23200	720	2	25	30	29
17	0	539	7	2901	22826	710	5	16	30	2194
17	0	540	5	108	3742	200	1	30	30	5
17	0	541	4	2868	22826	710	4	4	30	1300
17	0	543	4	936	23200	720	1	30	30	733
17	0	544	5	1723	23200	720	1	21	30	234
17	0	545	5	1086	22452	700	2	9	30	1401
17	0	546	6	1567	22452	700	1	30	30	1028
17	0	547	5	1688	22826	710	1	30	30	1864
17	0	548	3	3451	22826	710	5	17	30	767
17	0	549	5	108	19645	625	2	30	30	5
17	0	550	7	2564	22826	710	4	17	30	1148
17	0	551	5	2202	22452	700	3	15	30	1632
17	0	552	7	2186	22452	700	4	14	30	1093
17	0	553	4	2186	22452	700	4	15	30	893
17	0	554	5	591	22452	700	1	12	30	592
17	0	555	4	3465	23200	720	4	18	30	435
17	0	556	3	1287	22826	710	1	30	30	1268
17	0	557	2	2603	23200	720	5	25	30	329
17	0	561	4	836	23200	720	2	30	30	1216
17	0	562	3	2167	22826	710	1	30	30	433
17	0	563	4	2169	22452	700	4	20	30	750
17	0	564	4	2956	22826	710	1	30	30	3966
17	0	565	1	1235	22452	700	3	6	30	1053
17	0	566	3	2407	23200	720	3	8	30	1671
17	0	567	3	3309	21516	695	2	30	30	3916
17	0	568	4	3303	21890	710	2	30	30	2653
17	0	570	2	1463	22452	700	1	30	30	1890
17	0	571	2	2053	22452	700	4	17	30	627
17	0	572	5	1578	19645	625	5	16	30	2074
17	0	575	2	692	22826	710	1	30	30	587
17	0	577	5	1764	20581	695	1	30	30	1157
17	0	579	4	711	22452	700	2	20	30	459
17	0	580	5	2612	22826	710	2	30	30	1512
17	0	581	3	1836	22452	695	3	7	30	1140
17	0	582	6	1701	23200	720	3	27	30	294
17	0	583	5	2311	22452	710	2	30	30	1480
17	0	584	4	2174	22452	700	1	12	30	1575
17	0	585	6	1594	23200	720	1	30	30	274
17	0	586	8	2881	23200	720	1	30	30	580
17	0	587	4	2062	22826	695	1	30	30	802
17	0	588	5	1042	23574	730	1	30	30	4
17	0	591	5	2910	22452	700	2	21	30	1112
17	0	592	4	2306	23200	720	1	30	30	11
17	0	593	8	1453	22826	710	2	30	30	302
17	0	596	5	4219	22452	700	5	21	30	1305
17	0	597	2	3308	22452	700	5	17	30	452
17	0	598	6	2029	22452	700	5	25	30	334
17	0	599	7	982	21516	700	1	11	30	1371
17	0	600	2	888	23200	695	2	30	30	447
17	0	601	6	2571	23200	720	5	25	30	501
17	0	602	6	1743	22826	710	3	25	30	1294
17	0	603	4	3367	22826	710	2	3	30	1374
17	0	604	4	839	22826	710	1	30	30	1043
17	0	605	2	2707	22452	700	3	25	30	1151
17	0	606	4	2548	22452	700	5	20	30	283
17	0	607	2	2548	22452	700	5	20	30	283
17	0	608	8	2309	22826	710	4	17	30	632
17	0	610	4	912	22452	700	1	30	30	451
17	0	611	4	2266	23200	720	5	25	30	469
17	0	612	4	1993	22452	700	5	20	30	1423
17	0	613	7	1110	23200	720	4	25	30	354
17	0	614	4	2263	21890	710	5	16	30	1357
17	0	616	5	643	22826	710	1	30	30	334
17	0	618	2	1633	23574	730	2	25	30	583
17	0	619	6	1633	23574	730	2	25	30	712
17	0	620	4	1948	22826	710	2	30	30	1728
17	0	621	5	635	16839	450	5	15	30	865
17	0	622	5	1953	23200	720	5	25	30	909
17	0	624	4	2731	22826	710	1	30	30	625
17	0	625	4	2320	22826	710	4	25	30	155
17	0	626	4	1042	23387	730	1	30	30	1204
17	0	627	2	3236	22452	700	1	30	30	1609
17	0	628	5	1551	22452	700	1	30	30	1267
17	0	629	5	1589	21516	675	1	9	30	1839
17	0	631	4	1824	22826	700	5	25	30	1
17	0	634	3	1933	23200	720	2	25	30	27
17	0	635	6	839	22826	710	1	30	30	1243
17	0	636	4	2320	22826	710	4	25	30	1085
17	0	637	2	2717	22452	700	5	6	30	1440
17	0	638	2	506	21516	675	4	25	30	763
17	0	639	2	3367	22826	710	2	5	30	1583
17	0	640	8	447	22452	695	3	20	30	573
17	0	641	2	902	22826	710	2	30	30	963
17	0	642	2	902	21516	625	2	30	30	1146
17	0	643	5	108	3742	200	1	20	30	5
17	0	644	4	1312	22826	710	1	11	30	1368
17	0	645	4	2557	20019	710	4	25	30	12
17	0	646	5	3275	21516	700	5	17	30	772
17	0	647	6	2591	22452	700	5	15	30	1114
17	0	648	5	1667	21516	650	5	7	30	1079
17	0	649	3	2611	23200	720	5	25	30	329
17	0	651	2	3309	20955	710	2	30	30	2071
17	0	653	7	1601	19645	625	1	30	30	1368
17	0	654	5	1070	22452	700	4	25	30	386
17	0	656	4	1213	22452	700	4	25	30	676
17	0	658	3	1261	23200	720	1	30	30	771
17	0	659	6	2306	23200	720	1	30	30	47
17	0	660	3	2356	22452	675	1	30	30	1816
17	0	661	4	3866	22452	700	1	17	30	670
17	0	663	4	1517	22452	700	5	21	30	629
17	0	664	6	1443	22452	700	5	20	30	885
17	0	667	4	3310	22826	685	3	6	30	1033
17	0	668	7	1953	23200	720	5	25	30	1279
17	0	669	7	1258	22452	695	1	30	30	458
17	0	670	5	1086	16839	550	2	9	30	1351
17	0	671	4	2399	22826	710	3	10	30	983
17	0	672	5	1717	20581	650	1	4	30	1517
17	0	673	2	3401	22452	700	4	21	30	765
17	0	676	4	3102	22826	710	4	3	30	1322
17	0	678	3	3117	23200	720	3	6	30	1502
17	0	680	4	951	22452	700	2	30	30	2162
17	0	681	2	2571	23200	720	5	25	30	1
17	0	682	3	3401	22452	700	4	20	30	955
17	0	685	4	2072	22826	710	5	15	30	454
17	0	687	2	1554	22452	700	1	25	30	517
17	0	688	5	648	18710	675	1	5	30	543
17	0	689	5	917	21516	675	3	25	30	1437
17	0	690	5	133	3742	200	1	30	30	48
17	0	691	3	2000	23200	720	4	17	30	1038
17	0	692	2	2731	22826	695	1	30	30	485
17	0	693	3	3450	22452	700	5	25	30	279
17	0	694	5	3236	22452	700	1	30	30	1559
17	0	695	3	2624	22452	700	1	30	30	2021
17	0	697	4	1443	22452	700	5	20	30	1335
17	0	699	4	3118	22826	710	5	25	30	181
17	0	702	6	2415	22826	710	4	20	30	1111
17	0	705	3	2485	22826	710	1	30	30	2284
17	0	706	5	1086	22452	700	2	10	30	1121
17	0	709	5	3118	22826	710	5	25	30	43
17	0	710	6	1400	22826	710	1	20	30	903
17	0	711	4	2399	22826	710	3	9	30	1046
17	0	713	4	2166	22826	710	1	30	30	281
17	0	714	7	1595	22826	710	1	30	30	1099
17	0	716	7	2910	22452	700	2	21	30	1452
17	0	717	5	1453	22826	710	2	30	30	697
17	0	718	7	1443	22452	675	5	20	30	1345
17	0	719	1	1869	22452	700	1	30	30	1097
17	0	720	4	1134	20581	575	2	30	30	1362
17	0	722	6	2591	22452	700	5	17	30	1334
17	0	723	2	3326	22826	710	4	2	30	1142
17	0	724	4	3043	22452	700	1	30	30	2014
17	0	727	4	2692	22826	710	5	17	30	1525
17	0	728	7	1829	19645	635	3	10	30	2413
17	0	729	7	2692	22826	710	5	17	30	1190
17	0	730	6	1288	22826	710	1	30	30	928
17	0	731	5	887	22452	700	3	24	30	1538
17	0	732	3	2624	22452	700	1	30	30	1779
17	0	733	5	2026	22452	700	4	5	30	1189
17	0	735	4	2591	22452	700	5	17	30	1114
17	0	736	3	1967	22452	700	1	30	30	788
17	0	737	7	457	21516	675	1	30	30	254
17	0	739	2	1688	22452	700	1	30	30	1764
17	0	740	4	1871	23200	720	5	25	30	443
17	0	741	5	1764	22452	700	1	30	30	1487
17	0	742	5	1438	22452	700	5	10	30	226
17	0	743	7	1692	22452	700	2	30	30	1292
17	0	744	6	1692	20581	675	2	30	30	1342
17	0	747	4	1771	23200	720	3	13	30	1009
17	0	748	3	2365	22452	695	5	11	30	1113
17	0	750	5	3067	22826	710	5	17	30	782
17	0	751	4	2005	22826	710	5	25	30	540
17	0	752	6	334	21516	675	1	13	30	379
17	0	753	6	1253	22826	695	1	30	30	287
17	0	755	5	3401	22452	700	4	21	30	1525
17	0	757	5	2301	22826	710	4	11	30	1238
17	0	758	2	1771	23200	720	3	10	30	1429
17	0	760	3	1253	22826	710	1	30	30	537
17	0	762	2	4186	22826	710	1	5	30	1123
17	0	763	6	1587	20581	675	1	30	30	1318
17	0	765	5	986	22452	700	1	5	30	1115
17	0	767	2	1550	22452	700	2	30	30	585
17	0	768	6	1899	19645	700	1	30	30	420
17	0	771	5	1777	22452	700	1	30	30	2319
17	0	772	5	1128	22452	700	1	30	30	1351
17	0	774	4	789	22452	695	1	25	30	554
17	0	775	4	2210	22452	700	2	30	30	1877
17	0	777	3	4040	22826	710	2	21	30	791
17	0	778	6	3520	22826	710	1	17	30	909
17	0	779	6	1541	23200	720	1	30	30	678
17	0	780	3	1839	21516	700	1	30	30	300
17	0	781	3	1823	22452	695	4	21	30	1330
17	0	782	4	789	22452	695	1	25	30	569
17	0	783	3	3326	22826	710	4	3	30	1172
17	0	784	4	1340	22826	710	1	30	30	640
17	0	788	4	2951	22826	710	5	17	30	814
17	0	789	5	3713	22452	700	5	13	30	869
17	0	793	7	4109	22826	710	5	17	30	717
17	0	794	6	1925	22826	710	1	30	30	833
17	0	795	2	1723	23200	720	1	21	30	225
17	0	796	4	1253	22826	710	1	30	30	477
17	0	797	5	2054	22826	710	2	30	30	279
17	0	798	6	3402	23200	720	4	16	30	859
17	0	799	5	2970	23200	720	1	30	30	929
17	0	801	5	4228	22452	700	2	21	30	479
17	0	804	2	1333	22452	700	2	30	30	968
17	0	805	5	2811	22452	700	2	25	30	1591
17	0	806	6	2054	22826	710	2	30	30	679
17	0	807	5	999	22452	600	2	30	30	1474
17	0	808	4	2055	22452	675	2	13	30	599
17	0	809	5	1563	22264	700	4	20	30	2185
17	0	810	2	789	22452	500	1	25	30	724
17	0	812	4	2068	22826	710	1	22	30	1122
17	0	813	5	2365	22452	700	5	6	30	1243
17	0	814	7	3326	22826	710	4	2	30	1142
17	0	816	3	2910	22452	700	2	21	30	742
17	0	819	4	570	20581	650	2	30	30	857
17	0	821	4	4040	22826	710	2	21	30	392
17	0	823	8	162	9355	350	2	30	30	5
17	0	830	4	1878	22826	710	4	11	30	2184
17	0	831	7	2399	22452	700	1	30	30	1548
17	0	833	3	1839	22452	695	1	30	30	300
17	0	834	4	1859	22452	700	1	30	30	13
17	0	837	9	1679	22826	710	4	25	30	768
17	0	838	4	1679	22826	710	4	25	30	1098
17	0	839	2	1718	22452	695	2	11	30	867
17	0	840	4	1718	22452	695	2	10	30	1092
17	0	841	7	1718	21516	675	2	10	30	1582
17	0	843	3	2886	22452	700	5	15	30	666
17	0	844	3	387	9355	350	2	26	30	379
17	0	847	6	1833	22452	700	1	30	30	1108
17	0	851	2	1588	22452	700	4	6	30	1843
17	0	852	6	1438	22452	700	1	2	30	1677
17	0	853	5	1951	20581	695	1	30	30	1145
17	0	854	3	2881	23200	720	1	30	30	600
17	0	855	4	1450	22826	710	2	30	30	1040
17	0	856	4	1450	22826	710	2	30	30	640
17	0	857	7	466	22452	700	1	30	30	1519
17	0	858	4	802	22452	695	1	25	30	1374
17	0	861	4	2425	22826	710	5	17	30	3130
17	0	862	7	1351	22826	710	5	15	30	1436
17	0	865	7	1856	23200	720	1	30	30	9
17	0	868	5	873	22826	660	2	25	30	310
17	0	869	2	3469	22452	700	5	21	30	317
17	0	870	5	936	23200	720	1	30	30	761
17	0	871	5	2323	22452	700	3	20	30	578
17	0	875	5	2305	22452	700	4	25	30	1436
17	0	876	2	1338	22452	700	3	10	30	1443
17	0	877	4	1351	22826	700	5	15	30	1446
17	0	879	4	1866	22452	700	2	30	30	792
17	0	880	7	1454	23200	720	1	30	30	240
17	0	881	5	2558	22452	700	4	21	30	2186
17	0	883	2	2886	22452	700	5	17	30	636
17	0	884	7	4010	22452	700	3	5	30	1161
17	0	885	4	3453	22826	710	1	30	30	2267
17	0	886	2	2407	20955	720	3	6	30	1716
17	0	888	5	2306	23200	720	1	30	30	312
17	0	889	2	2290	22826	710	4	16	30	1567
17	0	890	2	1701	23200	720	3	27	30	322
17	0	891	6	1688	21516	710	1	30	30	1764
17	0	892	4	1761	23200	720	5	25	30	359
17	0	893	2	2579	22452	700	5	21	30	407
17	0	895	6	1761	23200	720	5	25	30	382
17	0	896	2	1871	22826	710	5	25	30	577
17	0	897	3	1871	22826	710	5	25	30	577
17	0	898	5	2026	22452	695	4	5	30	1469
17	0	899	5	1871	22452	710	5	25	30	467
17	0	900	7	1871	22826	710	5	25	30	627
17	0	901	7	1614	22452	700	1	25	30	629
17	0	903	4	2447	22452	695	4	17	30	1069
17	0	904	6	2447	22452	700	4	16	30	1139
17	0	905	5	1614	22452	700	1	25	30	659
17	0	906	4	1083	22452	700	1	30	30	1007
17	0	908	3	2624	22452	700	1	30	30	1776
17	0	909	4	1728	22452	700	2	21	30	587
17	0	910	7	2951	22826	710	5	17	30	754
17	0	911	3	2806	22452	700	5	25	30	61
17	0	912	6	1368	22452	710	2	25	30	454
17	0	913	2	994	22452	700	1	30	30	959
17	0	914	7	1570	17774	585	1	30	30	1552
17	0	915	6	939	22826	710	2	30	30	312
17	0	916	7	132	22452	700	1	30	30	101
17	0	917	5	1725	22452	700	1	10	30	1920
17	0	919	2	1558	22826	710	4	17	30	773
17	0	920	5	2754	22826	710	2	30	30	435
17	0	923	6	789	22452	525	1	25	30	674
17	0	924	2	1953	23200	720	5	25	30	1259
17	0	927	1	1964	22826	710	2	30	30	717
17	0	928	9	1407	22452	700	4	5	30	1296
17	0	929	4	1600	22452	700	3	16	30	637
17	0	931	2	1728	22452	700	2	21	30	733
17	0	932	5	2277	22826	710	1	21	30	1155
17	0	933	6	1258	22452	700	1	30	30	1348
17	0	935	4	3345	23200	720	4	18	30	770
17	0	936	5	1228	23200	720	2	30	30	352
17	0	938	3	2692	22826	710	5	17	30	1040
17	0	942	3	1110	23200	720	4	25	30	1240
17	0	945	4	1368	22826	710	2	25	30	649
17	0	947	6	1058	22452	700	1	25	30	362
17	0	948	5	2174	22826	710	5	21	30	642
17	0	949	5	3712	22826	710	2	20	30	254
17	0	950	4	1368	22826	710	2	25	30	482
17	0	951	4	1701	22264	695	3	27	30	342
17	0	954	4	1953	23200	720	5	25	30	979
17	0	955	7	805	22826	695	1	30	30	2184
17	0	957	6	1306	22452	675	1	15	30	1287
17	0	958	6	3053	22452	700	5	17	30	995
17	0	960	4	2099	21890	685	4	5	30	1818
17	0	961	3	1333	22826	710	1	30	30	1159
17	0	963	5	1361	22826	710	1	30	30	570
17	0	965	4	1903	20581	700	4	0	30	1937
17	0	967	4	3367	22826	710	2	3	30	1694
17	0	968	5	3001	22826	710	4	15	30	963
17	0	969	5	2277	22826	710	1	21	30	1135
17	0	970	5	4186	22826	710	1	5	30	951
17	0	971	5	4186	22826	710	1	6	30	1671
17	0	973	4	3821	22826	710	1	6	30	1209
17	0	974	6	2114	23200	720	5	25	30	35
17	0	975	5	2114	23200	720	5	25	30	35
17	0	976	4	2114	23200	720	5	25	30	35
17	0	977	6	1443	23200	720	5	25	30	453
17	0	978	5	1895	22826	710	1	11	30	1218
17	0	980	2	1338	21890	600	1	30	30	1322
17	0	981	2	929	22452	700	5	26	30	783
17	0	982	3	1614	22452	700	1	25	30	659
17	0	983	4	1833	22452	695	1	30	30	1508
17	0	984	2	1558	22452	700	5	25	30	492
17	0	985	3	2653	22826	710	4	2	30	1101
17	0	987	5	1380	21890	710	1	30	30	489
17	0	988	3	1682	22826	710	5	25	30	161
17	0	989	4	1866	22452	700	2	30	30	992
17	0	990	3	3691	22826	710	3	6	30	1059
17	0	992	4	1086	22452	695	2	10	30	1101
17	0	995	2	1681	22452	700	1	17	30	1318
17	0	997	3	2541	22452	700	1	1	30	2160
17	0	998	4	1541	23200	720	1	30	30	284
17	0	999	4	3355	22826	710	1	21	30	718
17	0	1000	4	2087	23200	720	5	25	30	154
17	0	1007	2	2447	22452	700	4	17	30	1099
17	0	1008	3	2841	22452	695	1	30	30	1149
17	0	1009	4	1369	20019	635	1	30	30	2052
17	0	1011	4	2665	22452	700	5	17	30	822
17	0	1012	6	936	23200	720	1	30	30	733
17	0	1013	4	1369	22826	710	1	30	30	629
17	0	1016	3	1436	23200	720	1	30	30	470
17	0	1019	5	3309	22452	700	1	30	30	777
17	0	1021	5	2266	23200	720	5	26	30	1074
17	0	1022	6	2531	22826	710	4	21	30	855
17	0	1023	2	2397	22452	700	2	11	30	912
17	0	1026	5	2000	23200	720	4	17	30	817
17	0	1027	2	371	22452	700	2	30	30	778
17	0	1028	2	2780	22826	685	5	13	30	1244
17	0	1030	2	2951	22826	710	5	17	30	1087
17	0	1032	4	1856	23200	720	1	30	30	679
17	0	1033	7	1951	22452	700	1	30	30	1370
17	0	1034	4	3699	22826	710	2	20	30	275
17	0	1036	2	1191	22452	700	1	30	30	1140
17	0	1037	6	2984	22826	710	5	17	30	557
17	0	1039	3	1421	22452	655	1	30	30	1075
17	0	1040	3	3628	22452	700	5	17	30	815
17	0	1041	2	1958	22452	700	2	21	30	803
17	0	1043	6	2881	23200	720	1	30	30	441
17	0	1044	3	2407	23200	720	3	9	30	1601
17	0	1046	4	2937	23200	720	2	21	30	898
17	0	1047	5	3328	23200	720	1	21	30	552
17	0	1049	4	1698	22826	710	5	17	30	479
17	0	1050	5	1589	22452	650	3	15	30	601
17	0	1051	2	1589	22452	700	3	15	30	781
17	0	1052	5	1589	22452	695	3	16	30	721
17	0	1053	8	1589	22452	625	3	15	30	731
17	0	1054	4	778	22452	700	2	26	30	628
17	0	1055	5	3322	22452	700	1	9	30	1002
17	0	1057	6	1698	22826	710	5	17	30	629
17	0	1058	7	2653	22826	710	4	2	30	1101
17	0	1059	2	1698	22826	710	5	17	30	579
17	0	1060	4	1290	22826	710	5	15	30	953
17	0	1061	4	1373	21516	625	2	1	30	1558
17	0	1065	2	4109	22826	710	5	17	30	692
17	0	1067	4	3183	22452	700	4	13	30	1410
17	0	1071	2	4378	22826	710	4	5	30	1734
17	0	1072	3	1215	17774	660	2	20	30	819
17	0	1073	5	1440	22452	700	2	28	30	1521
17	0	1074	5	887	22452	700	3	24	30	1112
17	0	1075	4	2290	22826	710	4	17	30	702
17	0	1077	5	3402	23200	720	4	16	30	1004
17	0	1080	4	3374	22452	710	1	30	30	1666
17	0	1081	4	390	19645	625	1	30	30	593
17	0	1084	4	1443	23200	720	5	25	30	128
17	0	1088	3	3345	23200	720	4	17	30	805
17	0	1089	4	946	21516	675	1	27	30	1167
17	0	1094	6	2665	23200	720	5	25	30	135
17	0	1095	2	2666	23200	720	5	25	30	58
17	0	1097	3	2943	22264	720	2	21	30	909
17	0	1099	2	1711	23200	720	5	25	30	310
17	0	1100	3	2666	23200	720	5	25	30	88
17	0	1101	4	2666	22264	720	5	25	30	73
17	0	1102	4	1471	22452	700	1	30	30	1220
17	0	1103	3	4109	22826	710	5	17	30	697
17	0	1104	2	1261	23200	695	1	30	30	821
17	0	1107	5	2153	22452	700	2	30	30	1803
17	0	1110	5	745	22452	700	1	8	30	952
17	0	1111	3	1443	23200	720	5	25	30	953
17	0	1112	5	2480	22452	700	5	21	30	484
17	0	1113	5	2092	22452	700	2	21	30	2084
17	0	1115	3	4230	22452	700	5	25	30	251
17	0	1121	7	1853	23200	720	2	30	30	518
17	0	1123	6	1490	23200	720	1	30	30	697
17	0	1124	4	1711	23200	720	5	25	30	270
17	0	1127	4	2077	22826	710	3	17	30	969
17	0	1128	5	2753	22452	675	1	14	30	1468
17	0	1129	4	2266	23200	720	5	25	30	1668
17	0	1132	6	1290	22826	710	5	15	30	953
17	0	1134	7	2077	22826	710	3	15	30	2019
17	0	1135	6	1789	22452	700	2	30	30	1408
17	0	1137	6	1261	23200	720	1	30	30	530
17	0	1139	2	1827	23200	720	2	30	30	1350
17	0	1142	5	1471	22452	700	1	30	30	1220
17	0	1143	7	1471	22452	550	1	30	30	1420
17	0	1144	6	1333	22826	710	1	30	30	159
17	0	1145	4	1471	22452	695	1	30	30	1220
17	0	1147	4	957	22826	710	2	30	30	825
17	0	1148	3	1609	21890	710	2	20	30	1405
17	0	1150	5	3576	22452	700	3	9	30	2020
17	0	1152	2	3545	22826	710	3	5	30	1079
17	0	1153	5	3257	23200	720	4	16	30	874
17	0	1154	3	2433	22826	695	5	17	30	2223
17	0	1155	5	1609	22826	710	2	21	30	860
17	0	1157	3	2179	22452	700	5	17	30	1158
17	0	1158	2	2717	21516	695	5	7	30	1160
17	0	1159	6	1951	22452	695	1	30	30	1785
17	0	1160	5	1433	22826	710	5	25	30	998
17	0	1161	4	2108	22452	700	1	8	30	2087
17	0	1162	3	920	21516	675	3	25	30	826
17	0	1163	4	1341	22826	710	1	30	30	827
17	0	1164	4	2714	22826	710	5	16	30	969
17	0	1167	4	2516	22452	700	1	12	30	2210
17	0	1169	5	2671	22826	710	5	18	30	967
17	0	1171	5	2951	22452	700	5	17	30	1359
17	0	1172	4	1911	22826	710	4	11	30	1232
17	0	1173	5	1905	22826	710	4	11	30	1259
17	0	1180	2	1341	22826	710	1	30	30	1317
17	0	1181	4	2478	22452	700	4	21	30	1137
17	0	1182	4	2069	23200	720	5	25	30	57
17	0	1187	3	1306	22452	700	1	25	30	1544
17	0	1189	5	785	18710	695	2	30	30	1191
17	0	1191	4	1368	21890	695	2	25	30	454
17	0	1192	5	2155	22452	695	1	10	30	1474
17	0	1197	6	2070	23200	720	5	25	30	12
17	0	1199	5	2150	22826	710	1	25	30	514
17	0	1200	4	2003	15903	525	2	15	30	1400
17	0	1202	3	1951	22452	700	1	30	30	1150
17	0	1203	5	2653	22826	710	4	2	30	1101
17	0	1205	5	2671	22826	710	5	18	30	612
17	0	1207	6	2910	22452	700	2	21	30	712
17	0	1208	4	2290	22452	650	5	20	30	1189
17	0	1209	5	1723	23200	720	1	21	30	225
17	0	1210	6	4230	22452	700	5	25	30	11
17	0	1211	4	2880	22452	700	5	21	30	365
17	0	1215	6	2687	23200	720	1	30	30	119
17	0	1219	2	2000	23200	720	4	15	30	1373
17	0	1222	4	2396	22826	710	5	17	30	893
17	0	1223	4	1444	23200	720	5	25	30	190
17	0	1226	6	2263	22826	700	5	17	30	731
17	0	1229	5	1341	22826	700	1	30	30	667
17	0	1230	6	3134	22826	710	1	30	30	1134
17	0	1231	5	1839	22452	700	4	25	30	275
17	0	1232	4	2785	21890	685	5	17	30	751
17	0	1234	5	1008	22452	700	3	25	30	1735
17	0	1235	7	1290	22826	710	5	15	30	1053
17	0	1237	4	3160	22826	710	4	6	30	1275
17	0	1238	5	1698	22826	710	5	17	30	419
17	0	1239	6	2156	23200	720	5	17	30	1542
17	0	1240	5	1290	22826	710	5	15	30	1703
17	0	1244	4	2155	22826	710	1	30	30	1236
17	0	1245	7	1008	22452	700	3	25	30	1531
17	0	1246	5	1205	22452	700	2	30	30	276
17	0	1247	4	2843	22452	700	1	30	30	20
17	0	1248	3	678	18710	600	1	30	30	220
17	0	1249	4	1205	22452	700	2	30	30	216
17	0	1250	5	1341	22826	710	1	30	30	667
17	0	1251	5	4230	22452	700	5	25	30	331
17	0	1252	5	2169	22452	700	4	20	30	750
17	0	1253	4	2687	23200	720	1	30	30	1160
17	0	1255	3	1247	22452	695	2	30	30	194
17	0	1256	3	1148	20581	650	4	25	30	1648
17	0	1257	7	2153	22826	710	1	30	30	763
17	0	1258	4	1023	22452	700	3	25	30	180
17	0	1260	5	2843	22452	700	1	30	30	25
17	0	1261	4	1148	10290	375	4	25	30	1648
17	0	1262	4	3698	22826	710	2	20	30	395
17	0	1263	3	2202	23200	720	5	25	30	757
17	0	1264	5	1846	22452	700	4	25	30	1545
17	0	1265	5	1148	22452	700	4	25	30	1648
17	0	1268	2	2153	22826	710	1	30	30	793
17	0	1269	6	1866	22452	700	2	30	30	672
17	0	1270	5	2532	22452	700	1	10	30	1110
17	0	1275	5	1008	22452	700	3	25	30	1735
17	0	1276	4	1453	22452	700	1	30	30	1255
17	0	1278	4	2879	22452	700	5	21	30	269
17	0	1280	6	2843	22452	700	1	30	30	430
17	0	1282	3	1795	22826	695	5	25	30	756
17	0	1283	4	2324	22826	710	4	13	30	1205
17	0	1284	2	1205	22452	700	2	30	30	1166
17	0	1285	5	1333	22826	710	1	30	30	159
17	0	1286	5	2252	22826	710	1	30	30	195
17	0	1288	3	2160	23200	720	1	30	30	2005
17	0	1289	6	2160	23200	720	1	30	30	675
17	0	1290	2	2843	22452	700	1	30	30	30
17	0	1292	6	2598	22452	625	1	11	30	1226
17	0	1293	4	3275	22452	700	5	17	30	1477
17	0	1295	4	2160	23200	720	1	30	30	1175
17	0	1296	2	2160	23200	720	1	30	30	1477
17	0	1297	5	905	17774	525	1	15	30	1010
17	0	1298	4	1732	22826	685	3	10	30	2113
17	0	1301	4	2529	22826	710	2	22	30	1131
17	0	1302	4	2109	22264	695	2	0	30	2327
17	0	1303	5	1768	22452	700	1	30	30	274
17	0	1305	6	2665	22452	700	5	17	30	892
17	0	1307	5	1533	20581	500	3	16	30	1332
17	0	1308	2	2692	22826	710	5	17	30	1085
17	0	1309	6	3467	22826	695	1	30	30	1538
17	0	1310	2	3459	22826	710	1	30	30	2166
17	0	1311	4	3546	22826	710	1	30	30	1944
17	0	1312	6	2693	22452	700	1	30	30	1741
17	0	1314	4	1854	22826	710	2	30	30	730
17	0	1315	5	1792	21516	525	1	5	30	1822
17	0	1317	5	1453	9355	350	1	30	30	1255
17	0	1320	2	2595	22452	700	4	26	30	182
17	0	1321	3	3121	22826	710	1	30	30	1254
17	0	1323	7	1421	22826	710	1	30	30	755
17	0	1324	6	1696	22826	710	1	30	30	770
17	0	1326	4	2212	22452	700	2	30	30	1278
17	0	1327	3	1696	21516	710	1	30	30	1162
17	0	1330	4	1516	22826	710	1	25	30	295
17	0	1331	4	2127	23200	720	5	25	30	665
17	0	1332	5	761	21516	675	1	25	30	1369
17	0	1334	6	2166	22826	710	1	30	30	153
17	0	1336	4	2796	22452	700	1	11	30	1315
17	0	1339	3	1466	22826	710	1	25	30	348
17	0	1340	4	1586	22452	700	3	18	30	833
17	0	1341	5	2762	22452	700	4	3	30	1345
17	0	1342	6	1527	22452	700	2	30	30	1302
17	0	1344	7	1768	22452	700	1	30	30	234
17	0	1345	3	3089	22452	700	5	21	30	339
17	0	1348	4	2687	23200	720	1	30	30	760
17	0	1350	4	3889	22452	700	2	21	30	625
17	0	1352	2	2615	22452	700	5	25	30	22
17	0	1353	3	2615	22452	700	5	25	30	85
17	0	1354	6	2615	22452	700	5	25	30	112
17	0	1355	4	2908	22452	700	5	25	30	1038
17	0	1356	5	1395	22452	700	1	20	30	1438
17	0	1357	2	1945	22826	710	3	12	30	1059
17	0	1360	4	870	22826	695	1	30	30	1604
17	0	1362	5	2529	22826	710	2	22	30	1131
17	0	1364	4	2214	23200	710	4	9	30	1292
17	0	1365	5	2104	22452	700	4	15	30	1012
17	0	1366	3	3052	21516	675	2	30	30	1990
17	0	1367	4	1421	22826	695	1	30	30	1205
17	0	1368	5	1945	22826	710	3	12	30	1199
17	0	1369	4	4557	22452	700	5	4	30	2198
17	0	1370	2	1500	21516	700	4	21	30	1251
17	0	1371	7	3889	22452	700	2	21	30	815
17	0	1372	4	2347	22452	700	4	25	30	171
17	0	1373	4	2347	22452	700	4	25	30	481
17	0	1375	5	1905	20581	700	2	10	30	2287
17	0	1376	4	2338	21516	600	2	11	30	1231
17	0	1377	4	330	21516	720	2	30	30	1501
17	0	1385	3	2701	23200	720	1	21	30	429
17	0	1386	3	1953	21516	695	2	10	30	1433
17	0	1387	4	1953	22452	700	2	10	30	2233
17	0	1388	2	1953	22452	695	2	10	30	2233
17	0	1390	4	1640	22452	695	1	30	30	1333
17	0	1391	3	1640	22452	700	1	30	30	1203
17	0	1392	6	1782	22452	600	5	15	30	1040
17	0	1393	9	108	22452	700	1	30	30	5
17	0	1395	6	1470	22826	710	1	30	30	1188
17	0	1396	4	1470	22826	695	1	30	30	1708
17	0	1397	3	1469	22826	710	1	30	30	1182
17	0	1398	3	2781	22826	710	5	13	30	1708
17	0	1399	5	1782	22452	700	5	15	30	1020
17	0	1401	2	658	22826	710	2	30	30	970
17	0	1403	3	1310	22452	700	5	20	30	513
17	0	1407	6	1321	21516	675	3	4	30	1183
17	0	1408	5	1347	20581	650	3	3	30	1527
17	0	1415	5	1558	22452	700	5	25	30	599
17	0	1416	5	1613	22452	700	1	30	30	260
17	0	1417	4	1929	21516	675	3	12	30	1644
17	0	1418	4	1782	22452	675	5	15	30	860
17	0	1421	2	1462	22452	700	4	25	30	2094
17	0	1422	5	1462	22452	700	4	25	30	2104
17	0	1423	5	1439	22452	700	4	25	30	488
17	0	1424	2	889	22452	700	2	30	30	458
17	0	1431	2	1823	22452	695	4	21	30	960
17	0	1432	3	1885	22452	700	4	21	30	1365
17	0	1433	5	2995	22826	710	5	17	30	548
17	0	1434	5	1782	22452	700	5	15	30	810
17	0	1436	2	676	22826	710	1	30	30	1168
17	0	1437	7	1888	22452	695	4	21	30	952
17	0	1439	4	2984	22826	710	5	17	30	719
17	0	1440	8	2984	22826	710	5	17	30	517
17	0	1443	4	2984	22826	710	5	17	30	577
17	0	1444	6	2378	22452	700	1	30	30	1710
17	0	1446	4	1087	20581	695	4	20	30	1094
17	0	1448	4	1723	23200	720	1	21	30	225
17	0	1453	6	3150	22452	695	3	11	30	1151
17	0	1457	2	2238	22452	650	4	17	30	878
17	0	1458	5	2331	22452	700	1	2	30	2080
17	0	1459	2	1905	22452	700	2	10	30	2287
17	0	1460	6	2780	22826	710	5	13	30	1357
17	0	1461	5	679	20581	625	1	30	30	1252
17	0	1462	5	2905	22452	700	4	21	30	2350
17	0	1464	5	1626	22826	695	1	25	30	1733
17	0	1467	5	1538	22452	700	1	30	30	585
17	0	1471	4	2930	22452	700	4	21	30	471
17	0	1472	5	2314	22452	700	1	0	30	1852
17	0	1473	3	1486	22826	710	2	30	30	105
17	0	1475	5	1397	21516	600	2	30	30	1066
17	0	1476	4	1683	21516	675	4	20	30	1568
17	0	1478	5	4011	22452	700	5	5	30	1699
17	0	1479	5	1063	18710	600	3	25	30	1447
17	0	1480	4	651	22826	685	1	30	30	2053
17	0	1481	5	1295	22452	700	2	30	30	822
17	0	1482	4	3797	22452	700	2	30	30	1517
17	0	1483	5	1730	22826	710	1	17	30	782
17	0	1485	4	2181	20581	700	1	30	30	963
17	0	1487	5	2109	22452	675	5	0	30	2127
17	0	1490	5	2298	23200	720	5	25	30	1005
17	0	1491	3	676	22826	710	1	30	30	274
17	0	1492	5	1876	22826	710	2	30	30	1943
17	0	1493	5	2028	22826	700	2	0	30	1593
17	0	1495	5	1683	21516	695	4	20	30	1568
17	0	1502	5	1473	18710	600	2	0	30	1260
17	0	1506	3	3199	23200	720	5	9	30	1311
17	0	1507	4	2057	22452	700	4	18	30	1705
17	0	1510	4	2342	22452	700	5	5	30	1288
17	0	1516	5	1504	20581	600	2	25	30	1162
17	0	1519	5	2323	22452	695	4	25	30	396
17	0	1520	5	1801	22452	700	4	15	30	837
17	0	1522	4	1409	22826	710	2	30	30	230
17	0	1525	9	149	22264	695	2	30	30	238
17	0	1527	4	1707	22452	700	1	18	30	1007
17	0	1529	5	1988	22826	700	1	30	30	1771
17	0	1530	6	3199	23200	720	5	7	30	1348
17	0	1534	7	2762	21516	695	4	1	30	1375
17	0	1539	4	2762	22452	700	4	6	30	1695
17	0	1540	5	2682	21516	675	5	11	30	1357
17	0	1541	2	1140	23200	720	4	25	30	1640
17	0	1543	4	2935	22826	710	1	30	30	1886
17	0	1547	2	1863	20581	675	1	11	30	2121
17	0	1550	3	1320	12161	425	1	18	30	1202
17	0	1551	5	2819	22452	700	1	9	30	1978
17	0	1553	2	3148	23200	720	5	7	30	1311
17	0	1555	3	525	21516	675	2	20	30	399
17	0	1559	4	3148	23200	720	5	7	30	1311
17	0	1564	6	2616	22452	695	5	16	30	1846
17	0	1567	5	667	22452	700	4	11	30	757
17	0	1568	3	255	22452	700	2	30	30	339
17	0	1571	5	546	16839	550	1	30	30	411
17	0	1574	4	1389	20019	635	2	23	30	1051
17	0	1579	4	1878	22826	710	4	15	30	2004
17	0	1580	6	3144	22452	710	2	30	30	2275
17	0	1582	3	971	22452	700	1	30	30	1135
17	0	1583	4	1138	22452	710	5	13	30	1226
17	0	1585	3	1159	23200	720	1	30	30	277
17	0	1589	5	923	22452	700	2	30	30	226
17	0	1594	5	2367	22452	700	3	10	30	1593
17	0	1595	5	2203	22826	710	5	25	30	222
17	0	1596	6	1317	22452	700	2	0	30	1371
17	0	1598	5	1878	22826	710	4	15	30	1634
17	0	1600	6	516	22826	695	5	25	30	535
17	0	1601	5	906	22452	600	1	25	30	320
17	0	1603	3	1879	22826	710	5	20	30	965
17	0	1604	7	2596	21516	675	1	9	30	1338
17	0	1605	4	1392	23200	720	1	30	30	1690
17	0	1606	4	1660	22452	700	3	0	30	1626
17	0	1609	4	3044	22826	710	1	4	30	828
17	0	1613	5	1487	22826	710	1	30	30	1446
17	0	1614	5	960	22452	700	4	16	30	1191
17	0	1615	4	2259	23200	720	5	21	30	266
17	0	1619	4	2308	23200	720	1	30	30	1708
17	0	1622	6	2868	22826	710	4	2	30	1459
17	0	1625	3	108	3742	200	2	30	30	5
17	0	1626	5	1535	21516	675	1	30	30	1414
17	0	1628	2	933	21516	675	1	30	30	1079
17	0	1629	5	954	18710	575	2	25	30	993
17	0	1631	5	1280	22452	695	1	30	30	1485
17	0	1633	5	1846	18710	600	4	5	30	1727
17	0	1634	4	1738	22452	700	1	30	30	1221
17	0	1636	2	665	22826	710	1	30	30	875
17	0	1638	5	108	16839	500	1	30	30	5
17	0	1639	2	1738	22452	695	1	30	30	821
17	0	1641	5	1185	20581	675	1	12	30	1353
17	0	1642	4	303	16839	625	1	30	30	742
17	0	1643	5	799	21516	675	1	30	30	1001
17	0	1644	5	2053	22452	700	1	21	30	1006
17	0	1646	4	906	22452	685	1	30	30	675
17	0	1647	5	665	22826	710	1	30	30	600
17	0	1648	3	1544	22452	710	5	25	30	234
17	0	1649	5	108	13097	200	3	25	30	5
17	0	1650	4	1262	22452	700	1	12	30	1200
17	0	1652	5	979	19645	625	2	20	30	909
17	0	1656	5	1063	22452	695	1	0	30	828
17	0	1657	5	400	22826	710	2	30	30	839
17	0	1658	5	791	18710	400	4	22	30	837
17	0	1659	4	1623	22452	700	5	20	30	607
17	0	1661	5	910	22452	700	3	15	30	602
17	0	1663	3	1042	21890	720	5	25	30	464
17	0	1664	4	2322	22452	700	4	6	30	1416
17	0	1665	6	1750	22452	700	4	15	30	1609
17	0	1667	6	320	22826	710	1	30	30	170
17	0	1668	5	935	22452	700	1	30	30	825
17	0	1669	5	295	22452	650	1	30	30	706
17	0	1670	6	1568	22826	710	1	30	30	1377
17	0	1671	2	260	18710	600	1	30	30	565
17	0	1672	5	1088	22452	700	5	26	30	1001
17	0	1674	4	292	21890	695	1	30	30	876
17	0	1676	5	898	20581	650	5	16	30	486
17	0	1679	4	1213	22452	700	1	30	30	735
17	0	1681	5	1549	22452	700	2	30	30	924
17	0	1682	5	450	21516	710	1	30	30	356
17	0	1683	5	309	18710	350	1	22	30	452
17	0	1684	5	1335	22452	700	5	15	30	718
17	0	1685	6	1213	22452	700	1	30	30	703
17	0	1686	5	1000	22826	710	1	30	30	1148
17	0	1687	5	479	18710	600	1	30	30	427
17	0	1689	5	1054	22452	700	1	16	30	648
17	0	1690	2	1397	22452	700	1	30	30	571
17	0	1692	4	413	22452	710	5	25	30	380
17	0	1693	5	153	19645	625	1	30	30	252
17	0	1694	4	459	19645	625	1	30	30	317
17	0	1695	5	108	3742	200	1	30	30	5
17	0	1696	5	108	3742	200	1	30	30	5
17	0	1697	4	292	22452	700	2	25	30	282
17	0	1698	3	653	22452	700	1	17	30	529
17	0	1699	2	170	22452	700	1	30	30	326
17	0	1700	4	229	22452	700	1	30	30	358
17	0	1701	5	491	22452	700	2	22	30	360
17	0	1702	7	108	21516	700	1	30	30	5
17	0	1703	4	108	22452	695	1	30	30	5
17	0	1705	6	108	22452	700	2	20	30	5
17	0	1706	3	567	22452	700	5	27	30	467
17	0	1707	7	521	21516	700	1	30	30	415
17	0	1708	6	179	22826	710	5	25	30	416
17	0	1709	5	108	3742	200	2	30	30	5
17	0	1710	4	154	22452	700	2	30	30	487
17	0	1711	5	108	3742	200	4	25	30	5
17	0	1712	5	108	3742	200	1	30	30	5
17	0	1713	5	108	3742	200	1	30	30	5
17	0	1714	5	108	22452	700	3	25	30	5
17	0	1715	6	108	22452	695	2	25	30	5
17	0	1716	5	108	22452	700	1	30	30	5
17	0	1717	5	108	22452	700	1	30	30	5
17	0	1718	3	108	20581	600	2	25	30	5
17	0	1719	5	108	16839	475	1	25	30	5
17	0	1720	4	108	22452	700	1	30	30	5
