result_no	generate_no	e_no	superpower_id	lv	
05	1	1	15	10
05	1	1	3	10
05	1	1	8	10
05	1	1	21	5
05	1	1	1	5
05	1	1	2	40
05	1	2	10	20
05	1	2	3	20
05	1	2	7	40
05	1	3	10	20
05	1	3	17	15
05	1	3	6	5
05	1	3	2	30
05	1	3	7	10
05	1	4	5	20
05	1	4	15	5
05	1	4	16	10
05	1	4	8	5
05	1	4	2	40
05	1	5	10	10
05	1	5	15	10
05	1	5	16	5
05	1	5	8	15
05	1	5	13	25
05	1	5	9	15
05	1	6	10	20
05	1	6	17	20
05	1	6	11	40
05	1	7	15	20
05	1	7	12	20
05	1	7	13	40
05	1	8	6	20
05	1	8	1	5
05	1	8	4	15
05	1	8	11	40
05	1	9	5	10
05	1	9	20	5
05	1	9	1	20
05	1	9	4	5
05	1	9	14	40
05	1	10	15	40
05	1	10	11	40
05	1	11	3	15
05	1	11	4	20
05	1	11	11	35
05	1	12	5	20
05	1	12	4	20
05	1	12	11	40
05	1	13	10	20
05	1	13	15	20
05	1	13	11	40
05	1	14	5	15
05	1	14	16	10
05	1	14	8	5
05	1	14	21	10
05	1	14	14	40
05	1	15	10	15
05	1	15	1	10
05	1	15	4	15
05	1	15	2	20
05	1	15	14	20
05	1	16	16	20
05	1	16	19	20
05	1	16	14	40
05	1	17	10	15
05	1	17	15	10
05	1	17	8	15
05	1	17	13	40
05	1	18	10	20
05	1	18	15	20
05	1	18	7	40
05	1	19	10	5
05	1	19	15	20
05	1	19	3	15
05	1	19	13	15
05	1	19	7	25
05	1	20	10	5
05	1	20	15	15
05	1	20	17	5
05	1	20	19	15
05	1	20	2	40
05	1	21	20	20
05	1	21	1	20
05	1	21	2	30
05	1	21	11	10
05	1	22	20	20
05	1	22	8	20
05	1	22	9	30
05	1	22	11	10
05	1	23	10	10
05	1	23	17	15
05	1	23	4	15
05	1	23	7	25
05	1	23	9	15
05	1	24	16	20
05	1	24	6	20
05	1	24	14	40
05	1	25	12	15
05	1	25	19	10
05	1	25	1	15
05	1	25	14	30
05	1	25	7	10
05	1	26	15	5
05	1	26	16	5
05	1	26	8	15
05	1	26	19	15
05	1	26	11	40
05	1	27	3	20
05	1	27	4	20
05	1	27	13	40
05	1	28	15	15
05	1	28	3	10
05	1	28	18	15
05	1	28	13	40
05	1	29	10	15
05	1	29	5	15
05	1	29	19	10
05	1	29	7	10
05	1	29	11	30
05	1	30	16	20
05	1	30	18	20
05	1	30	11	40
05	1	33	10	20
05	1	33	21	5
05	1	33	2	25
05	1	34	21	15
05	1	34	18	15
05	1	34	4	10
05	1	34	9	5
05	1	34	11	35
05	1	35	15	10
05	1	35	16	5
05	1	35	8	15
05	1	35	19	10
05	1	35	11	40
05	1	36	15	10
05	1	36	8	10
05	1	36	6	5
05	1	36	1	10
05	1	36	4	5
05	1	36	11	40
05	1	37	20	20
05	1	37	8	20
05	1	37	11	40
05	1	38	3	10
05	1	38	12	10
05	1	38	17	10
05	1	38	6	10
05	1	38	7	40
05	1	39	12	10
05	1	39	8	10
05	1	39	6	10
05	1	39	4	10
05	1	39	13	40
05	1	40	15	10
05	1	40	12	15
05	1	40	8	15
05	1	40	9	40
05	1	41	10	20
05	1	41	17	20
05	1	41	2	40
05	1	42	10	10
05	1	42	15	10
05	1	42	8	10
05	1	42	4	10
05	1	42	13	40
05	1	43	10	10
05	1	43	5	5
05	1	43	15	15
05	1	43	8	10
05	1	43	11	40
05	1	44	10	5
05	1	44	15	10
05	1	44	16	5
05	1	44	8	5
05	1	44	19	10
05	1	44	1	5
05	1	44	7	40
05	1	45	10	20
05	1	45	12	20
05	1	45	2	40
05	1	46	10	15
05	1	46	17	10
05	1	46	4	15
05	1	46	9	35
05	1	47	15	15
05	1	47	16	5
05	1	47	17	5
05	1	47	6	5
05	1	47	18	10
05	1	47	11	40
05	1	48	10	20
05	1	48	17	20
05	1	48	13	40
05	1	49	10	10
05	1	49	15	10
05	1	49	6	10
05	1	49	18	10
05	1	49	13	40
05	1	50	10	5
05	1	50	3	20
05	1	50	12	15
05	1	50	7	20
05	1	50	9	20
05	1	51	8	15
05	1	51	4	5
05	1	51	13	20
05	1	52	10	20
05	1	52	6	20
05	1	52	2	40
05	1	53	15	5
05	1	53	16	10
05	1	53	8	15
05	1	53	1	10
05	1	53	9	40
05	1	54	3	20
05	1	54	21	20
05	1	54	9	40
05	1	55	15	20
05	1	55	4	20
05	1	55	13	40
05	1	56	8	20
05	1	56	21	20
05	1	56	11	40
05	1	57	5	10
05	1	57	16	15
05	1	57	8	5
05	1	57	19	10
05	1	57	2	40
05	1	58	10	20
05	1	58	17	10
05	1	58	4	10
05	1	58	11	40
05	1	59	15	20
05	1	59	8	20
05	1	59	2	19
05	1	59	13	21
05	1	60	15	5
05	1	60	12	20
05	1	60	18	15
05	1	60	13	40
05	1	61	10	20
05	1	61	19	20
05	1	61	7	25
05	1	61	9	15
05	1	62	16	20
05	1	62	18	20
05	1	62	13	40
05	1	63	15	20
05	1	63	18	20
05	1	63	11	35
05	1	65	10	10
05	1	65	1	30
05	1	65	13	40
05	1	66	10	20
05	1	66	17	20
05	1	66	2	40
05	1	67	10	15
05	1	67	8	25
05	1	67	2	40
05	1	69	5	20
05	1	69	6	20
05	1	69	9	40
05	1	70	10	20
05	1	70	5	20
05	1	70	2	40
05	1	71	10	20
05	1	71	21	20
05	1	71	13	40
05	1	72	15	15
05	1	72	8	10
05	1	72	6	15
05	1	72	2	40
05	1	73	10	15
05	1	73	17	10
05	1	73	4	15
05	1	73	11	40
05	1	74	10	20
05	1	74	1	10
05	1	74	4	10
05	1	74	13	40
05	1	75	10	10
05	1	75	12	10
05	1	75	8	10
05	1	75	1	10
05	1	75	7	40
05	1	76	10	20
05	1	76	6	20
05	1	76	9	40
05	1	77	10	15
05	1	77	3	10
05	1	77	6	15
05	1	77	9	40
05	1	78	10	20
05	1	78	15	20
05	1	78	14	10
05	1	78	13	5
05	1	78	11	20
05	1	79	17	20
05	1	79	1	20
05	1	79	11	40
05	1	81	10	15
05	1	81	15	15
05	1	81	17	10
05	1	81	14	40
05	1	82	10	20
05	1	82	5	20
05	1	82	2	40
05	1	83	10	15
05	1	83	5	5
05	1	83	15	5
05	1	83	16	10
05	1	83	17	5
05	1	83	11	40
05	1	84	10	10
05	1	84	12	5
05	1	84	17	10
05	1	84	1	10
05	1	84	4	5
05	1	84	2	25
05	1	84	13	15
05	1	85	15	5
05	1	85	16	5
05	1	85	8	10
05	1	85	21	10
05	1	85	1	10
05	1	85	7	5
05	1	85	11	35
05	1	86	15	5
05	1	86	16	5
05	1	86	18	15
05	1	86	4	15
05	1	86	13	40
05	1	87	8	20
05	1	87	4	15
05	1	87	14	15
05	1	87	7	10
05	1	87	11	10
05	1	88	3	20
05	1	88	4	20
05	1	88	7	40
05	1	89	5	20
05	1	89	3	20
05	1	89	11	40
05	1	90	10	20
05	1	90	12	20
05	1	90	11	40
05	1	91	3	10
05	1	91	12	10
05	1	91	8	10
05	1	91	6	10
05	1	91	14	40
05	1	92	10	20
05	1	92	6	20
05	1	92	14	40
05	1	93	10	20
05	1	93	15	20
05	1	93	14	40
05	1	94	10	10
05	1	94	15	10
05	1	94	8	10
05	1	94	4	10
05	1	94	14	40
05	1	95	10	20
05	1	95	1	20
05	1	95	2	40
05	1	96	16	30
05	1	96	21	10
05	1	96	2	15
05	1	96	14	25
05	1	97	12	20
05	1	97	18	20
05	1	97	11	40
05	1	98	5	10
05	1	98	15	10
05	1	98	3	5
05	1	98	12	5
05	1	98	8	10
05	1	98	13	40
05	1	99	12	20
05	1	99	18	10
05	1	99	1	5
05	1	99	4	5
05	1	99	13	40
05	1	100	10	10
05	1	100	3	10
05	1	100	8	10
05	1	100	21	10
05	1	100	9	15
05	1	100	11	25
05	1	101	5	10
05	1	101	16	10
05	1	101	19	10
05	1	101	1	10
05	1	101	14	40
05	1	102	10	15
05	1	102	3	5
05	1	102	12	10
05	1	102	6	5
05	1	102	4	5
05	1	102	11	40
05	1	103	21	15
05	1	103	6	15
05	1	103	1	5
05	1	103	7	25
05	1	103	9	15
05	1	104	5	10
05	1	104	3	15
05	1	104	20	15
05	1	104	2	10
05	1	104	7	30
05	1	105	10	15
05	1	105	15	15
05	1	105	8	10
05	1	105	14	40
05	1	106	10	15
05	1	106	15	15
05	1	106	18	10
05	1	106	2	40
05	1	107	15	20
05	1	107	18	20
05	1	107	11	40
05	1	108	21	20
05	1	108	1	20
05	1	108	2	5
05	1	108	13	30
05	1	108	11	5
05	1	109	3	15
05	1	109	20	15
05	1	109	13	20
05	1	110	19	20
05	1	110	1	20
05	1	110	14	40
05	1	111	10	15
05	1	111	15	20
05	1	111	4	5
05	1	111	14	40
05	1	113	5	5
05	1	113	15	15
05	1	113	3	5
05	1	113	16	5
05	1	113	19	10
05	1	113	7	20
05	1	113	11	20
05	1	115	10	15
05	1	115	6	20
05	1	115	1	5
05	1	115	2	40
05	1	116	20	15
05	1	116	8	15
05	1	116	21	10
05	1	116	13	10
05	1	116	7	15
05	1	116	11	15
05	1	117	12	10
05	1	117	6	15
05	1	117	18	15
05	1	117	11	40
05	1	118	8	20
05	1	118	21	20
05	1	118	11	40
05	1	119	6	5
05	1	119	18	15
05	1	119	1	15
05	1	119	11	35
05	1	120	15	10
05	1	120	8	10
05	1	120	1	20
05	1	120	2	40
05	1	121	15	15
05	1	121	8	10
05	1	121	18	15
05	1	121	9	40
05	1	122	16	20
05	1	122	4	20
05	1	122	14	40
05	1	123	10	20
05	1	123	17	20
05	1	123	11	40
05	1	125	5	20
05	1	125	6	20
05	1	125	13	40
05	1	126	16	20
05	1	126	18	20
05	1	126	7	40
05	1	127	10	15
05	1	127	15	5
05	1	127	16	5
05	1	127	8	5
05	1	127	1	5
05	1	127	4	5
05	1	127	13	40
05	1	128	15	10
05	1	128	20	15
05	1	128	8	15
05	1	128	7	40
05	1	129	20	20
05	1	129	17	20
05	1	129	2	20
05	1	129	9	20
05	1	130	10	15
05	1	130	17	10
05	1	130	19	15
05	1	130	9	40
05	1	131	5	15
05	1	131	1	20
05	1	131	2	35
05	1	132	5	20
05	1	132	4	20
05	1	132	2	40
05	1	133	12	20
05	1	133	19	20
05	1	133	14	40
05	1	134	5	5
05	1	134	15	15
05	1	134	12	5
05	1	134	20	10
05	1	134	19	5
05	1	134	2	40
05	1	135	5	20
05	1	135	21	10
05	1	135	6	10
05	1	135	13	30
05	1	136	15	20
05	1	136	8	20
05	1	136	11	40
05	1	137	15	5
05	1	137	3	15
05	1	137	1	5
05	1	137	4	15
05	1	137	9	40
05	1	138	17	20
05	1	138	8	20
05	1	138	9	40
05	1	139	12	20
05	1	139	1	20
05	1	139	2	20
05	1	139	13	20
05	1	140	10	30
05	1	140	2	30
05	1	141	16	15
05	1	141	8	15
05	1	141	4	10
05	1	141	11	40
05	1	142	16	5
05	1	142	20	10
05	1	142	18	10
05	1	142	1	10
05	1	142	4	5
05	1	142	2	40
05	1	143	15	25
05	1	143	18	15
05	1	143	14	35
05	1	143	9	5
05	1	144	20	10
05	1	144	19	10
05	1	144	1	20
05	1	144	2	40
05	1	145	10	15
05	1	145	3	10
05	1	145	16	5
05	1	145	19	10
05	1	145	7	40
05	1	146	5	20
05	1	146	20	20
05	1	146	11	40
05	1	147	8	20
05	1	147	21	20
05	1	147	7	40
05	1	148	8	20
05	1	148	4	20
05	1	148	7	25
05	1	148	11	15
05	1	150	5	5
05	1	150	15	15
05	1	150	21	5
05	1	150	18	15
05	1	150	7	40
05	1	151	10	20
05	1	151	16	5
05	1	151	8	5
05	1	151	6	10
05	1	151	11	40
05	1	152	10	20
05	1	152	21	20
05	1	152	2	15
05	1	152	7	25
05	1	153	10	20
05	1	153	12	20
05	1	153	2	40
05	1	154	10	10
05	1	154	16	5
05	1	154	8	15
05	1	154	21	10
05	1	154	11	40
05	1	155	15	20
05	1	155	3	20
05	1	155	11	40
05	1	156	10	20
05	1	156	12	20
05	1	156	9	40
05	1	157	3	20
05	1	157	8	20
05	1	157	9	40
05	1	158	10	10
05	1	158	15	10
05	1	158	8	10
05	1	158	21	10
05	1	158	11	40
05	1	159	8	15
05	1	159	19	15
05	1	159	1	10
05	1	159	2	40
05	1	160	12	15
05	1	160	6	10
05	1	160	18	15
05	1	160	7	25
05	1	160	9	15
05	1	161	10	20
05	1	161	15	20
05	1	161	2	40
05	1	162	17	15
05	1	162	6	5
05	1	162	18	20
05	1	162	2	35
05	1	163	3	5
05	1	163	17	35
05	1	163	14	40
05	1	164	17	20
05	1	164	19	20
05	1	164	7	40
05	1	165	10	15
05	1	165	5	10
05	1	165	17	5
05	1	165	19	10
05	1	165	2	40
05	1	166	12	20
05	1	166	18	20
05	1	166	11	40
05	1	167	10	15
05	1	167	17	15
05	1	167	19	10
05	1	167	2	40
05	1	168	5	20
05	1	168	20	20
05	1	168	14	40
05	1	169	10	20
05	1	169	3	20
05	1	169	9	40
05	1	170	15	10
05	1	170	16	5
05	1	170	8	10
05	1	170	19	5
05	1	170	18	5
05	1	170	1	5
05	1	170	11	40
05	1	171	15	15
05	1	171	8	15
05	1	171	1	10
05	1	171	11	40
05	1	172	3	15
05	1	172	18	10
05	1	172	4	15
05	1	172	11	40
05	1	173	10	20
05	1	173	12	20
05	1	173	2	40
05	1	174	3	20
05	1	174	4	20
05	1	174	2	40
05	1	175	19	35
05	1	175	4	5
05	1	175	2	40
05	1	176	3	20
05	1	176	8	20
05	1	176	13	25
05	1	176	7	15
05	1	177	8	15
05	1	177	19	15
05	1	177	7	30
05	1	178	10	15
05	1	178	17	15
05	1	178	19	10
05	1	178	2	40
05	1	179	15	20
05	1	179	18	20
05	1	179	9	20
05	1	179	11	20
05	1	180	5	20
05	1	180	6	20
05	1	180	2	40
05	1	181	5	20
05	1	181	12	20
05	1	181	14	25
05	1	181	7	15
05	1	182	10	15
05	1	182	16	20
05	1	182	4	5
05	1	182	11	40
05	1	183	12	20
05	1	183	1	20
05	1	183	2	40
05	1	184	10	20
05	1	184	5	10
05	1	184	20	10
05	1	184	7	40
05	1	185	10	5
05	1	185	16	10
05	1	185	20	10
05	1	185	19	10
05	1	185	6	5
05	1	185	7	25
05	1	185	11	15
05	1	186	10	15
05	1	186	5	10
05	1	186	6	15
05	1	186	13	35
05	1	187	10	10
05	1	187	15	10
05	1	187	8	10
05	1	187	19	10
05	1	187	7	40
05	1	188	15	20
05	1	188	4	20
05	1	188	14	15
05	1	188	7	25
05	1	189	5	20
05	1	189	18	20
05	1	189	2	40
05	1	190	15	10
05	1	190	16	15
05	1	190	8	10
05	1	190	19	5
05	1	190	14	40
05	1	191	10	20
05	1	191	6	20
05	1	191	11	40
05	1	193	10	20
05	1	193	12	20
05	1	193	13	40
05	1	194	15	10
05	1	194	16	5
05	1	194	19	10
05	1	194	18	10
05	1	194	1	5
05	1	194	2	40
05	1	195	8	20
05	1	195	19	20
05	1	195	11	40
05	1	196	18	30
05	1	196	11	30
05	1	197	3	15
05	1	197	16	20
05	1	197	9	20
05	1	198	5	25
05	1	198	6	15
05	1	198	2	40
05	1	199	10	10
05	1	199	5	10
05	1	199	3	5
05	1	199	12	5
05	1	199	1	10
05	1	199	2	35
05	1	200	17	20
05	1	200	19	20
05	1	200	13	40
05	1	201	5	20
05	1	201	12	20
05	1	201	13	40
05	1	202	15	15
05	1	202	12	10
05	1	202	6	10
05	1	202	1	5
05	1	202	9	10
05	1	202	11	25
05	1	203	3	20
05	1	203	12	20
05	1	203	13	40
05	1	204	8	20
05	1	204	18	5
05	1	204	1	15
05	1	204	7	5
05	1	204	9	35
05	1	205	19	20
05	1	205	6	20
05	1	205	13	40
05	1	206	5	15
05	1	206	16	10
05	1	206	1	15
05	1	206	14	40
05	1	207	5	20
05	1	207	20	20
05	1	207	11	40
05	1	208	6	20
05	1	208	2	10
05	1	208	7	5
05	1	208	9	5
05	1	209	15	20
05	1	209	12	20
05	1	209	14	40
05	1	210	5	20
05	1	210	6	20
05	1	210	2	40
05	1	211	15	20
05	1	211	12	20
05	1	211	2	40
05	1	213	3	15
05	1	213	12	10
05	1	213	4	15
05	1	213	13	40
05	1	214	10	20
05	1	214	5	20
05	1	214	13	20
05	1	214	7	20
05	1	215	10	5
05	1	215	5	5
05	1	215	15	10
05	1	215	19	10
05	1	215	1	5
05	1	215	4	5
05	1	215	11	40
05	1	216	10	20
05	1	216	6	20
05	1	216	2	40
05	1	217	15	15
05	1	217	20	5
05	1	217	21	5
05	1	217	18	10
05	1	217	1	5
05	1	217	11	40
05	1	218	10	10
05	1	218	3	10
05	1	218	6	10
05	1	218	1	10
05	1	218	7	40
05	1	219	10	5
05	1	219	8	15
05	1	219	19	20
05	1	219	14	40
05	1	221	10	20
05	1	221	5	20
05	1	221	2	40
05	1	222	15	5
05	1	222	20	10
05	1	222	21	10
05	1	222	19	10
05	1	222	1	5
05	1	222	2	40
05	1	223	10	20
05	1	223	17	20
05	1	223	2	40
05	1	224	10	20
05	1	224	6	20
05	1	224	13	40
05	1	226	19	20
05	1	226	6	20
05	1	226	7	40
05	1	227	21	20
05	1	227	2	10
05	1	227	14	10
05	1	227	13	5
05	1	227	9	5
05	1	228	10	20
05	1	228	17	15
05	1	228	1	5
05	1	228	2	40
05	1	229	15	15
05	1	229	18	10
05	1	229	4	15
05	1	229	2	40
05	1	231	5	20
05	1	231	15	20
05	1	231	13	40
05	1	232	5	40
05	1	232	13	25
05	1	232	7	10
05	1	232	11	5
05	1	233	10	20
05	1	233	12	20
05	1	233	14	40
05	1	234	15	20
05	1	234	18	20
05	1	234	7	40
05	1	235	20	20
05	1	235	1	20
05	1	235	2	40
05	1	236	16	20
05	1	236	18	20
05	1	236	11	40
05	1	238	10	5
05	1	238	5	15
05	1	238	6	10
05	1	238	18	5
05	1	238	4	5
05	1	238	13	40
05	1	239	20	20
05	1	239	19	15
05	1	239	4	5
05	1	239	7	25
05	1	239	11	15
05	1	240	15	15
05	1	240	12	20
05	1	240	18	5
05	1	240	11	40
05	1	242	10	40
05	1	242	2	40
05	1	244	10	5
05	1	244	15	15
05	1	244	19	15
05	1	244	1	5
05	1	244	11	40
05	1	248	10	5
05	1	248	16	10
05	1	248	4	25
05	1	248	11	40
05	1	249	3	20
05	1	249	20	20
05	1	249	14	30
05	1	249	7	10
05	1	250	17	20
05	1	250	18	20
05	1	250	11	40
05	1	251	8	20
05	1	251	19	20
05	1	251	9	35
05	1	251	11	5
05	1	253	15	20
05	1	253	18	20
05	1	253	13	40
05	1	255	15	20
05	1	255	4	20
05	1	255	14	40
05	1	256	18	20
05	1	256	1	20
05	1	256	2	25
05	1	256	11	15
05	1	257	15	10
05	1	257	16	5
05	1	257	8	10
05	1	257	21	5
05	1	257	1	10
05	1	257	11	40
05	1	258	10	20
05	1	258	17	20
05	1	258	2	40
05	1	259	10	5
05	1	259	5	10
05	1	259	17	10
05	1	259	8	5
05	1	259	4	10
05	1	259	13	40
05	1	260	15	10
05	1	260	16	20
05	1	260	6	5
05	1	260	4	5
05	1	260	14	40
05	1	261	16	15
05	1	261	1	15
05	1	261	4	10
05	1	261	11	40
05	1	262	19	20
05	1	262	6	20
05	1	262	7	40
05	1	263	18	20
05	1	263	1	20
05	1	263	14	30
05	1	263	11	10
05	1	265	20	20
05	1	265	19	15
05	1	265	6	5
05	1	265	13	40
05	1	266	5	10
05	1	266	15	20
05	1	266	8	10
05	1	266	14	40
05	1	267	16	20
05	1	267	18	15
05	1	267	1	5
05	1	267	11	40
05	1	268	15	20
05	1	268	18	20
05	1	268	14	40
05	1	269	10	40
05	1	269	2	40
05	1	270	10	20
05	1	270	6	20
05	1	270	7	40
05	1	271	10	20
05	1	271	8	20
05	1	271	2	40
05	1	272	5	20
05	1	272	20	20
05	1	272	7	40
05	1	273	20	20
05	1	273	8	20
05	1	273	13	40
05	1	274	10	15
05	1	274	5	10
05	1	274	20	5
05	1	274	19	5
05	1	274	4	5
05	1	274	7	40
05	1	275	20	20
05	1	275	1	5
05	1	275	4	15
05	1	275	2	40
05	1	276	10	20
05	1	276	12	20
05	1	276	13	35
05	1	276	9	5
05	1	277	16	20
05	1	277	19	20
05	1	277	14	40
05	1	278	10	15
05	1	278	3	5
05	1	278	19	10
05	1	278	4	10
05	1	278	7	40
05	1	279	10	5
05	1	279	15	5
05	1	279	3	10
05	1	279	17	10
05	1	279	1	10
05	1	279	14	25
05	1	279	7	15
05	1	281	20	20
05	1	281	6	20
05	1	281	9	40
05	1	282	10	5
05	1	282	15	20
05	1	282	12	5
05	1	282	8	10
05	1	282	7	20
05	1	282	11	20
05	1	283	10	20
05	1	283	6	20
05	1	283	11	40
05	1	284	15	15
05	1	284	6	10
05	1	284	18	15
05	1	284	11	40
05	1	285	16	20
05	1	285	4	20
05	1	285	14	40
05	1	286	10	10
05	1	286	15	10
05	1	286	8	10
05	1	286	19	10
05	1	286	7	40
05	1	288	10	10
05	1	288	6	20
05	1	288	4	10
05	1	288	14	40
05	1	289	10	10
05	1	289	12	10
05	1	289	8	5
05	1	289	19	5
05	1	289	18	5
05	1	289	4	5
05	1	289	2	40
05	1	290	20	20
05	1	290	1	20
05	1	290	13	40
05	1	291	10	15
05	1	291	3	10
05	1	291	2	25
05	1	292	10	15
05	1	292	15	5
05	1	292	1	15
05	1	292	14	35
05	1	295	18	20
05	1	295	1	20
05	1	295	11	35
05	1	296	10	10
05	1	296	15	15
05	1	296	6	5
05	1	296	18	10
05	1	296	14	40
05	1	297	8	20
05	1	297	4	20
05	1	297	7	40
05	1	298	15	5
05	1	298	16	20
05	1	298	4	15
05	1	298	14	40
05	1	299	16	10
05	1	299	8	10
05	1	299	19	10
05	1	299	18	10
05	1	299	7	39
05	1	299	9	1
05	1	300	10	10
05	1	300	17	15
05	1	300	4	15
05	1	300	2	40
05	1	301	5	20
05	1	301	20	20
05	1	301	13	40
05	1	302	10	20
05	1	302	16	20
05	1	302	2	10
05	1	302	14	10
05	1	302	13	10
05	1	302	7	5
05	1	302	9	5
05	1	303	8	20
05	1	303	21	20
05	1	303	9	40
05	1	304	3	15
05	1	304	19	15
05	1	304	4	10
05	1	304	13	40
05	1	305	10	10
05	1	305	5	10
05	1	305	15	20
05	1	305	2	40
05	1	306	10	25
05	1	306	19	15
05	1	306	2	20
05	1	306	14	10
05	1	306	13	10
05	1	307	10	15
05	1	307	15	10
05	1	307	21	10
05	1	307	1	5
05	1	307	7	35
05	1	307	9	5
05	1	308	16	20
05	1	308	18	20
05	1	308	14	40
05	1	309	8	20
05	1	309	21	5
05	1	309	9	25
05	1	310	15	15
05	1	310	6	10
05	1	310	1	15
05	1	310	11	40
05	1	311	10	20
05	1	311	5	20
05	1	311	2	10
05	1	311	7	30
05	1	312	15	20
05	1	312	4	20
05	1	312	2	40
05	1	313	10	20
05	1	313	21	20
05	1	313	2	40
05	1	314	17	20
05	1	314	1	20
05	1	314	11	40
05	1	315	10	20
05	1	315	5	20
05	1	315	11	40
05	1	317	15	10
05	1	317	12	10
05	1	317	8	10
05	1	317	19	10
05	1	317	14	20
05	1	317	11	15
05	1	319	12	20
05	1	319	19	20
05	1	319	2	40
05	1	320	8	10
05	1	320	21	5
05	1	320	4	5
05	1	320	2	5
05	1	320	14	5
05	1	320	9	10
05	1	321	20	20
05	1	321	8	20
05	1	321	7	20
05	1	321	9	20
05	1	322	10	15
05	1	322	17	10
05	1	322	19	15
05	1	322	11	40
05	1	323	10	15
05	1	323	20	10
05	1	323	21	15
05	1	323	2	40
05	1	324	10	15
05	1	324	5	15
05	1	324	17	5
05	1	324	2	35
05	1	326	15	10
05	1	326	16	15
05	1	326	1	15
05	1	326	14	40
05	1	327	3	20
05	1	327	8	20
05	1	327	9	40
05	1	329	10	20
05	1	329	5	20
05	1	329	2	40
05	1	330	8	10
05	1	330	21	20
05	1	330	19	10
05	1	330	2	40
05	1	331	5	15
05	1	331	16	10
05	1	331	18	15
05	1	331	14	40
05	1	332	16	20
05	1	332	20	20
05	1	332	14	40
05	1	333	17	20
05	1	333	19	5
05	1	333	1	15
05	1	333	2	40
05	1	334	18	20
05	1	334	4	20
05	1	334	9	15
05	1	334	11	25
05	1	335	10	10
05	1	335	15	10
05	1	335	4	20
05	1	335	2	20
05	1	335	11	20
05	1	336	17	20
05	1	336	1	20
05	1	336	2	40
05	1	337	3	10
05	1	337	20	10
05	1	337	19	5
05	1	337	18	15
05	1	337	2	20
05	1	337	9	20
05	1	338	10	10
05	1	338	15	10
05	1	338	2	20
05	1	339	3	20
05	1	339	6	20
05	1	339	14	25
05	1	339	9	15
05	1	340	10	15
05	1	340	4	10
05	1	340	7	10
05	1	340	11	10
05	1	341	15	20
05	1	341	19	20
05	1	341	9	40
05	1	342	12	20
05	1	342	18	20
05	1	342	13	30
05	1	342	7	10
05	1	343	12	20
05	1	343	16	15
05	1	343	13	30
05	1	344	10	20
05	1	344	3	20
05	1	344	2	40
05	1	345	12	20
05	1	345	20	20
05	1	345	2	20
05	1	345	11	20
05	1	346	18	15
05	1	346	1	10
05	1	346	4	15
05	1	346	2	10
05	1	346	11	30
05	1	347	5	20
05	1	347	8	20
05	1	347	9	40
05	1	348	10	20
05	1	348	15	20
05	1	348	2	40
05	1	349	10	20
05	1	349	19	20
05	1	349	2	30
05	1	349	11	10
05	1	350	10	20
05	1	350	4	20
05	1	350	2	40
05	1	351	18	20
05	1	351	4	20
05	1	351	13	20
05	1	351	7	20
05	1	352	16	5
05	1	352	19	15
05	1	352	1	20
05	1	352	14	40
05	1	353	3	20
05	1	353	8	20
05	1	353	11	40
05	1	354	5	15
05	1	354	16	20
05	1	354	8	5
05	1	354	14	40
05	1	355	8	10
05	1	355	19	5
05	1	355	1	10
05	1	355	2	15
05	1	355	14	5
05	1	355	13	5
05	1	356	10	20
05	1	356	12	20
05	1	356	2	25
05	1	356	11	15
05	1	357	20	10
05	1	357	17	10
05	1	357	19	10
05	1	357	1	5
05	1	357	4	5
05	1	357	2	40
05	1	358	15	15
05	1	358	3	5
05	1	358	12	10
05	1	358	8	10
05	1	358	14	15
05	1	358	7	10
05	1	358	11	15
05	1	360	15	20
05	1	360	18	20
05	1	360	11	40
05	1	361	18	20
05	1	361	1	20
05	1	361	11	40
05	1	362	16	20
05	1	362	6	10
05	1	362	18	10
05	1	362	14	40
05	1	363	5	20
05	1	363	4	20
05	1	363	11	40
05	1	364	15	10
05	1	364	16	10
05	1	364	21	10
05	1	364	6	5
05	1	364	4	5
05	1	364	14	40
05	1	365	10	10
05	1	365	3	15
05	1	365	19	5
05	1	365	1	5
05	1	365	4	5
05	1	365	2	40
05	1	366	21	20
05	1	366	4	20
05	1	366	14	40
05	1	367	5	20
05	1	367	6	20
05	1	367	2	40
05	1	368	10	15
05	1	368	5	10
05	1	369	15	15
05	1	369	16	5
05	1	369	21	15
05	1	369	18	5
05	1	369	14	40
05	1	370	12	5
05	1	370	19	10
05	1	370	18	10
05	1	370	1	5
05	1	370	4	10
05	1	370	7	40
05	1	371	10	20
05	1	371	6	20
05	1	371	2	15
05	1	371	14	25
05	1	372	5	20
05	1	372	1	20
05	1	372	11	40
05	1	373	15	5
05	1	373	16	5
05	1	373	20	10
05	1	373	8	20
05	1	373	7	40
05	1	374	10	15
05	1	374	15	15
05	1	374	18	10
05	1	374	13	40
05	1	375	8	15
05	1	375	1	15
05	1	375	4	10
05	1	375	14	40
05	1	377	10	15
05	1	377	5	15
05	1	377	17	10
05	1	377	7	35
05	1	377	9	5
05	1	378	5	20
05	1	378	8	20
05	1	378	7	25
05	1	378	9	15
05	1	379	10	10
05	1	379	19	10
05	1	379	2	10
05	1	379	7	10
05	1	380	10	20
05	1	380	20	20
05	1	380	2	30
05	1	381	18	20
05	1	381	1	20
05	1	381	11	40
05	1	382	16	10
05	1	382	8	10
05	1	382	18	10
05	1	382	4	10
05	1	382	14	40
05	1	383	10	15
05	1	383	15	15
05	1	383	19	5
05	1	383	1	5
05	1	383	11	40
05	1	384	12	5
05	1	384	8	10
05	1	384	21	15
05	1	384	4	10
05	1	384	7	40
05	1	385	17	20
05	1	385	4	20
05	1	385	14	40
05	1	386	15	5
05	1	386	18	20
05	1	386	1	15
05	1	386	11	40
05	1	387	10	10
05	1	387	8	10
05	1	388	20	15
05	1	388	19	5
05	1	388	18	5
05	1	388	1	15
05	1	388	11	40
05	1	389	10	10
05	1	389	5	10
05	1	389	20	5
05	1	389	17	5
05	1	389	6	5
05	1	389	2	5
05	1	389	13	10
05	1	389	11	20
05	1	390	15	15
05	1	390	3	15
05	1	390	19	10
05	1	390	14	40
05	1	392	16	20
05	1	392	18	20
05	1	392	13	40
05	1	393	5	20
05	1	393	18	20
05	1	393	11	40
05	1	394	20	10
05	1	394	8	15
05	1	394	19	15
05	1	394	11	40
05	1	395	10	10
05	1	395	21	5
05	1	395	4	5
05	1	395	11	20
05	1	397	10	25
05	1	397	20	15
05	1	397	2	10
05	1	397	13	5
05	1	397	11	25
05	1	398	10	15
05	1	398	5	10
05	1	398	6	15
05	1	398	2	40
05	1	399	16	20
05	1	399	6	20
05	1	399	13	40
05	1	401	5	20
05	1	401	6	20
05	1	401	2	40
05	1	402	10	20
05	1	402	17	20
05	1	402	7	40
05	1	403	15	10
05	1	403	12	10
05	1	403	18	20
05	1	403	11	40
05	1	404	10	15
05	1	404	1	10
05	1	404	4	15
05	1	404	2	40
05	1	405	12	5
05	1	405	18	15
05	1	405	1	10
05	1	405	4	10
05	1	405	11	40
05	1	406	5	20
05	1	406	18	15
05	1	406	2	40
05	1	407	20	20
05	1	407	8	20
05	1	407	2	30
05	1	407	7	10
05	1	408	10	20
05	1	408	2	35
05	1	409	5	20
05	1	409	6	20
05	1	409	13	40
05	1	410	5	30
05	1	410	7	30
05	1	411	10	20
05	1	411	15	15
05	1	411	8	5
05	1	411	9	25
05	1	411	11	15
05	1	412	5	20
05	1	412	6	20
05	1	412	14	5
05	1	412	7	25
05	1	412	9	10
05	1	413	10	10
05	1	413	15	20
05	1	413	8	10
05	1	413	2	10
05	1	413	14	10
05	1	413	13	10
05	1	413	11	10
05	1	414	5	10
05	1	414	20	15
05	1	414	19	15
05	1	414	2	40
05	1	415	20	20
05	1	415	17	20
05	1	415	14	40
05	1	416	21	15
05	1	416	6	15
05	1	416	1	10
05	1	416	7	40
05	1	417	16	20
05	1	417	19	5
05	1	417	1	5
05	1	417	4	10
05	1	417	14	40
05	1	418	15	10
05	1	418	18	15
05	1	418	1	15
05	1	418	2	40
05	1	419	5	20
05	1	419	20	20
05	1	419	11	40
05	1	420	10	20
05	1	420	19	20
05	1	420	2	10
05	1	420	7	30
05	1	421	15	10
05	1	421	8	10
05	1	421	1	10
05	1	421	4	10
05	1	421	2	40
05	1	422	10	15
05	1	422	15	10
05	1	422	17	15
05	1	422	14	40
05	1	423	15	15
05	1	423	16	15
05	1	423	8	10
05	1	423	14	40
05	1	424	15	10
05	1	424	16	5
05	1	424	8	10
05	1	424	18	15
05	1	424	11	40
05	1	425	8	20
05	1	425	19	20
05	1	425	7	10
05	1	425	9	30
05	1	426	3	15
05	1	426	16	5
05	1	426	20	20
05	1	426	14	40
05	1	427	5	20
05	1	427	12	20
05	1	427	13	20
05	1	427	7	20
05	1	428	17	10
05	1	428	6	10
05	1	428	1	10
05	1	428	4	10
05	1	428	14	40
05	1	429	12	10
05	1	429	16	20
05	1	429	1	10
05	1	429	14	25
05	1	429	7	15
05	1	430	15	20
05	1	430	4	20
05	1	430	11	40
05	1	431	15	20
05	1	431	18	20
05	1	431	13	40
05	1	432	10	20
05	1	432	3	20
05	1	432	2	40
05	1	433	8	20
05	1	433	21	20
05	1	433	2	40
05	1	434	10	10
05	1	434	17	10
05	1	434	19	10
05	1	434	4	10
05	1	434	2	30
05	1	434	11	10
05	1	435	10	15
05	1	435	3	10
05	1	435	17	15
05	1	435	14	40
05	1	436	12	20
05	1	436	6	10
05	1	436	1	10
05	1	436	2	40
05	1	437	8	25
05	1	437	21	10
05	1	437	19	5
05	1	437	14	40
05	1	439	5	20
05	1	439	21	15
05	1	439	13	35
05	1	440	10	15
05	1	440	15	15
05	1	440	8	10
05	1	440	2	40
05	1	441	15	15
05	1	441	1	5
05	1	441	2	5
05	1	441	7	5
05	1	441	9	5
05	1	442	10	10
05	1	442	5	20
05	1	442	6	10
05	1	442	2	40
05	1	443	20	20
05	1	443	8	20
05	1	443	7	40
05	1	444	10	20
05	1	444	5	20
05	1	444	7	25
05	1	444	9	15
05	1	445	10	15
05	1	445	17	15
05	1	445	19	5
05	1	445	1	5
05	1	445	2	40
05	1	446	3	15
05	1	446	19	15
05	1	446	1	10
05	1	446	11	40
05	1	447	10	15
05	1	447	3	10
05	1	447	17	15
05	1	447	2	40
05	1	448	15	10
05	1	448	8	5
05	1	448	18	20
05	1	448	4	5
05	1	448	11	40
05	1	449	5	20
05	1	449	12	20
05	1	449	13	40
05	1	450	10	20
05	1	450	15	5
05	1	450	6	15
05	1	450	7	40
05	1	451	10	10
05	1	451	3	15
05	1	451	17	15
05	1	451	2	40
05	1	452	12	5
05	1	452	20	5
05	1	452	8	15
05	1	452	21	5
05	1	452	1	5
05	1	452	4	5
05	1	452	11	40
05	1	453	5	15
05	1	453	20	15
05	1	453	17	10
05	1	453	14	40
05	1	454	10	20
05	1	454	2	20
05	1	455	10	20
05	1	455	20	20
05	1	455	11	35
05	1	456	10	15
05	1	456	5	20
05	1	456	16	5
05	1	456	13	40
05	1	457	10	15
05	1	457	5	15
05	1	457	2	30
05	1	458	12	15
05	1	458	19	10
05	1	458	1	15
05	1	458	14	40
05	1	459	10	10
05	1	459	18	5
05	1	459	4	5
05	1	459	7	4
05	1	459	9	8
05	1	459	11	8
05	1	461	10	15
05	1	461	3	5
05	1	461	6	15
05	1	461	18	5
05	1	461	11	40
05	1	462	3	5
05	1	462	21	25
05	1	462	19	10
05	1	462	14	10
05	1	462	7	30
05	1	463	3	15
05	1	463	17	10
05	1	463	4	15
05	1	463	14	40
05	1	464	8	20
05	1	464	19	20
05	1	464	11	40
05	1	465	10	15
05	1	465	5	10
05	1	465	17	15
05	1	465	13	15
05	1	465	7	25
05	1	466	8	20
05	1	466	4	20
05	1	466	14	40
05	1	467	5	20
05	1	467	6	10
05	1	467	18	10
05	1	467	14	10
05	1	467	7	10
05	1	467	9	20
05	1	468	10	15
05	1	468	3	10
05	1	468	21	15
05	1	468	11	40
05	1	469	18	20
05	1	469	4	20
05	1	469	11	40
05	1	470	10	20
05	1	470	6	20
05	1	470	11	40
05	1	472	16	20
05	1	472	4	20
05	1	472	14	40
05	1	473	15	5
05	1	473	12	5
05	1	473	8	5
05	1	473	19	5
05	1	473	18	15
05	1	473	1	5
05	1	473	7	40
05	1	474	21	15
05	1	474	19	15
05	1	474	6	10
05	1	474	2	40
05	1	475	5	15
05	1	475	12	10
05	1	475	1	15
05	1	475	13	40
05	1	476	17	20
05	1	476	19	20
05	1	476	2	40
05	1	477	10	20
05	1	477	19	20
05	1	477	2	40
05	1	478	10	25
05	1	478	11	25
05	1	480	15	10
05	1	480	8	15
05	1	480	18	15
05	1	480	13	40
05	1	481	3	20
05	1	481	17	20
05	1	481	13	40
05	1	483	16	10
05	1	483	6	15
05	1	483	1	15
05	1	483	14	35
05	1	483	9	5
05	1	484	5	20
05	1	484	17	20
05	1	484	2	35
05	1	484	9	5
05	1	485	8	20
05	1	485	4	20
05	1	485	11	40
05	1	486	12	10
05	1	486	19	10
05	1	486	1	20
05	1	486	2	40
05	1	487	12	20
05	1	487	6	20
05	1	487	13	25
05	1	487	11	15
05	1	488	10	20
05	1	488	19	20
05	1	488	2	30
05	1	488	11	10
05	1	489	20	20
05	1	489	18	10
05	1	489	7	30
05	1	490	3	20
05	1	490	20	10
05	1	490	21	5
05	1	490	19	5
05	1	490	9	40
05	1	491	3	5
05	1	491	17	20
05	1	491	21	15
05	1	491	14	5
05	1	491	7	20
05	1	491	9	15
05	1	492	20	20
05	1	492	1	15
05	1	492	4	5
05	1	492	13	40
05	1	493	15	15
05	1	493	16	15
05	1	493	8	10
05	1	493	7	40
05	1	494	21	20
05	1	494	4	20
05	1	494	14	40
05	1	495	20	20
05	1	495	18	20
05	1	495	11	40
05	1	496	15	10
05	1	496	16	20
05	1	496	19	10
05	1	496	14	40
05	1	497	10	20
05	1	497	16	15
05	1	497	8	5
05	1	497	2	40
05	1	498	10	20
05	1	498	12	20
05	1	498	7	40
05	1	499	5	20
05	1	499	6	20
05	1	499	7	40
05	1	500	16	10
05	1	500	20	10
05	1	500	19	10
05	1	500	18	10
05	1	500	2	40
05	1	501	10	20
05	1	501	12	20
05	1	501	11	40
05	1	502	10	15
05	1	502	15	20
05	1	502	20	5
05	1	502	14	40
05	1	503	15	20
05	1	503	8	20
05	1	503	11	40
05	1	504	10	20
05	1	504	12	20
05	1	504	2	40
05	1	506	10	20
05	1	506	12	20
05	1	506	14	40
05	1	507	15	10
05	1	507	3	5
05	1	507	8	10
05	1	507	19	5
05	1	507	6	5
05	1	507	4	5
05	1	507	13	40
05	1	508	10	5
05	1	508	21	5
05	1	508	18	5
05	1	508	1	5
05	1	508	2	10
05	1	508	14	5
05	1	508	13	1
05	1	508	7	1
05	1	508	9	2
05	1	508	11	1
05	1	510	10	15
05	1	510	17	15
05	1	510	19	10
05	1	510	2	40
05	1	512	5	20
05	1	512	3	20
05	1	512	14	40
05	1	513	20	20
05	1	513	1	20
05	1	513	14	30
05	1	513	9	10
05	1	514	16	10
05	1	514	20	15
05	1	514	1	15
05	1	514	14	40
05	1	515	10	10
05	1	515	3	10
05	1	515	8	10
05	1	515	1	10
05	1	515	2	40
05	1	516	6	35
05	1	516	1	5
05	1	516	2	40
05	1	517	15	10
05	1	517	12	20
05	1	517	8	10
05	1	517	11	40
05	1	518	10	20
05	1	518	15	20
05	1	518	2	40
05	1	519	16	15
05	1	519	18	10
05	1	519	1	15
05	1	519	2	40
05	1	520	10	5
05	1	520	17	5
05	1	520	8	5
05	1	520	4	10
05	1	520	7	10
05	1	520	9	10
05	1	521	5	5
05	1	521	16	10
05	1	521	19	5
05	1	521	1	5
05	1	521	2	15
05	1	521	14	5
05	1	521	7	5
05	1	522	17	5
05	1	522	8	5
05	1	522	18	5
05	1	522	1	5
05	1	522	4	5
05	1	522	7	5
05	1	522	9	20
05	1	523	20	20
05	1	523	6	20
05	1	523	7	40
05	1	524	16	20
05	1	524	4	20
05	1	524	14	20
05	1	524	11	20
05	1	525	8	20
05	1	525	19	20
05	1	525	9	40
05	1	526	10	20
05	1	526	12	20
05	1	526	2	20
05	1	526	14	15
05	1	526	13	5
05	1	527	15	10
05	1	527	16	10
05	1	527	8	10
05	1	527	19	10
05	1	527	14	40
05	1	528	5	10
05	1	528	12	5
05	1	528	20	15
05	1	528	19	10
05	1	528	7	20
05	1	528	9	20
05	1	529	10	15
05	1	529	15	10
05	1	529	1	15
05	1	529	2	30
05	1	529	14	10
05	1	530	16	15
05	1	530	8	5
05	1	530	19	10
05	1	530	4	10
05	1	530	7	40
05	1	531	15	40
05	1	531	14	40
05	1	532	16	20
05	1	532	20	20
05	1	532	14	40
05	1	533	15	20
05	1	533	18	20
05	1	533	7	40
05	1	534	15	20
05	1	534	8	15
05	1	534	21	1
05	1	534	1	4
05	1	534	2	15
05	1	534	7	25
05	1	535	15	20
05	1	535	12	20
05	1	535	13	40
05	1	536	17	20
05	1	536	8	20
05	1	536	9	40
05	1	537	5	20
05	1	537	4	20
05	1	537	13	20
05	1	537	11	20
05	1	538	19	20
05	1	538	6	20
05	1	538	13	40
05	1	539	12	15
05	1	539	18	5
05	1	539	1	10
05	1	539	4	10
05	1	539	9	40
05	1	541	10	20
05	1	541	17	20
05	1	541	7	40
05	1	542	10	10
05	1	542	17	10
05	1	542	13	20
05	1	543	6	20
05	1	543	1	20
05	1	543	11	40
05	1	544	10	5
05	1	544	17	5
05	1	544	19	10
05	1	544	6	10
05	1	544	1	5
05	1	544	4	5
05	1	544	7	25
05	1	544	11	15
05	1	545	10	20
05	1	545	1	20
05	1	545	11	40
05	1	546	10	15
05	1	546	8	5
05	1	546	19	5
05	1	546	1	15
05	1	546	14	40
05	1	547	10	40
05	1	547	11	40
05	1	548	10	10
05	1	548	5	20
05	1	548	6	10
05	1	548	11	40
05	1	549	3	15
05	1	549	16	20
05	1	549	19	5
05	1	549	9	40
05	1	550	15	15
05	1	550	18	5
05	1	550	1	15
05	1	550	4	5
05	1	550	9	5
05	1	550	11	35
05	1	551	8	20
05	1	551	1	20
05	1	551	14	40
05	1	552	15	10
05	1	552	8	15
05	1	552	18	15
05	1	552	14	40
05	1	553	10	20
05	1	553	8	20
05	1	553	7	25
05	1	553	9	15
05	1	554	16	20
05	1	554	19	20
05	1	554	2	40
05	1	555	17	20
05	1	555	19	20
05	1	555	7	40
05	1	556	10	20
05	1	556	17	20
05	1	556	2	35
05	1	556	7	5
05	1	557	15	15
05	1	557	3	15
05	1	557	4	10
05	1	557	7	10
05	1	557	11	30
05	1	560	3	10
05	1	560	16	10
05	1	560	9	10
05	1	560	11	10
05	1	561	20	15
05	1	561	18	15
05	1	561	1	10
05	1	561	13	40
05	1	562	10	20
05	1	562	19	20
05	1	562	2	40
05	1	563	20	20
05	1	563	17	20
05	1	563	14	40
05	1	564	15	15
05	1	564	8	15
05	1	564	21	10
05	1	564	13	40
05	1	565	10	20
05	1	565	4	20
05	1	565	2	35
05	1	565	7	5
05	1	566	10	10
05	1	566	3	5
05	1	566	16	5
05	1	566	17	5
05	1	566	19	15
05	1	566	14	40
05	1	567	5	20
05	1	567	20	20
05	1	567	2	40
05	1	568	3	15
05	1	568	12	5
05	1	568	17	15
05	1	568	7	40
05	1	569	10	5
05	1	569	15	15
05	1	569	1	15
05	1	569	11	35
05	1	570	10	15
05	1	570	12	5
05	1	570	1	20
05	1	570	2	20
05	1	570	14	10
05	1	570	9	5
05	1	570	11	5
05	1	571	3	20
05	1	571	6	5
05	1	571	4	15
05	1	571	7	30
05	1	571	9	10
05	1	572	10	25
05	1	572	1	15
05	1	572	2	40
05	1	573	15	20
05	1	573	18	20
05	1	573	13	40
05	1	575	3	15
05	1	575	17	5
05	1	575	1	5
05	1	575	4	15
05	1	575	2	40
05	1	576	10	10
05	1	576	19	10
05	1	576	2	20
05	1	577	10	25
05	1	577	2	40
05	1	579	3	10
05	1	579	16	20
05	1	579	6	10
05	1	579	7	20
05	1	579	9	20
05	1	580	17	20
05	1	580	4	20
05	1	580	2	20
05	1	580	9	20
05	1	581	3	20
05	1	581	8	20
05	1	581	7	40
05	1	582	20	10
05	1	582	8	20
05	1	582	21	10
05	1	582	2	40
05	1	583	17	10
05	1	583	8	15
05	1	583	1	15
05	1	583	14	40
05	1	584	5	10
05	1	584	12	10
05	1	584	16	20
05	1	584	14	25
05	1	584	7	5
05	1	584	11	10
05	1	585	15	10
05	1	585	21	15
05	1	585	18	15
05	1	585	11	40
05	1	586	10	20
05	1	586	20	20
05	1	586	11	40
05	1	587	20	10
05	1	587	17	10
05	1	587	18	5
05	1	587	4	10
05	1	587	2	30
05	1	587	13	5
05	1	588	10	20
05	1	588	8	20
05	1	588	13	25
05	1	588	11	15
05	1	591	17	20
05	1	591	8	20
05	1	591	14	40
05	1	592	10	20
05	1	592	17	20
05	1	592	7	40
05	1	593	5	20
05	1	593	3	20
05	1	593	13	40
05	1	596	10	5
05	1	596	5	5
05	1	596	15	10
05	1	596	8	10
05	1	596	19	5
05	1	596	4	5
05	1	596	9	25
05	1	596	11	15
05	1	597	12	5
05	1	597	16	5
05	1	597	8	10
05	1	597	21	10
05	1	597	19	5
05	1	597	4	5
05	1	597	11	40
05	1	598	16	20
05	1	598	18	20
05	1	598	14	40
05	1	599	5	10
05	1	599	15	25
05	1	599	8	5
05	1	599	14	20
05	1	599	13	20
05	1	600	16	20
05	1	600	18	20
05	1	600	14	40
05	1	601	10	10
05	1	601	12	10
05	1	601	6	10
05	1	601	1	5
05	1	601	4	5
05	1	601	13	40
05	1	602	15	10
05	1	602	16	15
05	1	602	1	15
05	1	602	14	25
05	1	602	13	5
05	1	602	11	10
05	1	603	10	15
05	1	603	5	15
05	1	603	1	10
05	1	603	9	40
05	1	604	10	20
05	1	604	20	20
05	1	604	13	20
05	1	604	7	20
05	1	605	20	15
05	1	605	19	15
05	1	605	18	10
05	1	605	7	40
05	1	606	10	20
05	1	606	12	20
05	1	606	2	40
05	1	607	10	5
05	1	607	15	10
05	1	607	16	5
05	1	607	8	10
05	1	607	4	10
05	1	607	14	40
05	1	608	12	10
05	1	608	6	15
05	1	608	4	15
05	1	608	13	40
05	1	610	10	20
05	1	610	16	15
05	1	610	8	5
05	1	610	14	40
05	1	611	10	10
05	1	611	5	20
05	1	611	6	10
05	1	611	7	40
05	1	612	3	30
05	1	612	1	10
05	1	612	9	40
05	1	613	15	20
05	1	613	18	20
05	1	613	2	40
05	1	614	5	30
05	1	614	16	10
05	1	614	2	40
05	1	615	5	10
05	1	615	15	10
05	1	615	1	20
05	1	615	2	20
05	1	615	11	20
05	1	616	3	20
05	1	616	21	20
05	1	616	13	30
05	1	616	9	10
05	1	618	16	20
05	1	618	19	20
05	1	618	13	40
05	1	619	8	20
05	1	619	19	20
05	1	619	14	40
05	1	620	10	20
05	1	620	5	20
05	1	620	2	40
05	1	621	10	20
05	1	621	8	15
05	1	621	14	35
05	1	622	12	20
05	1	622	20	20
05	1	622	13	40
05	1	623	5	15
05	1	623	15	5
05	1	623	20	15
05	1	623	6	5
05	1	623	14	40
05	1	624	3	20
05	1	624	12	20
05	1	624	13	40
05	1	625	5	20
05	1	625	20	10
05	1	625	19	10
05	1	625	14	10
05	1	625	7	30
05	1	626	5	20
05	1	626	6	20
05	1	626	14	30
05	1	626	7	10
05	1	627	15	5
05	1	627	16	15
05	1	627	20	20
05	1	627	7	40
05	1	628	15	20
05	1	628	20	20
05	1	628	2	5
05	1	628	13	25
05	1	628	9	10
05	1	629	19	5
05	1	629	6	10
05	1	629	18	10
05	1	629	1	15
05	1	629	2	5
05	1	629	14	15
05	1	629	13	5
05	1	629	11	15
05	1	630	18	20
05	1	630	1	10
05	1	630	4	10
05	1	630	11	40
05	1	631	5	15
05	1	631	8	15
05	1	631	1	10
05	1	631	7	40
05	1	632	10	15
05	1	632	16	10
05	1	632	8	15
05	1	632	14	40
05	1	633	10	20
05	1	633	21	20
05	1	633	7	35
05	1	634	10	5
05	1	634	5	5
05	1	634	16	20
05	1	634	4	10
05	1	634	14	40
05	1	635	16	20
05	1	635	8	5
05	1	635	18	15
05	1	635	14	40
05	1	636	16	20
05	1	636	4	20
05	1	636	2	40
05	1	637	5	10
05	1	637	20	20
05	1	637	1	10
05	1	637	13	40
05	1	638	10	20
05	1	638	20	20
05	1	638	2	20
05	1	638	11	20
05	1	639	3	10
05	1	639	17	15
05	1	639	19	15
05	1	639	7	30
05	1	639	9	10
05	1	640	10	10
05	1	640	1	10
05	1	640	4	15
05	1	640	2	35
05	1	641	5	15
05	1	641	8	15
05	1	641	1	10
05	1	641	2	40
05	1	642	10	15
05	1	642	15	15
05	1	642	8	10
05	1	642	14	40
05	1	644	8	20
05	1	644	19	20
05	1	644	7	40
05	1	645	10	15
05	1	645	5	5
05	1	645	20	5
05	1	645	17	15
05	1	645	2	40
05	1	646	3	20
05	1	646	12	20
05	1	646	13	40
05	1	647	15	10
05	1	647	16	10
05	1	647	20	5
05	1	647	1	15
05	1	647	14	40
05	1	648	5	20
05	1	648	8	20
05	1	648	14	30
05	1	648	13	10
05	1	649	16	20
05	1	649	4	20
05	1	649	14	40
05	1	650	10	15
05	1	650	17	15
05	1	650	21	5
05	1	650	7	5
05	1	650	11	30
05	1	651	17	20
05	1	651	8	20
05	1	651	14	40
05	1	652	16	25
05	1	652	11	25
05	1	653	15	20
05	1	653	20	20
05	1	653	13	40
05	1	654	8	20
05	1	654	1	5
05	1	654	4	15
05	1	654	2	40
05	1	655	15	5
05	1	655	8	5
05	1	655	21	10
05	1	655	14	20
05	1	656	5	20
05	1	656	20	20
05	1	656	14	20
05	1	656	11	20
05	1	658	10	20
05	1	658	4	20
05	1	658	9	40
05	1	659	15	20
05	1	659	18	20
05	1	659	13	40
05	1	660	10	10
05	1	660	12	20
05	1	660	6	10
05	1	660	2	40
05	1	661	10	20
05	1	661	17	20
05	1	661	2	40
05	1	662	10	15
05	1	662	3	10
05	1	662	6	10
05	1	662	13	25
05	1	662	7	10
05	1	663	10	20
05	1	663	21	20
05	1	663	11	40
05	1	664	12	20
05	1	664	16	5
05	1	664	8	5
05	1	664	19	5
05	1	664	1	5
05	1	664	13	35
05	1	664	7	5
05	1	665	12	10
05	1	665	16	5
05	1	665	20	10
05	1	665	19	10
05	1	665	18	5
05	1	665	2	40
05	1	667	10	15
05	1	667	15	5
05	1	667	20	20
05	1	667	7	20
05	1	667	9	20
05	1	668	10	20
05	1	668	18	20
05	1	668	11	40
05	1	669	15	15
05	1	669	16	10
05	1	669	1	15
05	1	669	13	40
05	1	670	15	10
05	1	670	12	5
05	1	670	18	20
05	1	670	11	35
05	1	671	15	20
05	1	671	12	20
05	1	671	7	30
05	1	671	9	10
05	1	672	10	10
05	1	672	5	10
05	1	672	17	5
05	1	672	8	15
05	1	672	2	15
05	1	672	14	10
05	1	672	9	15
05	1	673	15	10
05	1	673	21	15
05	1	673	6	15
05	1	673	11	40
05	1	675	8	5
05	1	675	21	5
05	1	675	19	15
05	1	675	6	5
05	1	675	14	5
05	1	675	13	5
05	1	675	9	20
05	1	676	10	20
05	1	676	15	10
05	1	676	8	10
05	1	676	2	40
05	1	677	20	15
05	1	677	1	5
05	1	677	2	20
05	1	678	5	10
05	1	678	16	10
05	1	678	20	10
05	1	678	4	10
05	1	678	7	40
05	1	679	10	20
05	1	679	11	20
05	1	680	10	15
05	1	680	3	10
05	1	680	17	15
05	1	680	2	10
05	1	680	11	30
05	1	681	10	20
05	1	681	19	20
05	1	681	2	40
05	1	682	5	20
05	1	682	16	20
05	1	682	7	30
05	1	683	16	30
05	1	683	19	5
05	1	683	2	5
05	1	683	13	10
05	1	683	11	15
05	1	685	10	10
05	1	685	5	10
05	1	685	3	10
05	1	685	8	10
05	1	685	13	40
05	1	687	10	10
05	1	687	3	10
05	1	687	6	20
05	1	687	9	40
05	1	688	3	5
05	1	688	16	20
05	1	688	19	5
05	1	688	9	30
05	1	689	5	15
05	1	689	8	20
05	1	689	14	35
05	1	691	5	15
05	1	691	6	15
05	1	691	4	10
05	1	691	2	40
05	1	692	3	20
05	1	692	12	20
05	1	692	2	40
05	1	693	10	20
05	1	693	12	20
05	1	693	13	40
05	1	694	15	20
05	1	694	12	20
05	1	694	11	40
05	1	695	15	20
05	1	695	12	20
05	1	695	13	40
05	1	697	3	20
05	1	697	1	20
05	1	697	11	40
05	1	699	10	15
05	1	699	15	10
05	1	699	20	5
05	1	699	8	10
05	1	699	7	20
05	1	699	9	20
05	1	702	16	20
05	1	702	20	5
05	1	702	1	15
05	1	702	2	10
05	1	702	14	25
05	1	702	11	5
05	1	703	10	10
05	1	703	3	5
05	1	703	20	10
05	1	703	17	5
05	1	703	13	30
05	1	704	15	10
05	1	704	8	10
05	1	704	14	10
05	1	704	13	10
05	1	705	10	15
05	1	705	16	5
05	1	705	20	5
05	1	705	19	15
05	1	705	13	40
05	1	706	10	20
05	1	706	5	20
05	1	706	14	40
05	1	708	12	20
05	1	708	16	20
05	1	708	13	40
05	1	709	10	5
05	1	709	12	5
05	1	709	21	10
05	1	709	6	10
05	1	709	4	10
05	1	709	13	40
05	1	710	8	15
05	1	710	18	15
05	1	710	1	10
05	1	710	2	40
05	1	711	10	20
05	1	711	8	20
05	1	711	14	5
05	1	711	13	35
05	1	713	3	20
05	1	713	6	20
05	1	713	9	40
05	1	714	18	20
05	1	714	4	20
05	1	714	11	40
05	1	716	10	20
05	1	716	15	20
05	1	716	11	40
05	1	717	16	20
05	1	717	20	20
05	1	717	14	40
05	1	718	5	20
05	1	718	15	20
05	1	718	2	40
05	1	719	5	10
05	1	719	3	5
05	1	719	12	10
05	1	719	19	5
05	1	719	18	10
05	1	719	7	40
05	1	720	10	10
05	1	720	15	10
05	1	720	8	10
05	1	720	2	30
05	1	722	10	15
05	1	722	15	15
05	1	722	12	5
05	1	722	1	5
05	1	722	7	40
05	1	723	10	20
05	1	723	19	20
05	1	723	2	40
05	1	724	5	20
05	1	724	16	20
05	1	724	13	40
05	1	727	10	20
05	1	727	6	20
05	1	727	14	40
05	1	728	19	10
05	1	728	18	15
05	1	728	1	10
05	1	728	7	35
05	1	729	18	20
05	1	729	1	20
05	1	729	13	40
05	1	730	6	15
05	1	730	18	15
05	1	730	1	10
05	1	730	14	40
05	1	731	20	20
05	1	731	8	20
05	1	731	2	10
05	1	731	14	10
05	1	731	13	15
05	1	731	9	5
05	1	732	5	20
05	1	732	3	20
05	1	732	11	40
05	1	733	16	15
05	1	733	18	15
05	1	733	1	10
05	1	733	11	40
05	1	735	10	15
05	1	735	15	10
05	1	735	19	15
05	1	735	11	40
05	1	736	5	10
05	1	736	20	15
05	1	736	8	15
05	1	736	2	30
05	1	736	9	10
05	1	737	16	10
05	1	737	6	15
05	1	737	13	10
05	1	737	11	15
05	1	739	16	20
05	1	739	1	20
05	1	739	2	25
05	1	739	7	15
05	1	740	10	20
05	1	740	15	15
05	1	740	1	5
05	1	740	2	40
05	1	741	15	25
05	1	741	18	10
05	1	741	4	5
05	1	741	13	40
05	1	742	15	10
05	1	742	16	10
05	1	742	8	10
05	1	742	21	10
05	1	742	2	20
05	1	742	7	20
05	1	743	12	15
05	1	743	21	10
05	1	743	1	15
05	1	743	14	30
05	1	743	13	10
05	1	744	20	15
05	1	744	19	10
05	1	744	18	10
05	1	744	2	5
05	1	744	11	30
05	1	745	8	10
05	1	745	4	10
05	1	745	9	20
05	1	747	10	17
05	1	747	8	15
05	1	747	19	8
05	1	747	14	40
05	1	748	10	10
05	1	748	3	5
05	1	748	8	10
05	1	748	21	5
05	1	748	1	10
05	1	748	2	40
05	1	749	16	10
05	1	749	17	15
05	1	749	6	15
05	1	749	9	40
05	1	750	10	5
05	1	750	5	5
05	1	750	15	5
05	1	750	12	5
05	1	750	20	5
05	1	750	19	5
05	1	750	1	10
05	1	750	7	25
05	1	750	9	15
05	1	751	10	5
05	1	751	5	5
05	1	751	16	5
05	1	751	20	5
05	1	751	8	5
05	1	751	21	15
05	1	751	11	40
05	1	752	15	10
05	1	752	12	15
05	1	752	16	15
05	1	752	13	40
05	1	753	16	20
05	1	753	18	20
05	1	753	11	40
05	1	754	5	10
05	1	754	6	10
05	1	754	2	10
05	1	754	13	10
05	1	755	10	15
05	1	755	4	15
05	1	755	2	40
05	1	757	12	10
05	1	757	16	15
05	1	757	8	10
05	1	757	1	5
05	1	757	9	40
05	1	758	10	10
05	1	758	20	5
05	1	758	21	20
05	1	758	6	5
05	1	758	7	40
05	1	759	16	20
05	1	759	8	20
05	1	759	14	40
05	1	760	8	10
05	1	760	21	15
05	1	760	6	15
05	1	760	9	40
05	1	762	8	10
05	1	762	21	10
05	1	762	19	10
05	1	762	4	10
05	1	762	2	40
05	1	763	10	15
05	1	763	19	10
05	1	763	1	15
05	1	763	14	25
05	1	763	11	15
05	1	765	16	5
05	1	765	20	10
05	1	765	8	5
05	1	765	18	10
05	1	765	1	10
05	1	765	2	10
05	1	765	11	30
05	1	766	10	7
05	1	766	12	6
05	1	766	18	6
05	1	766	4	6
05	1	766	7	25
05	1	767	10	20
05	1	767	20	20
05	1	767	2	40
05	1	768	8	20
05	1	768	4	20
05	1	768	13	40
05	1	771	10	15
05	1	771	21	25
05	1	771	14	40
05	1	772	8	5
05	1	772	6	15
05	1	772	1	20
05	1	772	14	5
05	1	772	11	35
05	1	774	15	10
05	1	774	16	10
05	1	774	8	10
05	1	774	1	10
05	1	774	14	40
05	1	775	5	20
05	1	775	8	20
05	1	775	2	5
05	1	775	14	5
05	1	775	13	10
05	1	775	7	15
05	1	775	9	5
05	1	776	16	10
05	1	776	20	5
05	1	776	17	5
05	1	776	14	20
05	1	777	5	15
05	1	777	16	10
05	1	777	1	15
05	1	777	2	40
05	1	778	5	10
05	1	778	12	10
05	1	778	21	10
05	1	778	6	10
05	1	778	13	40
05	1	779	8	5
05	1	779	19	15
05	1	779	6	15
05	1	779	4	5
05	1	779	14	15
05	1	779	7	25
05	1	780	10	20
05	1	780	5	20
05	1	780	14	40
05	1	781	5	20
05	1	781	4	20
05	1	781	11	35
05	1	782	10	20
05	1	782	12	20
05	1	782	13	40
05	1	783	5	20
05	1	783	6	20
05	1	783	7	40
05	1	784	15	5
05	1	784	20	15
05	1	784	17	10
05	1	784	4	10
05	1	784	11	40
05	1	785	3	15
05	1	785	4	15
05	1	785	14	10
05	1	785	9	20
05	1	787	15	10
05	1	787	19	5
05	1	787	18	10
05	1	787	1	15
05	1	787	2	30
05	1	787	14	10
05	1	788	10	20
05	1	788	20	20
05	1	788	7	40
05	1	789	21	20
05	1	789	1	20
05	1	789	14	40
05	1	791	3	20
05	1	791	17	5
05	1	791	21	15
05	1	791	7	25
05	1	791	9	15
05	1	793	15	20
05	1	793	18	20
05	1	793	11	40
05	1	794	8	20
05	1	794	18	20
05	1	794	11	40
05	1	795	10	10
05	1	795	15	15
05	1	795	3	15
05	1	795	14	40
05	1	796	5	20
05	1	796	1	20
05	1	796	14	40
05	1	797	10	20
05	1	797	1	20
05	1	797	2	20
05	1	797	14	3
05	1	797	13	1
05	1	797	7	10
05	1	797	9	5
05	1	797	11	1
05	1	798	10	15
05	1	798	19	15
05	1	798	1	10
05	1	798	2	40
05	1	799	5	15
05	1	799	16	10
05	1	799	19	15
05	1	799	14	40
05	1	801	10	20
05	1	801	8	20
05	1	801	9	20
05	1	801	11	20
05	1	802	20	30
05	1	802	7	30
05	1	804	8	20
05	1	804	1	5
05	1	804	4	15
05	1	804	2	40
05	1	805	5	5
05	1	805	16	5
05	1	805	21	15
05	1	805	19	10
05	1	805	18	5
05	1	805	13	40
05	1	806	10	15
05	1	806	15	15
05	1	806	8	5
05	1	806	18	5
05	1	806	2	10
05	1	807	20	20
05	1	807	19	20
05	1	807	13	40
05	1	808	10	5
05	1	808	20	5
05	1	808	17	15
05	1	808	4	15
05	1	808	9	25
05	1	808	11	15
05	1	809	12	15
05	1	809	8	5
05	1	809	18	20
05	1	809	11	19
05	1	810	10	5
05	1	810	15	10
05	1	810	8	20
05	1	810	6	5
05	1	810	9	40
05	1	811	15	20
05	1	811	12	10
05	1	811	13	30
05	1	812	10	10
05	1	812	15	20
05	1	812	1	10
05	1	812	2	40
05	1	813	10	5
05	1	813	5	10
05	1	813	15	5
05	1	813	17	5
05	1	813	6	10
05	1	813	1	5
05	1	813	13	40
05	1	814	15	20
05	1	814	18	20
05	1	814	14	35
05	1	816	20	15
05	1	816	19	20
05	1	816	6	5
05	1	816	7	40
05	1	817	10	15
05	1	817	15	10
05	1	817	2	15
05	1	817	7	10
05	1	818	10	10
05	1	818	19	20
05	1	818	2	5
05	1	818	14	5
05	1	818	7	15
05	1	818	11	5
05	1	819	10	10
05	1	819	15	15
05	1	819	12	15
05	1	819	7	40
05	1	820	10	10
05	1	820	5	5
05	1	820	21	5
05	1	820	2	10
05	1	820	14	5
05	1	820	7	5
05	1	821	3	15
05	1	821	12	15
05	1	821	21	10
05	1	821	7	35
05	1	821	9	5
05	1	823	17	30
05	1	823	11	30
05	1	824	15	20
05	1	824	16	20
05	1	824	14	30
05	1	824	11	10
05	1	827	15	10
05	1	827	16	10
05	1	827	11	20
05	1	829	10	5
05	1	829	16	20
05	1	829	19	15
05	1	829	2	20
05	1	829	7	20
05	1	830	16	20
05	1	830	19	20
05	1	830	14	15
05	1	830	9	25
05	1	831	15	10
05	1	831	8	10
05	1	831	18	5
05	1	831	1	10
05	1	831	4	5
05	1	831	7	20
05	1	831	11	20
05	1	832	10	15
05	1	832	5	15
05	1	832	20	10
05	1	832	13	40
05	1	833	10	15
05	1	833	17	10
05	1	833	6	15
05	1	833	13	35
05	1	834	5	20
05	1	834	15	20
05	1	834	9	40
05	1	836	8	10
05	1	836	1	10
05	1	836	9	20
05	1	837	15	25
05	1	837	8	15
05	1	837	7	30
05	1	837	9	10
05	1	838	5	20
05	1	838	20	20
05	1	838	2	30
05	1	838	13	10
05	1	839	3	20
05	1	839	19	20
05	1	839	2	25
05	1	839	14	15
05	1	840	3	20
05	1	840	12	20
05	1	840	13	30
05	1	840	9	10
05	1	841	15	20
05	1	841	18	20
05	1	841	7	30
05	1	841	11	10
05	1	843	16	20
05	1	843	19	20
05	1	843	11	40
05	1	844	8	15
05	1	844	6	15
05	1	844	2	15
05	1	844	14	10
05	1	844	11	5
05	1	846	10	5
05	1	846	5	5
05	1	846	15	25
05	1	846	13	20
05	1	846	7	15
05	1	847	21	20
05	1	847	19	20
05	1	847	14	40
05	1	848	10	20
05	1	848	20	20
05	1	848	2	40
05	1	849	21	10
05	1	849	1	10
05	1	849	11	20
05	1	851	5	10
05	1	851	15	5
05	1	851	3	10
05	1	851	19	5
05	1	851	6	10
05	1	851	9	15
05	1	851	11	25
05	1	852	20	20
05	1	852	21	20
05	1	852	2	10
05	1	852	13	30
05	1	853	10	15
05	1	853	1	25
05	1	853	2	40
05	1	854	16	5
05	1	854	8	20
05	1	854	19	15
05	1	854	14	40
05	1	855	10	20
05	1	855	5	20
05	1	855	2	40
05	1	856	15	20
05	1	856	4	20
05	1	856	13	30
05	1	856	11	10
05	1	857	15	5
05	1	857	16	5
05	1	857	20	10
05	1	857	19	10
05	1	857	1	10
05	1	857	11	40
05	1	858	10	20
05	1	858	12	20
05	1	858	13	40
05	1	859	10	20
05	1	859	19	20
05	1	859	14	35
05	1	861	10	5
05	1	861	3	10
05	1	861	17	10
05	1	861	8	10
05	1	861	18	5
05	1	861	7	25
05	1	861	9	15
05	1	862	21	10
05	1	862	18	15
05	1	862	4	15
05	1	862	14	5
05	1	862	9	35
05	1	864	12	15
05	1	864	20	15
05	1	864	18	10
05	1	864	13	40
05	1	865	15	20
05	1	865	8	20
05	1	865	13	30
05	1	865	11	10
05	1	868	8	20
05	1	868	4	20
05	1	868	13	40
05	1	869	8	20
05	1	869	19	20
05	1	869	7	20
05	1	869	9	20
05	1	870	10	20
05	1	870	5	5
05	1	870	8	15
05	1	870	2	40
05	1	871	15	20
05	1	871	8	15
05	1	871	1	5
05	1	871	2	25
05	1	871	14	15
05	1	872	10	15
05	1	872	1	15
05	1	872	11	30
05	1	873	5	15
05	1	873	15	10
05	1	873	20	10
05	1	873	2	20
05	1	873	9	15
05	1	874	20	10
05	1	874	8	10
05	1	874	13	10
05	1	874	9	15
05	1	875	8	25
05	1	875	1	15
05	1	875	7	20
05	1	875	9	20
05	1	876	20	15
05	1	876	17	10
05	1	876	1	15
05	1	876	2	30
05	1	876	9	10
05	1	877	10	25
05	1	877	12	5
05	1	877	21	10
05	1	877	2	5
05	1	877	11	35
05	1	879	10	20
05	1	879	5	20
05	1	879	11	40
05	1	880	15	20
05	1	880	12	20
05	1	880	11	40
05	1	881	5	10
05	1	881	12	5
05	1	881	19	10
05	1	881	18	15
05	1	881	13	20
05	1	881	7	20
05	1	883	8	20
05	1	883	1	10
05	1	883	4	10
05	1	883	9	40
05	1	884	5	20
05	1	884	21	20
05	1	884	11	40
05	1	885	10	5
05	1	885	15	5
05	1	885	12	25
05	1	885	20	5
05	1	885	2	5
05	1	885	14	10
05	1	885	11	25
05	1	886	20	15
05	1	886	6	5
05	1	886	1	20
05	1	886	9	40
05	1	887	5	20
05	1	887	1	15
05	1	887	7	40
05	1	888	8	20
05	1	888	4	20
05	1	888	11	40
05	1	889	5	10
05	1	889	3	5
05	1	889	20	15
05	1	889	21	5
05	1	889	1	5
05	1	889	2	40
05	1	890	16	15
05	1	890	21	5
05	1	890	6	15
05	1	890	1	5
05	1	890	13	40
05	1	891	19	20
05	1	891	18	20
05	1	891	14	40
05	1	892	10	15
05	1	892	17	10
05	1	892	19	15
05	1	892	9	40
05	1	893	15	15
05	1	893	12	5
05	1	893	8	5
05	1	893	19	15
05	1	893	7	40
05	1	894	16	20
05	1	894	20	20
05	1	894	14	40
05	1	895	21	20
05	1	895	1	20
05	1	895	9	10
05	1	895	11	30
05	1	896	10	10
05	1	896	3	10
05	1	896	6	10
05	1	896	1	5
05	1	896	4	5
05	1	896	7	40
05	1	897	20	20
05	1	897	6	20
05	1	897	11	40
05	1	898	10	30
05	1	898	2	40
05	1	899	10	20
05	1	899	15	20
05	1	899	2	35
05	1	900	12	20
05	1	900	6	10
05	1	900	18	10
05	1	900	13	40
05	1	901	15	20
05	1	901	12	20
05	1	901	13	40
05	1	903	5	20
05	1	903	6	20
05	1	903	14	40
05	1	904	12	20
05	1	904	19	20
05	1	904	13	40
05	1	905	5	10
05	1	905	20	20
05	1	905	4	10
05	1	905	14	40
05	1	906	10	20
05	1	906	15	10
05	1	906	8	10
05	1	906	14	40
05	1	908	3	20
05	1	908	8	20
05	1	908	9	40
05	1	909	10	10
05	1	909	20	20
05	1	909	17	10
05	1	909	7	40
05	1	910	16	20
05	1	910	18	20
05	1	910	11	40
05	1	911	3	20
05	1	911	12	20
05	1	911	13	40
05	1	912	10	10
05	1	912	15	10
05	1	912	8	10
05	1	912	19	10
05	1	912	11	40
05	1	913	3	20
05	1	913	12	20
05	1	913	13	20
05	1	913	11	20
05	1	914	18	20
05	1	914	4	20
05	1	914	11	40
05	1	915	15	20
05	1	915	21	20
05	1	915	13	40
05	1	916	18	20
05	1	916	4	20
05	1	916	2	20
05	1	916	11	20
05	1	917	10	10
05	1	917	20	15
05	1	917	6	15
05	1	917	2	15
05	1	917	14	10
05	1	917	9	5
05	1	917	11	10
05	1	919	3	20
05	1	919	8	20
05	1	919	14	15
05	1	919	9	20
05	1	920	16	20
05	1	920	20	20
05	1	920	14	30
05	1	920	11	10
05	1	923	15	20
05	1	923	18	20
05	1	923	11	40
05	1	924	10	5
05	1	924	20	15
05	1	924	17	15
05	1	924	6	5
05	1	924	9	40
05	1	925	16	5
05	1	925	1	20
05	1	925	14	25
05	1	926	10	25
05	1	926	17	15
05	1	926	2	40
05	1	927	8	20
05	1	927	4	20
05	1	927	14	40
05	1	928	3	20
05	1	928	16	20
05	1	928	14	30
05	1	928	11	10
05	1	929	10	15
05	1	929	15	10
05	1	929	20	15
05	1	929	14	20
05	1	929	13	20
05	1	931	17	10
05	1	931	21	15
05	1	931	6	15
05	1	931	9	40
05	1	932	21	25
05	1	932	6	15
05	1	932	14	40
05	1	933	15	25
05	1	933	8	5
05	1	933	19	5
05	1	933	4	5
05	1	933	7	40
05	1	935	10	10
05	1	935	5	10
05	1	935	15	10
05	1	935	17	5
05	1	935	19	5
05	1	935	7	40
05	1	936	3	10
05	1	936	16	5
05	1	936	8	10
05	1	936	21	5
05	1	936	1	10
05	1	936	2	40
05	1	938	8	15
05	1	938	21	10
05	1	938	19	15
05	1	938	11	40
05	1	939	3	20
05	1	939	19	20
05	1	939	2	5
05	1	939	14	5
05	1	939	7	10
05	1	939	9	20
05	1	940	12	20
05	1	940	13	20
05	1	941	10	5
05	1	941	16	20
05	1	941	14	25
05	1	942	16	20
05	1	942	4	20
05	1	942	13	40
05	1	943	10	20
05	1	943	19	20
05	1	943	7	40
05	1	945	10	15
05	1	945	5	10
05	1	945	3	15
05	1	945	9	40
05	1	946	15	20
05	1	946	21	15
05	1	946	11	35
05	1	947	15	20
05	1	947	12	5
05	1	947	19	15
05	1	947	2	20
05	1	947	14	2
05	1	947	7	15
05	1	947	9	3
05	1	948	17	20
05	1	948	18	20
05	1	948	11	40
05	1	949	15	20
05	1	949	4	20
05	1	949	13	40
05	1	950	15	10
05	1	950	16	25
05	1	950	8	5
05	1	950	7	40
05	1	951	5	20
05	1	951	4	20
05	1	951	14	40
05	1	952	5	5
05	1	952	12	5
05	1	952	1	10
05	1	952	2	5
05	1	952	14	5
05	1	952	13	5
05	1	952	11	5
05	1	954	10	15
05	1	954	16	15
05	1	954	4	10
05	1	954	7	40
05	1	955	21	20
05	1	955	18	20
05	1	955	11	40
05	1	957	8	15
05	1	957	21	20
05	1	957	19	5
05	1	957	14	5
05	1	957	13	15
05	1	957	9	15
05	1	957	11	5
05	1	958	12	20
05	1	958	16	20
05	1	958	14	40
05	1	960	3	10
05	1	960	8	15
05	1	960	1	15
05	1	960	2	40
05	1	961	16	20
05	1	961	4	20
05	1	961	2	40
05	1	963	10	5
05	1	963	15	5
05	1	963	1	15
05	1	963	4	15
05	1	963	2	10
05	1	963	11	30
05	1	964	10	20
05	1	964	15	20
05	1	964	14	40
05	1	965	10	15
05	1	965	15	15
05	1	965	17	10
05	1	965	2	25
05	1	965	7	10
05	1	966	15	10
05	1	966	18	9
05	1	966	1	8
05	1	966	4	8
05	1	966	2	5
05	1	966	14	5
05	1	966	13	5
05	1	966	7	3
05	1	966	9	2
05	1	966	11	15
05	1	967	3	15
05	1	967	6	15
05	1	967	4	10
05	1	967	13	40
05	1	968	15	10
05	1	968	12	10
05	1	968	18	10
05	1	968	4	10
05	1	968	13	40
05	1	969	15	20
05	1	969	20	20
05	1	969	13	40
05	1	970	16	15
05	1	970	21	15
05	1	970	6	10
05	1	970	14	40
05	1	971	10	20
05	1	971	19	20
05	1	971	13	5
05	1	971	7	25
05	1	971	9	10
05	1	972	16	15
05	1	972	6	5
05	1	972	18	15
05	1	972	14	20
05	1	972	11	15
05	1	973	15	15
05	1	973	17	15
05	1	973	8	10
05	1	973	2	10
05	1	973	7	10
05	1	973	11	20
05	1	974	15	5
05	1	974	16	15
05	1	974	8	10
05	1	974	1	10
05	1	974	14	40
05	1	975	10	20
05	1	975	12	20
05	1	975	13	40
05	1	976	16	20
05	1	976	4	20
05	1	976	11	40
05	1	977	15	10
05	1	977	12	10
05	1	977	21	5
05	1	977	6	10
05	1	977	1	5
05	1	977	2	40
05	1	978	15	15
05	1	978	12	5
05	1	978	16	5
05	1	978	1	15
05	1	978	9	10
05	1	978	11	30
05	1	980	5	30
05	1	980	3	5
05	1	980	17	5
05	1	980	2	40
05	1	981	15	15
05	1	981	8	10
05	1	981	21	15
05	1	981	14	25
05	1	981	7	10
05	1	981	9	5
05	1	982	10	20
05	1	982	17	20
05	1	982	2	40
05	1	983	3	20
05	1	983	6	20
05	1	983	13	40
05	1	984	10	20
05	1	984	17	20
05	1	984	2	40
05	1	985	5	20
05	1	985	20	20
05	1	985	9	40
05	1	986	5	5
05	1	986	20	15
05	1	986	13	5
05	1	986	7	5
05	1	986	9	5
05	1	986	11	5
05	1	987	5	5
05	1	987	12	15
05	1	987	16	5
05	1	987	17	5
05	1	987	6	10
05	1	987	13	40
05	1	988	5	20
05	1	988	21	20
05	1	988	7	10
05	1	988	11	30
05	1	989	16	20
05	1	989	1	5
05	1	989	4	15
05	1	989	14	40
05	1	990	3	5
05	1	990	17	5
05	1	990	21	5
05	1	990	19	15
05	1	990	1	5
05	1	990	4	5
05	1	990	13	40
05	1	992	5	30
05	1	992	17	10
05	1	992	7	40
05	1	995	10	15
05	1	995	8	15
05	1	995	19	10
05	1	995	13	30
05	1	995	11	10
05	1	996	12	10
05	1	996	20	10
05	1	996	17	10
05	1	996	11	20
05	1	997	10	20
05	1	997	12	20
05	1	997	2	20
05	1	997	14	10
05	1	997	13	10
05	1	998	10	20
05	1	998	15	20
05	1	998	2	40
05	1	999	5	20
05	1	999	20	20
05	1	999	9	5
05	1	999	11	35
05	1	1000	10	20
05	1	1000	19	20
05	1	1000	9	40
05	1	1001	1	40
05	1	1001	2	40
05	1	1003	12	20
05	1	1003	13	30
05	1	1004	10	10
05	1	1004	4	10
05	1	1004	7	10
05	1	1004	9	10
05	1	1007	3	20
05	1	1007	4	20
05	1	1007	2	40
05	1	1008	5	15
05	1	1008	16	15
05	1	1008	6	10
05	1	1008	11	40
05	1	1009	10	10
05	1	1009	12	15
05	1	1009	8	5
05	1	1009	19	10
05	1	1009	14	40
05	1	1010	10	10
05	1	1010	19	10
05	1	1011	21	20
05	1	1011	4	20
05	1	1011	9	40
05	1	1012	10	5
05	1	1012	15	20
05	1	1012	8	10
05	1	1012	1	5
05	1	1012	13	40
05	1	1013	3	15
05	1	1013	17	5
05	1	1013	6	20
05	1	1013	9	40
05	1	1016	10	20
05	1	1016	17	20
05	1	1016	14	40
05	1	1017	20	15
05	1	1017	21	5
05	1	1017	4	15
05	1	1017	2	35
05	1	1018	21	20
05	1	1018	18	20
05	1	1018	11	40
05	1	1019	5	10
05	1	1019	15	10
05	1	1019	8	10
05	1	1019	1	10
05	1	1019	13	40
05	1	1021	15	20
05	1	1021	12	20
05	1	1021	13	40
05	1	1022	15	20
05	1	1022	12	5
05	1	1022	1	15
05	1	1022	7	40
05	1	1023	10	20
05	1	1023	6	20
05	1	1023	13	25
05	1	1023	7	15
05	1	1025	19	5
05	1	1025	1	10
05	1	1025	4	5
05	1	1025	2	5
05	1	1025	14	10
05	1	1025	13	5
05	1	1026	16	20
05	1	1026	18	20
05	1	1026	14	40
05	1	1027	10	5
05	1	1027	3	5
05	1	1027	16	15
05	1	1027	19	10
05	1	1027	18	5
05	1	1027	2	20
05	1	1027	11	20
05	1	1028	15	5
05	1	1028	20	20
05	1	1028	1	15
05	1	1028	7	25
05	1	1028	9	15
05	1	1029	10	4
05	1	1029	15	4
05	1	1029	12	4
05	1	1029	19	4
05	1	1029	6	4
05	1	1029	13	10
05	1	1029	7	5
05	1	1029	9	3
05	1	1029	11	2
05	1	1030	15	10
05	1	1030	3	10
05	1	1030	12	10
05	1	1030	8	10
05	1	1030	13	40
05	1	1031	8	40
05	1	1031	7	35
05	1	1031	9	5
05	1	1032	21	10
05	1	1032	19	10
05	1	1032	6	10
05	1	1032	4	10
05	1	1032	2	30
05	1	1032	7	10
05	1	1033	15	20
05	1	1033	16	5
05	1	1033	21	15
05	1	1033	14	40
05	1	1034	10	10
05	1	1034	15	10
05	1	1034	20	5
05	1	1034	8	10
05	1	1034	4	5
05	1	1034	2	40
05	1	1035	15	20
05	1	1035	12	20
05	1	1035	13	20
05	1	1035	11	20
05	1	1036	19	30
05	1	1036	6	10
05	1	1036	7	40
05	1	1037	15	20
05	1	1037	21	20
05	1	1037	13	40
05	1	1039	3	15
05	1	1039	19	5
05	1	1039	6	20
05	1	1039	2	40
05	1	1040	10	15
05	1	1040	15	10
05	1	1040	16	5
05	1	1040	8	10
05	1	1040	11	40
05	1	1041	10	20
05	1	1041	15	20
05	1	1041	2	30
05	1	1041	11	10
05	1	1043	15	15
05	1	1043	12	10
05	1	1043	16	5
05	1	1043	8	5
05	1	1043	1	5
05	1	1043	13	40
05	1	1044	15	15
05	1	1044	12	15
05	1	1044	8	10
05	1	1044	13	40
05	1	1045	10	20
05	1	1045	17	20
05	1	1045	13	40
05	1	1046	10	5
05	1	1046	20	15
05	1	1046	19	10
05	1	1046	18	10
05	1	1046	2	40
05	1	1047	10	20
05	1	1047	12	20
05	1	1047	13	40
05	1	1048	10	15
05	1	1048	12	10
05	1	1048	4	15
05	1	1048	2	15
05	1	1048	14	10
05	1	1048	13	5
05	1	1048	11	10
05	1	1049	10	20
05	1	1049	5	20
05	1	1049	7	30
05	1	1049	9	10
05	1	1050	5	20
05	1	1050	16	20
05	1	1050	14	30
05	1	1050	11	10
05	1	1051	10	20
05	1	1051	20	20
05	1	1051	13	25
05	1	1051	11	15
05	1	1052	15	20
05	1	1052	1	20
05	1	1052	2	40
05	1	1053	8	20
05	1	1053	18	20
05	1	1053	7	35
05	1	1054	16	20
05	1	1054	4	20
05	1	1054	7	20
05	1	1054	9	20
05	1	1055	8	20
05	1	1055	4	20
05	1	1055	2	20
05	1	1055	11	20
05	1	1056	10	15
05	1	1056	4	20
05	1	1056	14	5
05	1	1056	11	30
05	1	1057	10	20
05	1	1057	15	20
05	1	1057	13	40
05	1	1058	12	20
05	1	1058	18	20
05	1	1058	13	40
05	1	1059	10	20
05	1	1059	8	20
05	1	1059	14	40
05	1	1060	10	10
05	1	1060	8	25
05	1	1060	9	35
05	1	1061	3	20
05	1	1061	17	20
05	1	1061	11	40
05	1	1062	16	10
05	1	1062	20	10
05	1	1062	19	5
05	1	1062	1	10
05	1	1062	2	10
05	1	1062	13	10
05	1	1062	7	5
05	1	1062	9	10
05	1	1064	15	2
05	1	1064	12	2
05	1	1064	16	10
05	1	1064	21	5
05	1	1064	19	3
05	1	1064	18	3
05	1	1064	1	3
05	1	1064	4	2
05	1	1064	14	5
05	1	1064	13	5
05	1	1064	9	5
05	1	1064	11	15
05	1	1065	10	5
05	1	1065	3	5
05	1	1065	8	15
05	1	1065	19	15
05	1	1065	14	40
05	1	1067	10	20
05	1	1067	19	20
05	1	1067	2	40
05	1	1071	5	20
05	1	1071	8	20
05	1	1071	7	20
05	1	1071	9	20
05	1	1072	10	15
05	1	1072	16	20
05	1	1072	19	5
05	1	1072	13	40
05	1	1073	15	5
05	1	1073	3	3
05	1	1073	16	5
05	1	1073	17	2
05	1	1073	8	5
05	1	1073	19	10
05	1	1073	6	5
05	1	1073	4	5
05	1	1073	2	7
05	1	1073	14	5
05	1	1073	13	5
05	1	1073	7	7
05	1	1073	9	6
05	1	1073	11	10
05	1	1074	15	10
05	1	1074	3	5
05	1	1074	12	5
05	1	1074	16	10
05	1	1074	19	5
05	1	1074	18	5
05	1	1074	2	15
05	1	1074	14	5
05	1	1074	13	5
05	1	1074	11	15
05	1	1075	5	20
05	1	1075	6	20
05	1	1075	14	40
05	1	1077	12	15
05	1	1077	18	20
05	1	1077	4	5
05	1	1077	11	40
05	1	1078	5	5
05	1	1078	16	5
05	1	1078	8	5
05	1	1078	1	5
05	1	1078	11	20
05	1	1080	5	10
05	1	1080	16	5
05	1	1080	8	5
05	1	1080	6	10
05	1	1080	1	10
05	1	1080	13	40
05	1	1081	10	10
05	1	1081	3	15
05	1	1081	21	5
05	1	1081	6	10
05	1	1081	2	20
05	1	1081	11	20
05	1	1082	10	10
05	1	1082	16	10
05	1	1082	14	5
05	1	1082	13	5
05	1	1082	11	10
05	1	1083	10	20
05	1	1083	6	5
05	1	1083	18	5
05	1	1083	2	15
05	1	1083	14	10
05	1	1083	11	5
05	1	1084	16	20
05	1	1084	19	20
05	1	1084	13	40
05	1	1087	10	15
05	1	1087	16	10
05	1	1087	11	25
05	1	1088	5	15
05	1	1088	16	15
05	1	1088	1	10
05	1	1088	13	35
05	1	1089	10	15
05	1	1089	15	5
05	1	1089	8	10
05	1	1089	21	10
05	1	1089	14	5
05	1	1089	13	5
05	1	1089	7	15
05	1	1089	11	15
05	1	1091	17	5
05	1	1091	8	5
05	1	1091	19	5
05	1	1091	18	5
05	1	1091	2	5
05	1	1091	14	2
05	1	1091	13	2
05	1	1091	7	5
05	1	1091	9	5
05	1	1091	11	1
05	1	1093	10	15
05	1	1093	5	10
05	1	1093	11	20
05	1	1094	15	15
05	1	1094	12	15
05	1	1094	18	5
05	1	1094	1	5
05	1	1094	9	15
05	1	1094	11	25
05	1	1095	5	20
05	1	1095	17	20
05	1	1095	13	40
05	1	1097	10	10
05	1	1097	15	10
05	1	1097	8	10
05	1	1097	4	10
05	1	1097	13	40
05	1	1099	15	20
05	1	1099	4	20
05	1	1099	9	15
05	1	1099	11	25
05	1	1100	10	15
05	1	1100	5	10
05	1	1100	17	15
05	1	1100	7	40
05	1	1101	5	15
05	1	1101	16	10
05	1	1101	6	5
05	1	1101	4	10
05	1	1101	2	40
05	1	1102	15	30
05	1	1102	6	10
05	1	1102	13	25
05	1	1102	11	15
05	1	1103	10	15
05	1	1103	17	15
05	1	1103	6	10
05	1	1103	13	40
05	1	1104	3	20
05	1	1104	6	20
05	1	1104	14	40
05	1	1105	5	15
05	1	1105	20	15
05	1	1105	8	5
05	1	1105	18	5
05	1	1105	13	40
05	1	1107	19	40
05	1	1107	13	40
05	1	1109	17	10
05	1	1109	8	10
05	1	1110	10	10
05	1	1110	16	10
05	1	1110	21	10
05	1	1110	18	10
05	1	1110	13	20
05	1	1110	11	20
05	1	1111	10	20
05	1	1111	17	20
05	1	1111	7	25
05	1	1111	9	15
05	1	1112	20	15
05	1	1112	19	10
05	1	1112	1	15
05	1	1112	2	40
05	1	1113	10	25
05	1	1113	6	15
05	1	1113	2	40
05	1	1115	5	20
05	1	1115	6	20
05	1	1115	13	40
05	1	1120	10	10
05	1	1120	3	10
05	1	1120	2	10
05	1	1120	9	5
05	1	1121	16	15
05	1	1121	18	5
05	1	1121	1	10
05	1	1121	4	10
05	1	1121	13	40
05	1	1122	5	5
05	1	1122	20	15
05	1	1122	8	10
05	1	1122	9	10
05	1	1122	11	20
05	1	1123	3	5
05	1	1123	12	5
05	1	1123	19	15
05	1	1123	1	10
05	1	1123	4	5
05	1	1123	13	40
05	1	1124	5	15
05	1	1124	3	15
05	1	1124	12	5
05	1	1124	6	5
05	1	1124	2	40
05	1	1127	5	20
05	1	1127	16	20
05	1	1127	14	40
05	1	1128	10	10
05	1	1128	12	5
05	1	1128	19	10
05	1	1128	14	25
05	1	1129	10	15
05	1	1129	15	10
05	1	1129	8	10
05	1	1129	6	5
05	1	1129	2	40
05	1	1130	10	15
05	1	1130	5	20
05	1	1130	17	5
05	1	1130	2	10
05	1	1130	9	10
05	1	1132	20	20
05	1	1132	19	20
05	1	1132	14	40
05	1	1134	16	5
05	1	1134	18	15
05	1	1134	1	5
05	1	1134	4	15
05	1	1134	7	10
05	1	1134	11	30
05	1	1135	10	15
05	1	1135	21	10
05	1	1135	4	15
05	1	1135	2	10
05	1	1135	14	25
05	1	1135	11	5
05	1	1137	16	20
05	1	1137	6	20
05	1	1137	13	40
05	1	1138	10	10
05	1	1138	5	10
05	1	1138	3	10
05	1	1138	21	5
05	1	1138	7	10
05	1	1138	9	5
05	1	1138	11	20
05	1	1139	10	20
05	1	1139	6	20
05	1	1139	14	40
05	1	1140	12	5
05	1	1140	1	15
05	1	1140	9	20
05	1	1141	5	10
05	1	1141	8	15
05	1	1141	6	15
05	1	1141	2	10
05	1	1141	14	10
05	1	1141	7	20
05	1	1142	10	20
05	1	1142	19	20
05	1	1142	2	25
05	1	1142	7	15
05	1	1143	18	40
05	1	1143	14	40
05	1	1144	21	20
05	1	1144	18	20
05	1	1144	14	40
05	1	1145	5	20
05	1	1145	20	20
05	1	1145	9	40
05	1	1147	10	20
05	1	1147	17	20
05	1	1147	14	40
05	1	1148	10	20
05	1	1148	17	20
05	1	1148	14	40
05	1	1150	5	20
05	1	1150	6	20
05	1	1150	2	5
05	1	1150	13	35
05	1	1152	5	15
05	1	1152	20	10
05	1	1152	6	10
05	1	1152	4	5
05	1	1152	7	40
05	1	1153	5	20
05	1	1153	20	20
05	1	1153	2	5
05	1	1153	7	20
05	1	1153	11	15
05	1	1154	10	20
05	1	1154	19	20
05	1	1154	2	40
05	1	1155	10	20
05	1	1155	15	20
05	1	1155	11	40
05	1	1157	3	20
05	1	1157	8	20
05	1	1157	13	40
05	1	1158	3	40
05	1	1158	11	40
05	1	1159	12	25
05	1	1159	19	5
05	1	1159	6	10
05	1	1159	13	40
05	1	1160	5	20
05	1	1160	15	10
05	1	1160	12	10
05	1	1160	7	30
05	1	1160	11	10
05	1	1161	10	15
05	1	1161	12	10
05	1	1161	4	15
05	1	1161	2	20
05	1	1161	14	5
05	1	1161	7	5
05	1	1161	11	10
05	1	1162	12	15
05	1	1162	17	15
05	1	1162	8	10
05	1	1162	13	25
05	1	1162	11	15
05	1	1163	20	20
05	1	1163	6	20
05	1	1163	2	40
05	1	1164	15	10
05	1	1164	8	15
05	1	1164	19	15
05	1	1164	2	40
05	1	1167	10	15
05	1	1167	3	10
05	1	1167	19	15
05	1	1167	2	30
05	1	1167	9	10
05	1	1169	3	20
05	1	1169	12	20
05	1	1169	14	40
05	1	1170	3	5
05	1	1170	17	10
05	1	1170	4	10
05	1	1170	7	30
05	1	1171	8	20
05	1	1171	19	20
05	1	1171	9	40
05	1	1172	10	20
05	1	1172	12	20
05	1	1172	13	40
05	1	1173	15	15
05	1	1173	12	10
05	1	1173	6	15
05	1	1173	11	40
05	1	1176	18	10
05	1	1176	4	10
05	1	1176	11	20
05	1	1177	8	15
05	1	1177	1	10
05	1	1177	13	10
05	1	1177	9	15
05	1	1178	8	5
05	1	1178	6	25
05	1	1178	13	5
05	1	1178	7	5
05	1	1178	11	20
05	1	1179	16	10
05	1	1179	1	15
05	1	1179	2	10
05	1	1179	14	10
05	1	1179	9	5
05	1	1180	16	15
05	1	1180	17	15
05	1	1180	19	10
05	1	1180	7	40
05	1	1181	21	30
05	1	1181	6	10
05	1	1181	14	40
05	1	1182	10	20
05	1	1182	16	20
05	1	1182	14	40
05	1	1184	15	15
05	1	1184	20	20
05	1	1184	2	35
05	1	1185	10	5
05	1	1185	19	15
05	1	1185	1	10
05	1	1185	4	5
05	1	1185	2	10
05	1	1185	14	8
05	1	1185	7	3
05	1	1185	11	14
05	1	1186	10	15
05	1	1186	5	10
05	1	1186	14	25
05	1	1187	5	20
05	1	1187	6	10
05	1	1187	4	10
05	1	1188	10	15
05	1	1188	3	20
05	1	1188	2	5
05	1	1188	7	5
05	1	1188	9	25
05	1	1189	15	20
05	1	1189	18	15
05	1	1189	1	5
05	1	1189	11	40
05	1	1190	10	5
05	1	1190	8	5
05	1	1190	1	10
05	1	1191	12	15
05	1	1191	18	15
05	1	1191	1	10
05	1	1191	2	40
05	1	1192	15	12
05	1	1192	8	14
05	1	1192	21	14
05	1	1192	9	40
05	1	1194	16	5
05	1	1194	18	10
05	1	1194	4	5
05	1	1194	2	10
05	1	1194	13	10
05	1	1195	17	5
05	1	1195	8	10
05	1	1195	21	5
05	1	1195	1	5
05	1	1195	2	10
05	1	1195	14	5
05	1	1195	7	5
05	1	1195	9	5
05	1	1196	10	10
05	1	1196	20	10
05	1	1196	17	5
05	1	1197	18	20
05	1	1197	4	20
05	1	1197	11	40
05	1	1198	8	20
05	1	1198	21	20
05	1	1198	14	40
05	1	1199	20	20
05	1	1199	1	20
05	1	1199	2	40
05	1	1201	5	15
05	1	1201	20	20
05	1	1201	2	35
05	1	1202	10	20
05	1	1202	5	15
05	1	1202	19	5
05	1	1202	7	40
05	1	1203	10	15
05	1	1203	17	10
05	1	1203	19	15
05	1	1203	7	40
05	1	1204	10	10
05	1	1204	6	10
05	1	1204	11	20
05	1	1205	10	10
05	1	1205	15	10
05	1	1205	19	10
05	1	1205	18	10
05	1	1205	7	35
05	1	1205	11	5
05	1	1207	10	10
05	1	1207	12	15
05	1	1207	4	15
05	1	1207	13	40
05	1	1208	20	20
05	1	1208	17	10
05	1	1208	21	10
05	1	1208	2	15
05	1	1208	13	5
05	1	1208	7	20
05	1	1209	12	20
05	1	1209	16	20
05	1	1209	13	40
05	1	1210	10	5
05	1	1210	15	15
05	1	1210	3	15
05	1	1210	17	5
05	1	1210	14	40
05	1	1211	10	20
05	1	1211	19	20
05	1	1211	2	40
05	1	1212	18	15
05	1	1212	1	5
05	1	1214	10	15
05	1	1214	12	20
05	1	1214	13	35
05	1	1215	10	5
05	1	1215	15	10
05	1	1215	16	5
05	1	1215	8	5
05	1	1215	18	10
05	1	1215	4	5
05	1	1215	11	40
05	1	1216	21	10
05	1	1216	4	10
05	1	1217	12	10
05	1	1217	16	10
05	1	1217	2	5
05	1	1217	14	5
05	1	1217	13	5
05	1	1217	7	5
05	1	1218	5	10
05	1	1218	8	15
05	1	1218	21	10
05	1	1218	7	35
05	1	1219	15	10
05	1	1219	12	10
05	1	1219	8	15
05	1	1219	6	5
05	1	1219	13	40
05	1	1220	8	15
05	1	1220	19	15
05	1	1220	9	30
05	1	1222	10	5
05	1	1222	15	10
05	1	1222	12	10
05	1	1222	8	10
05	1	1222	4	5
05	1	1222	13	40
05	1	1223	15	10
05	1	1223	12	10
05	1	1223	20	5
05	1	1223	8	10
05	1	1223	18	5
05	1	1223	11	40
05	1	1224	10	20
05	1	1224	12	15
05	1	1224	9	35
05	1	1225	10	5
05	1	1225	16	10
05	1	1225	8	5
05	1	1225	19	10
05	1	1225	11	25
05	1	1226	10	20
05	1	1226	8	20
05	1	1226	11	40
05	1	1228	10	10
05	1	1228	16	20
05	1	1228	11	40
05	1	1229	8	20
05	1	1229	21	20
05	1	1229	14	25
05	1	1229	13	15
05	1	1230	18	20
05	1	1230	1	20
05	1	1230	2	40
05	1	1231	12	15
05	1	1231	18	10
05	1	1231	1	15
05	1	1231	13	40
05	1	1232	10	10
05	1	1232	17	10
05	1	1232	8	10
05	1	1232	4	10
05	1	1232	2	40
05	1	1233	5	5
05	1	1233	15	10
05	1	1233	3	10
05	1	1233	16	15
05	1	1233	13	10
05	1	1233	7	10
05	1	1233	11	20
05	1	1234	20	15
05	1	1234	1	20
05	1	1234	2	35
05	1	1235	18	20
05	1	1235	1	20
05	1	1235	14	5
05	1	1235	13	35
05	1	1237	15	10
05	1	1237	12	10
05	1	1237	19	10
05	1	1237	6	10
05	1	1237	7	40
05	1	1238	5	20
05	1	1238	3	20
05	1	1238	2	40
05	1	1239	21	20
05	1	1239	4	20
05	1	1239	7	25
05	1	1239	11	15
05	1	1240	5	20
05	1	1240	6	20
05	1	1240	2	40
05	1	1241	10	15
05	1	1241	4	10
05	1	1241	11	25
05	1	1242	10	10
05	1	1242	17	5
05	1	1242	4	5
05	1	1242	2	10
05	1	1242	14	10
05	1	1243	10	10
05	1	1243	5	10
05	1	1243	11	20
05	1	1244	10	5
05	1	1244	5	5
05	1	1244	3	5
05	1	1244	20	20
05	1	1244	4	5
05	1	1244	2	40
05	1	1245	18	40
05	1	1245	11	40
05	1	1246	15	20
05	1	1246	3	20
05	1	1246	14	40
05	1	1247	10	20
05	1	1247	5	20
05	1	1247	11	40
05	1	1248	10	15
05	1	1248	17	15
05	1	1248	19	10
05	1	1248	2	40
05	1	1249	10	20
05	1	1249	12	20
05	1	1249	9	40
05	1	1250	15	10
05	1	1250	18	20
05	1	1250	1	10
05	1	1250	11	40
05	1	1251	10	20
05	1	1251	12	20
05	1	1251	2	40
05	1	1252	3	25
05	1	1252	4	15
05	1	1252	13	40
05	1	1253	10	20
05	1	1253	6	20
05	1	1253	2	40
05	1	1254	10	20
05	1	1254	15	20
05	1	1254	2	40
05	1	1255	5	15
05	1	1255	17	5
05	1	1255	1	10
05	1	1255	4	10
05	1	1255	11	35
05	1	1256	1	35
05	1	1256	2	35
05	1	1257	15	20
05	1	1257	18	20
05	1	1257	11	40
05	1	1258	10	20
05	1	1258	4	20
05	1	1258	14	40
05	1	1260	10	20
05	1	1260	12	20
05	1	1260	13	40
05	1	1261	12	5
05	1	1261	20	20
05	1	1261	17	10
05	1	1261	11	35
05	1	1262	5	15
05	1	1262	15	10
05	1	1262	8	10
05	1	1262	4	5
05	1	1262	7	40
05	1	1263	15	20
05	1	1263	8	20
05	1	1263	2	40
05	1	1264	8	20
05	1	1264	19	20
05	1	1264	7	40
05	1	1265	16	20
05	1	1265	8	20
05	1	1265	14	40
05	1	1267	20	10
05	1	1267	8	5
05	1	1267	19	5
05	1	1267	6	5
05	1	1267	2	5
05	1	1267	14	5
05	1	1267	13	10
05	1	1268	8	20
05	1	1268	21	20
05	1	1268	9	40
05	1	1269	10	15
05	1	1269	15	15
05	1	1269	8	10
05	1	1269	2	40
05	1	1270	12	25
05	1	1270	6	10
05	1	1270	14	40
05	1	1271	10	15
05	1	1271	8	10
05	1	1271	18	5
05	1	1271	4	5
05	1	1271	2	35
05	1	1272	10	10
05	1	1272	5	10
05	1	1272	2	5
05	1	1272	11	15
05	1	1273	12	10
05	1	1273	17	15
05	1	1273	9	10
05	1	1273	11	15
05	1	1275	10	15
05	1	1275	16	5
05	1	1275	17	20
05	1	1275	13	20
05	1	1275	11	20
05	1	1276	10	15
05	1	1276	12	10
05	1	1276	2	25
05	1	1278	10	20
05	1	1278	6	20
05	1	1278	2	40
05	1	1279	10	5
05	1	1279	5	25
05	1	1279	7	30
05	1	1280	15	15
05	1	1280	18	15
05	1	1280	4	10
05	1	1280	7	40
05	1	1281	3	20
05	1	1281	9	20
05	1	1282	5	10
05	1	1282	16	5
05	1	1282	20	5
05	1	1282	8	20
05	1	1282	2	40
05	1	1283	16	15
05	1	1283	8	15
05	1	1283	1	10
05	1	1283	13	40
05	1	1284	12	15
05	1	1284	17	5
05	1	1284	6	15
05	1	1284	18	5
05	1	1284	7	40
05	1	1285	3	10
05	1	1285	12	20
05	1	1285	16	10
05	1	1285	7	10
05	1	1285	9	30
05	1	1286	15	15
05	1	1286	20	20
05	1	1286	21	5
05	1	1286	7	35
05	1	1286	11	5
05	1	1287	10	5
05	1	1287	5	5
05	1	1287	18	5
05	1	1287	1	5
05	1	1288	5	20
05	1	1288	20	10
05	1	1288	1	10
05	1	1288	2	40
05	1	1289	12	10
05	1	1289	16	10
05	1	1289	21	5
05	1	1289	18	10
05	1	1289	4	5
05	1	1289	11	40
05	1	1290	3	20
05	1	1290	12	20
05	1	1290	2	40
05	1	1292	10	5
05	1	1292	12	5
05	1	1292	6	5
05	1	1292	18	15
05	1	1292	1	5
05	1	1292	4	5
05	1	1292	14	40
05	1	1293	5	10
05	1	1293	12	10
05	1	1293	6	10
05	1	1293	4	10
05	1	1293	13	40
05	1	1294	5	20
05	1	1294	17	15
05	1	1294	7	35
05	1	1295	15	15
05	1	1295	20	20
05	1	1295	1	5
05	1	1295	13	20
05	1	1295	9	20
05	1	1296	16	20
05	1	1296	8	5
05	1	1296	19	15
05	1	1296	14	30
05	1	1296	7	10
05	1	1297	10	5
05	1	1297	5	5
05	1	1297	15	5
05	1	1297	8	10
05	1	1297	21	10
05	1	1297	4	5
05	1	1297	2	6
05	1	1297	14	6
05	1	1297	13	4
05	1	1297	7	8
05	1	1297	9	3
05	1	1297	11	3
05	1	1298	3	20
05	1	1298	12	20
05	1	1298	13	40
05	1	1299	17	40
05	1	1299	11	40
05	1	1301	10	20
05	1	1301	19	20
05	1	1301	2	15
05	1	1301	14	25
05	1	1302	10	40
05	1	1302	2	40
05	1	1303	16	20
05	1	1303	4	20
05	1	1303	14	40
05	1	1304	10	20
05	1	1304	15	20
05	1	1304	11	40
05	1	1305	10	5
05	1	1305	12	10
05	1	1305	19	10
05	1	1305	6	15
05	1	1305	14	40
05	1	1306	10	10
05	1	1306	12	5
05	1	1306	19	10
05	1	1306	13	15
05	1	1306	7	10
05	1	1307	10	40
05	1	1307	7	40
05	1	1308	15	5
05	1	1308	3	15
05	1	1308	12	15
05	1	1308	20	5
05	1	1308	2	40
05	1	1309	12	15
05	1	1309	16	20
05	1	1309	8	5
05	1	1309	14	40
05	1	1310	10	20
05	1	1310	21	20
05	1	1310	2	35
05	1	1310	9	5
05	1	1311	10	20
05	1	1311	19	20
05	1	1311	7	30
05	1	1311	9	10
05	1	1312	8	20
05	1	1312	21	20
05	1	1312	14	40
05	1	1313	15	10
05	1	1313	16	20
05	1	1313	20	5
05	1	1313	19	5
05	1	1313	7	40
05	1	1314	15	5
05	1	1314	20	15
05	1	1314	21	10
05	1	1314	18	10
05	1	1314	13	40
05	1	1315	5	20
05	1	1315	21	20
05	1	1315	2	20
05	1	1315	14	10
05	1	1316	15	15
05	1	1316	12	15
05	1	1316	4	10
05	1	1316	13	35
05	1	1316	7	5
05	1	1317	16	20
05	1	1317	8	10
05	1	1317	14	20
05	1	1317	13	10
05	1	1318	10	5
05	1	1318	3	10
05	1	1318	21	10
05	1	1318	6	10
05	1	1318	2	35
05	1	1320	10	5
05	1	1320	3	10
05	1	1320	17	10
05	1	1320	1	10
05	1	1320	4	5
05	1	1320	11	40
05	1	1321	16	20
05	1	1321	20	20
05	1	1321	14	40
05	1	1323	15	10
05	1	1323	18	30
05	1	1323	7	40
05	1	1324	10	10
05	1	1324	15	10
05	1	1324	18	10
05	1	1324	1	10
05	1	1324	14	40
05	1	1325	10	20
05	1	1325	8	10
05	1	1325	2	30
05	1	1326	10	5
05	1	1326	17	15
05	1	1326	8	15
05	1	1326	19	5
05	1	1326	2	40
05	1	1327	10	20
05	1	1327	12	20
05	1	1327	13	40
05	1	1329	15	20
05	1	1329	20	20
05	1	1329	2	15
05	1	1329	14	15
05	1	1329	13	10
05	1	1330	10	10
05	1	1330	15	10
05	1	1330	16	20
05	1	1330	14	40
05	1	1331	10	5
05	1	1331	3	15
05	1	1331	6	15
05	1	1331	1	5
05	1	1331	14	40
05	1	1332	5	20
05	1	1332	20	10
05	1	1332	4	10
05	1	1332	2	10
05	1	1332	9	25
05	1	1333	10	20
05	1	1333	1	20
05	1	1333	14	40
05	1	1334	16	20
05	1	1334	18	20
05	1	1334	14	40
05	1	1336	10	15
05	1	1336	3	10
05	1	1336	21	15
05	1	1336	2	10
05	1	1336	9	30
05	1	1338	8	20
05	1	1338	1	20
05	1	1338	2	40
05	1	1339	10	20
05	1	1339	1	20
05	1	1339	2	40
05	1	1340	10	15
05	1	1340	5	10
05	1	1340	19	15
05	1	1340	2	40
05	1	1341	15	20
05	1	1341	8	20
05	1	1341	14	40
05	1	1342	10	40
05	1	1342	14	40
05	1	1343	16	10
05	1	1343	17	10
05	1	1343	19	10
05	1	1343	6	5
05	1	1343	2	25
05	1	1343	11	10
05	1	1344	15	20
05	1	1344	16	15
05	1	1344	8	5
05	1	1344	11	40
05	1	1345	5	20
05	1	1345	20	20
05	1	1345	14	40
05	1	1346	17	5
05	1	1346	21	5
05	1	1346	19	5
05	1	1346	18	5
05	1	1346	1	5
05	1	1346	2	5
05	1	1346	14	5
05	1	1346	13	5
05	1	1346	7	5
05	1	1346	11	5
05	1	1348	10	20
05	1	1348	3	20
05	1	1348	13	40
05	1	1350	10	5
05	1	1350	5	10
05	1	1350	15	5
05	1	1350	20	20
05	1	1350	11	40
05	1	1351	10	10
05	1	1351	15	5
05	1	1351	12	15
05	1	1351	1	10
05	1	1351	14	20
05	1	1351	13	5
05	1	1351	9	15
05	1	1352	15	15
05	1	1352	16	15
05	1	1352	1	10
05	1	1352	7	20
05	1	1352	9	20
05	1	1353	5	20
05	1	1353	8	20
05	1	1353	13	40
05	1	1354	8	20
05	1	1354	19	20
05	1	1354	7	35
05	1	1354	11	5
05	1	1355	17	15
05	1	1355	21	15
05	1	1355	4	10
05	1	1355	13	40
05	1	1356	15	20
05	1	1356	3	20
05	1	1356	2	40
05	1	1357	17	20
05	1	1357	8	20
05	1	1357	14	20
05	1	1357	13	20
05	1	1358	16	10
05	1	1358	19	10
05	1	1358	6	10
05	1	1358	1	10
05	1	1358	13	40
05	1	1360	5	20
05	1	1360	1	20
05	1	1360	11	40
05	1	1361	12	20
05	1	1361	8	20
05	1	1361	2	40
05	1	1362	20	25
05	1	1362	17	15
05	1	1362	7	25
05	1	1362	11	10
05	1	1364	20	20
05	1	1364	17	10
05	1	1364	19	10
05	1	1364	2	5
05	1	1364	13	10
05	1	1364	7	25
05	1	1365	5	20
05	1	1365	18	15
05	1	1365	4	5
05	1	1365	7	40
05	1	1366	10	10
05	1	1366	12	15
05	1	1366	6	10
05	1	1366	13	5
05	1	1366	7	25
05	1	1366	11	5
05	1	1367	19	40
05	1	1367	14	40
05	1	1368	10	20
05	1	1368	19	20
05	1	1368	7	40
05	1	1369	16	5
05	1	1369	17	5
05	1	1369	8	15
05	1	1369	19	5
05	1	1369	1	5
05	1	1369	4	5
05	1	1369	13	40
05	1	1370	10	20
05	1	1370	20	20
05	1	1370	2	20
05	1	1370	14	5
05	1	1370	13	5
05	1	1370	11	10
05	1	1371	16	20
05	1	1371	18	20
05	1	1371	7	25
05	1	1371	9	10
05	1	1372	8	5
05	1	1372	21	35
05	1	1372	9	40
05	1	1373	15	20
05	1	1373	1	20
05	1	1373	11	40
05	1	1374	20	10
05	1	1374	8	15
05	1	1374	18	10
05	1	1374	13	35
05	1	1375	12	10
05	1	1375	8	15
05	1	1375	18	15
05	1	1375	13	30
05	1	1375	11	10
05	1	1376	3	20
05	1	1376	6	20
05	1	1376	2	40
05	1	1377	8	20
05	1	1377	1	20
05	1	1377	2	40
05	1	1378	5	10
05	1	1378	19	20
05	1	1378	2	20
05	1	1378	11	10
05	1	1379	16	15
05	1	1379	20	25
05	1	1379	2	20
05	1	1379	7	20
05	1	1380	3	40
05	1	1380	9	20
05	1	1382	3	5
05	1	1382	8	5
05	1	1382	19	5
05	1	1382	18	5
05	1	1382	2	5
05	1	1382	14	10
05	1	1382	7	5
05	1	1382	9	5
05	1	1383	10	20
05	1	1383	15	5
05	1	1383	6	5
05	1	1383	2	20
05	1	1383	14	10
05	1	1385	15	20
05	1	1385	12	5
05	1	1385	8	15
05	1	1385	7	5
05	1	1385	9	35
05	1	1386	10	20
05	1	1386	19	20
05	1	1386	2	40
05	1	1387	10	20
05	1	1387	4	20
05	1	1387	14	40
05	1	1388	20	20
05	1	1388	1	20
05	1	1388	13	40
05	1	1389	5	15
05	1	1389	20	10
05	1	1389	17	5
05	1	1389	7	10
05	1	1389	9	15
05	1	1389	11	5
05	1	1390	10	20
05	1	1390	19	20
05	1	1390	7	40
05	1	1391	10	20
05	1	1391	17	20
05	1	1391	11	40
05	1	1392	19	20
05	1	1392	6	20
05	1	1392	7	40
05	1	1393	12	20
05	1	1393	1	20
05	1	1393	9	40
05	1	1394	20	10
05	1	1394	8	15
05	1	1394	21	10
05	1	1394	11	35
05	1	1395	15	10
05	1	1395	21	10
05	1	1395	18	10
05	1	1395	4	10
05	1	1395	11	40
05	1	1396	10	10
05	1	1396	3	10
05	1	1396	12	5
05	1	1396	6	10
05	1	1396	4	5
05	1	1396	13	40
05	1	1397	3	15
05	1	1397	16	10
05	1	1397	8	15
05	1	1397	7	20
05	1	1397	9	20
05	1	1398	5	20
05	1	1398	1	20
05	1	1398	2	40
05	1	1399	16	5
05	1	1399	8	15
05	1	1399	4	20
05	1	1399	2	40
05	1	1400	12	20
05	1	1400	13	30
05	1	1401	20	15
05	1	1401	21	10
05	1	1401	1	15
05	1	1401	11	25
05	1	1403	10	15
05	1	1403	16	15
05	1	1403	19	10
05	1	1403	14	40
05	1	1404	21	10
05	1	1404	18	20
05	1	1404	1	5
05	1	1404	4	5
05	1	1404	11	20
05	1	1405	10	15
05	1	1405	19	10
05	1	1405	2	25
05	1	1406	10	20
05	1	1406	3	20
05	1	1406	14	25
05	1	1406	11	15
05	1	1407	15	15
05	1	1407	8	10
05	1	1407	18	15
05	1	1407	2	25
05	1	1407	7	10
05	1	1407	11	5
05	1	1408	5	20
05	1	1408	20	20
05	1	1408	14	40
05	1	1409	15	5
05	1	1409	3	5
05	1	1409	20	10
05	1	1409	9	20
05	1	1410	10	6
05	1	1410	5	10
05	1	1410	16	9
05	1	1410	2	5
05	1	1410	13	10
05	1	1410	9	10
05	1	1412	21	20
05	1	1412	6	20
05	1	1412	13	40
05	1	1413	15	20
05	1	1413	6	5
05	1	1413	14	25
05	1	1414	19	10
05	1	1414	1	10
05	1	1414	4	10
05	1	1414	13	10
05	1	1414	7	20
05	1	1415	15	20
05	1	1415	12	20
05	1	1415	13	40
05	1	1416	20	10
05	1	1416	8	10
05	1	1416	18	15
05	1	1416	7	15
05	1	1416	11	20
05	1	1417	5	20
05	1	1417	3	5
05	1	1417	21	15
05	1	1417	2	30
05	1	1417	14	10
05	1	1418	10	10
05	1	1418	16	20
05	1	1418	8	10
05	1	1418	14	40
05	1	1420	15	10
05	1	1420	16	10
05	1	1420	18	5
05	1	1420	13	10
05	1	1420	7	10
05	1	1420	11	5
05	1	1421	3	40
05	1	1421	13	40
05	1	1422	1	20
05	1	1422	4	20
05	1	1422	2	40
05	1	1423	15	15
05	1	1423	16	10
05	1	1423	1	15
05	1	1423	14	40
05	1	1424	17	25
05	1	1424	8	15
05	1	1424	14	40
05	1	1425	10	15
05	1	1425	18	10
05	1	1425	11	25
05	1	1426	15	5
05	1	1426	8	10
05	1	1426	21	5
05	1	1426	4	15
05	1	1426	2	35
05	1	1427	3	20
05	1	1427	8	20
05	1	1427	2	30
05	1	1427	7	5
05	1	1430	16	20
05	1	1430	6	5
05	1	1430	4	5
05	1	1430	2	5
05	1	1430	14	15
05	1	1430	11	10
05	1	1431	17	20
05	1	1431	19	20
05	1	1431	7	40
05	1	1432	10	20
05	1	1432	17	20
05	1	1432	2	40
05	1	1433	10	20
05	1	1433	21	20
05	1	1433	2	40
05	1	1434	16	20
05	1	1434	8	20
05	1	1434	9	20
05	1	1434	11	20
05	1	1435	10	10
05	1	1435	5	10
05	1	1435	21	5
05	1	1435	6	10
05	1	1435	4	5
05	1	1435	11	40
05	1	1436	5	10
05	1	1436	3	5
05	1	1436	20	5
05	1	1436	17	10
05	1	1436	8	5
05	1	1436	4	5
05	1	1436	11	40
05	1	1437	18	20
05	1	1437	1	15
05	1	1437	4	5
05	1	1437	14	40
05	1	1438	20	20
05	1	1438	1	20
05	1	1438	7	40
05	1	1439	5	20
05	1	1439	17	20
05	1	1439	9	40
05	1	1440	18	20
05	1	1440	1	20
05	1	1440	14	40
05	1	1442	15	20
05	1	1442	12	15
05	1	1442	7	35
05	1	1443	5	20
05	1	1443	19	20
05	1	1443	7	40
05	1	1444	10	20
05	1	1444	19	20
05	1	1444	7	40
05	1	1445	3	10
05	1	1445	6	10
05	1	1446	16	5
05	1	1446	19	20
05	1	1446	4	15
05	1	1446	2	10
05	1	1446	14	25
05	1	1446	13	5
05	1	1447	5	10
05	1	1447	20	15
05	1	1447	7	15
05	1	1447	11	10
05	1	1448	17	15
05	1	1448	1	20
05	1	1448	4	5
05	1	1448	2	40
05	1	1450	16	20
05	1	1450	19	5
05	1	1450	14	25
05	1	1451	10	5
05	1	1451	3	20
05	1	1451	2	5
05	1	1451	7	20
05	1	1452	5	40
05	1	1452	2	40
05	1	1453	15	20
05	1	1453	12	5
05	1	1453	20	5
05	1	1453	8	10
05	1	1453	14	40
05	1	1454	15	10
05	1	1454	8	10
05	1	1454	11	20
05	1	1456	16	15
05	1	1456	1	25
05	1	1456	2	20
05	1	1456	11	20
05	1	1457	15	10
05	1	1457	12	10
05	1	1457	16	10
05	1	1457	8	10
05	1	1457	2	30
05	1	1458	15	15
05	1	1458	20	20
05	1	1458	1	5
05	1	1458	2	40
05	1	1459	10	10
05	1	1459	3	10
05	1	1459	19	10
05	1	1459	1	10
05	1	1459	2	40
05	1	1460	12	20
05	1	1460	19	20
05	1	1460	13	40
05	1	1461	19	40
05	1	1461	2	20
05	1	1461	14	20
05	1	1462	10	20
05	1	1462	12	20
05	1	1462	2	20
05	1	1462	14	20
05	1	1464	15	25
05	1	1464	20	5
05	1	1464	19	10
05	1	1464	7	40
05	1	1465	20	20
05	1	1465	6	15
05	1	1465	13	30
05	1	1466	12	20
05	1	1466	13	20
05	1	1467	12	20
05	1	1467	21	20
05	1	1467	13	40
05	1	1469	21	20
05	1	1469	6	15
05	1	1469	9	35
05	1	1470	3	15
05	1	1470	1	5
05	1	1470	4	5
05	1	1470	9	25
05	1	1471	17	20
05	1	1471	19	20
05	1	1471	11	40
05	1	1472	15	20
05	1	1472	3	15
05	1	1472	1	5
05	1	1472	14	10
05	1	1472	13	25
05	1	1472	11	5
05	1	1473	10	10
05	1	1473	8	20
05	1	1473	21	10
05	1	1473	2	10
05	1	1473	9	30
05	1	1474	8	15
05	1	1474	21	5
05	1	1474	7	20
05	1	1475	10	20
05	1	1475	5	20
05	1	1475	2	40
05	1	1476	10	10
05	1	1476	16	20
05	1	1476	4	10
05	1	1476	14	40
05	1	1477	16	20
05	1	1477	14	20
05	1	1478	15	10
05	1	1478	8	10
05	1	1478	21	10
05	1	1478	19	5
05	1	1478	1	5
05	1	1478	7	25
05	1	1478	11	15
05	1	1479	8	15
05	1	1479	21	25
05	1	1479	13	40
05	1	1480	10	5
05	1	1480	17	15
05	1	1480	19	20
05	1	1480	11	35
05	1	1481	21	40
05	1	1481	13	40
05	1	1482	10	10
05	1	1482	8	15
05	1	1482	21	10
05	1	1482	7	10
05	1	1482	11	25
05	1	1483	4	40
05	1	1483	11	40
05	1	1484	8	20
05	1	1484	19	20
05	1	1484	2	40
05	1	1485	10	20
05	1	1485	19	20
05	1	1485	9	30
05	1	1486	20	15
05	1	1486	18	10
05	1	1486	1	15
05	1	1486	11	40
05	1	1487	18	10
05	1	1487	4	10
05	1	1487	11	25
05	1	1488	8	35
05	1	1488	9	35
05	1	1489	10	10
05	1	1489	17	10
05	1	1489	4	5
05	1	1489	9	5
05	1	1489	11	15
05	1	1490	10	20
05	1	1490	15	20
05	1	1490	2	40
05	1	1491	3	20
05	1	1491	16	20
05	1	1491	13	40
05	1	1492	8	20
05	1	1492	21	20
05	1	1492	9	40
05	1	1493	20	20
05	1	1493	6	15
05	1	1493	2	15
05	1	1493	13	5
05	1	1493	11	15
05	1	1494	10	5
05	1	1494	21	5
05	1	1494	18	5
05	1	1494	4	5
05	1	1494	9	5
05	1	1494	11	5
05	1	1495	21	40
05	1	1495	2	40
05	1	1496	10	10
05	1	1496	1	10
05	1	1496	11	20
05	1	1497	10	20
05	1	1497	8	5
05	1	1497	4	5
05	1	1499	5	5
05	1	1499	15	15
05	1	1499	3	5
05	1	1499	17	5
05	1	1499	19	5
05	1	1499	2	15
05	1	1499	7	20
05	1	1502	10	5
05	1	1502	5	5
05	1	1502	15	5
05	1	1502	12	20
05	1	1502	8	5
05	1	1502	2	6
05	1	1502	13	20
05	1	1502	7	2
05	1	1502	9	5
05	1	1502	11	7
05	1	1503	19	10
05	1	1503	18	5
05	1	1503	4	10
05	1	1503	11	5
05	1	1504	10	10
05	1	1504	3	10
05	1	1504	19	10
05	1	1504	18	5
05	1	1504	4	5
05	1	1504	2	10
05	1	1504	14	5
05	1	1504	13	10
05	1	1504	11	15
05	1	1505	20	20
05	1	1505	6	15
05	1	1505	14	20
05	1	1506	10	20
05	1	1506	5	20
05	1	1506	14	20
05	1	1506	13	10
05	1	1506	9	10
05	1	1507	5	15
05	1	1507	16	10
05	1	1507	8	15
05	1	1507	14	35
05	1	1507	9	5
05	1	1508	12	10
05	1	1508	18	15
05	1	1508	4	15
05	1	1508	13	20
05	1	1508	7	20
05	1	1509	3	10
05	1	1509	20	20
05	1	1509	21	10
05	1	1509	9	15
05	1	1509	11	25
05	1	1510	16	20
05	1	1510	4	20
05	1	1510	11	40
05	1	1511	16	10
05	1	1511	19	5
05	1	1511	4	10
05	1	1511	13	10
05	1	1511	7	10
05	1	1511	9	5
05	1	1512	5	2
05	1	1512	15	5
05	1	1512	12	5
05	1	1512	19	10
05	1	1512	1	8
05	1	1513	21	15
05	1	1513	1	5
05	1	1513	4	5
05	1	1513	13	5
05	1	1513	7	15
05	1	1513	9	5
05	1	1514	15	10
05	1	1514	8	15
05	1	1514	9	5
05	1	1514	11	20
05	1	1516	8	20
05	1	1516	19	15
05	1	1516	9	40
05	1	1518	17	10
05	1	1518	8	15
05	1	1518	4	15
05	1	1518	2	25
05	1	1518	14	5
05	1	1518	9	10
05	1	1519	12	20
05	1	1519	17	20
05	1	1519	13	40
05	1	1520	12	20
05	1	1520	19	20
05	1	1520	14	35
05	1	1520	11	5
05	1	1522	17	20
05	1	1522	8	20
05	1	1522	14	35
05	1	1522	7	5
05	1	1523	15	12
05	1	1523	20	2
05	1	1523	19	6
05	1	1523	18	10
05	1	1523	14	15
05	1	1523	7	5
05	1	1523	9	10
05	1	1524	18	15
05	1	1524	4	15
05	1	1524	11	20
05	1	1525	16	40
05	1	1525	9	40
05	1	1526	5	10
05	1	1526	3	10
05	1	1526	8	15
05	1	1526	7	20
05	1	1526	11	15
05	1	1527	3	5
05	1	1527	16	20
05	1	1527	8	10
05	1	1527	2	20
05	1	1527	7	15
05	1	1527	11	5
05	1	1528	20	10
05	1	1528	18	10
05	1	1529	3	10
05	1	1529	8	15
05	1	1529	21	5
05	1	1529	18	10
05	1	1529	2	7
05	1	1529	14	7
05	1	1529	13	7
05	1	1529	7	6
05	1	1529	9	7
05	1	1529	11	6
05	1	1530	18	20
05	1	1530	1	20
05	1	1530	2	40
05	1	1531	17	10
05	1	1531	19	15
05	1	1531	1	15
05	1	1531	9	10
05	1	1531	11	30
05	1	1532	3	15
05	1	1532	1	20
05	1	1532	4	5
05	1	1532	2	20
05	1	1532	9	20
05	1	1533	10	10
05	1	1533	5	10
05	1	1533	4	5
05	1	1533	2	15
05	1	1533	14	10
05	1	1534	12	20
05	1	1534	1	20
05	1	1534	13	40
05	1	1536	10	13
05	1	1536	19	12
05	1	1536	7	25
05	1	1537	15	15
05	1	1537	16	15
05	1	1537	11	30
05	1	1538	12	10
05	1	1538	18	15
05	1	1539	10	10
05	1	1539	17	10
05	1	1539	8	10
05	1	1539	1	10
05	1	1539	2	30
05	1	1539	9	10
05	1	1540	16	5
05	1	1540	20	20
05	1	1540	8	5
05	1	1540	4	10
05	1	1540	2	15
05	1	1540	14	15
05	1	1540	11	10
05	1	1541	21	20
05	1	1541	1	20
05	1	1541	11	40
05	1	1542	8	5
05	1	1542	1	20
05	1	1542	2	20
05	1	1543	10	20
05	1	1543	12	20
05	1	1543	11	40
05	1	1544	5	10
05	1	1544	21	10
05	1	1544	6	10
05	1	1544	13	20
05	1	1545	15	10
05	1	1545	12	10
05	1	1545	16	15
05	1	1545	14	10
05	1	1545	7	25
05	1	1545	11	5
05	1	1546	20	5
05	1	1546	21	10
05	1	1546	13	15
05	1	1546	9	10
05	1	1547	21	30
05	1	1547	1	10
05	1	1547	2	40
05	1	1549	5	5
05	1	1549	15	6
05	1	1549	20	23
05	1	1549	21	6
05	1	1549	2	14
05	1	1549	14	13
05	1	1549	11	13
05	1	1550	10	5
05	1	1550	20	20
05	1	1550	6	15
05	1	1550	13	35
05	1	1550	11	5
05	1	1551	17	20
05	1	1551	8	20
05	1	1551	7	15
05	1	1551	11	25
05	1	1553	17	20
05	1	1553	4	20
05	1	1553	9	40
05	1	1554	20	15
05	1	1554	8	15
05	1	1554	2	10
05	1	1554	13	5
05	1	1554	7	10
05	1	1554	11	5
05	1	1555	20	15
05	1	1555	19	5
05	1	1555	6	10
05	1	1555	4	5
05	1	1555	13	15
05	1	1555	7	15
05	1	1558	10	20
05	1	1558	1	5
05	1	1558	4	5
05	1	1558	7	10
05	1	1558	9	10
05	1	1558	11	10
05	1	1559	10	20
05	1	1559	17	20
05	1	1559	11	40
05	1	1561	10	10
05	1	1561	12	10
05	1	1561	18	10
05	1	1561	13	15
05	1	1561	7	15
05	1	1564	12	20
05	1	1564	17	20
05	1	1564	14	25
05	1	1564	13	15
05	1	1565	5	10
05	1	1565	15	10
05	1	1565	20	10
05	1	1565	13	10
05	1	1565	7	20
05	1	1567	10	10
05	1	1567	16	20
05	1	1567	19	5
05	1	1567	13	35
05	1	1568	10	20
05	1	1568	1	20
05	1	1568	2	20
05	1	1568	14	10
05	1	1568	13	5
05	1	1569	16	20
05	1	1569	8	5
05	1	1569	6	5
05	1	1569	14	30
05	1	1571	10	20
05	1	1571	5	15
05	1	1571	13	5
05	1	1571	11	30
05	1	1573	10	10
05	1	1573	16	10
05	1	1573	4	15
05	1	1573	14	20
05	1	1573	11	10
05	1	1574	10	10
05	1	1574	5	10
05	1	1574	6	5
05	1	1574	18	10
05	1	1574	1	5
05	1	1574	2	25
05	1	1574	14	10
05	1	1574	11	5
05	1	1577	10	10
05	1	1577	3	10
05	1	1577	19	15
05	1	1577	18	5
05	1	1577	2	15
05	1	1577	14	15
05	1	1577	7	10
05	1	1579	15	5
05	1	1579	8	20
05	1	1579	19	15
05	1	1579	9	20
05	1	1579	11	20
05	1	1580	10	15
05	1	1580	15	15
05	1	1580	16	5
05	1	1580	8	5
05	1	1580	13	35
05	1	1580	9	5
05	1	1582	10	5
05	1	1582	15	15
05	1	1582	8	10
05	1	1582	18	10
05	1	1582	2	20
05	1	1582	14	20
05	1	1583	10	15
05	1	1583	17	10
05	1	1583	19	15
05	1	1583	14	40
05	1	1585	10	20
05	1	1585	16	20
05	1	1585	14	40
05	1	1586	10	25
05	1	1586	17	15
05	1	1586	2	35
05	1	1586	11	5
05	1	1587	17	15
05	1	1587	18	10
05	1	1587	1	15
05	1	1587	9	40
05	1	1589	10	10
05	1	1589	20	10
05	1	1589	18	10
05	1	1589	1	10
05	1	1589	14	40
05	1	1590	10	5
05	1	1590	19	10
05	1	1590	1	5
05	1	1590	13	9
05	1	1590	11	6
05	1	1593	10	10
05	1	1593	4	10
05	1	1594	10	5
05	1	1594	20	5
05	1	1594	17	5
05	1	1594	8	5
05	1	1594	21	10
05	1	1594	19	5
05	1	1594	18	5
05	1	1594	2	5
05	1	1594	14	5
05	1	1594	7	15
05	1	1594	11	15
05	1	1595	3	15
05	1	1595	17	15
05	1	1595	18	5
05	1	1595	1	5
05	1	1595	13	40
05	1	1596	12	20
05	1	1596	16	20
05	1	1596	14	20
05	1	1596	13	20
05	1	1598	15	10
05	1	1598	12	10
05	1	1598	8	10
05	1	1598	6	10
05	1	1598	2	40
05	1	1600	8	20
05	1	1600	18	20
05	1	1600	11	40
05	1	1601	10	15
05	1	1601	17	5
05	1	1601	19	5
05	1	1601	6	10
05	1	1601	18	5
05	1	1603	5	25
05	1	1603	8	15
05	1	1603	2	10
05	1	1603	14	10
05	1	1603	7	20
