result_no	generate_no	e_no	world	
27	0	1	1
27	0	2	0
27	0	3	0
27	0	4	0
27	0	5	1
27	0	6	0
27	0	7	0
27	0	8	0
27	0	9	0
27	0	10	0
27	0	11	0
27	0	12	0
27	0	13	0
27	0	14	1
27	0	15	0
27	0	16	1
27	0	17	1
27	0	18	0
27	0	19	1
27	0	20	1
27	0	21	1
27	0	22	0
27	0	24	0
27	0	26	1
27	0	27	1
27	0	28	0
27	0	29	0
27	0	30	0
27	0	33	0
27	0	34	1
27	0	35	0
27	0	36	1
27	0	37	0
27	0	38	0
27	0	39	0
27	0	40	1
27	0	41	0
27	0	42	0
27	0	43	0
27	0	44	0
27	0	46	0
27	0	47	0
27	0	48	0
27	0	49	0
27	0	50	0
27	0	52	1
27	0	53	0
27	0	54	1
27	0	55	1
27	0	57	0
27	0	58	1
27	0	60	1
27	0	61	0
27	0	62	0
27	0	63	1
27	0	65	0
27	0	66	0
27	0	69	1
27	0	70	0
27	0	71	0
27	0	72	0
27	0	73	0
27	0	74	0
27	0	75	0
27	0	76	0
27	0	77	0
27	0	78	0
27	0	79	0
27	0	82	0
27	0	83	0
27	0	84	1
27	0	85	0
27	0	86	0
27	0	88	0
27	0	89	1
27	0	90	0
27	0	91	0
27	0	92	1
27	0	93	1
27	0	94	1
27	0	95	0
27	0	97	0
27	0	98	0
27	0	99	0
27	0	100	1
27	0	101	0
27	0	102	0
27	0	103	1
27	0	104	1
27	0	105	1
27	0	106	0
27	0	107	0
27	0	108	0
27	0	110	0
27	0	111	1
27	0	113	0
27	0	115	0
27	0	116	1
27	0	117	1
27	0	118	0
27	0	119	1
27	0	120	1
27	0	121	1
27	0	122	1
27	0	123	0
27	0	125	0
27	0	126	1
27	0	127	0
27	0	128	1
27	0	129	0
27	0	130	1
27	0	132	0
27	0	133	1
27	0	134	1
27	0	136	1
27	0	137	1
27	0	138	0
27	0	141	0
27	0	142	0
27	0	144	0
27	0	145	1
27	0	146	1
27	0	147	0
27	0	148	0
27	0	150	0
27	0	151	0
27	0	152	0
27	0	153	0
27	0	154	0
27	0	155	0
27	0	156	1
27	0	157	1
27	0	158	1
27	0	159	0
27	0	160	1
27	0	161	0
27	0	162	0
27	0	163	0
27	0	164	1
27	0	165	0
27	0	166	0
27	0	169	0
27	0	170	0
27	0	171	0
27	0	172	1
27	0	173	1
27	0	174	0
27	0	176	1
27	0	178	0
27	0	179	0
27	0	180	0
27	0	181	0
27	0	182	0
27	0	183	0
27	0	184	1
27	0	185	1
27	0	186	0
27	0	187	0
27	0	188	0
27	0	189	0
27	0	190	1
27	0	191	0
27	0	193	1
27	0	194	0
27	0	195	0
27	0	198	0
27	0	199	1
27	0	200	1
27	0	201	0
27	0	202	0
27	0	203	1
27	0	204	1
27	0	205	0
27	0	206	1
27	0	207	0
27	0	209	0
27	0	210	1
27	0	211	0
27	0	213	1
27	0	214	1
27	0	215	0
27	0	216	0
27	0	218	0
27	0	219	1
27	0	221	0
27	0	222	1
27	0	223	0
27	0	224	0
27	0	226	0
27	0	227	1
27	0	228	1
27	0	229	0
27	0	231	1
27	0	232	1
27	0	233	0
27	0	234	0
27	0	235	0
27	0	236	0
27	0	238	1
27	0	239	0
27	0	240	1
27	0	242	0
27	0	244	0
27	0	249	1
27	0	251	1
27	0	253	0
27	0	255	0
27	0	256	1
27	0	257	1
27	0	258	0
27	0	260	0
27	0	261	1
27	0	262	1
27	0	263	0
27	0	265	0
27	0	266	0
27	0	267	0
27	0	268	0
27	0	269	0
27	0	270	0
27	0	271	0
27	0	272	1
27	0	273	0
27	0	274	1
27	0	275	1
27	0	276	0
27	0	277	0
27	0	278	0
27	0	279	0
27	0	281	0
27	0	283	0
27	0	284	0
27	0	285	0
27	0	286	0
27	0	288	0
27	0	289	1
27	0	290	0
27	0	295	0
27	0	296	0
27	0	297	1
27	0	299	0
27	0	300	0
27	0	301	0
27	0	302	0
27	0	303	0
27	0	304	0
27	0	305	0
27	0	306	0
27	0	307	1
27	0	308	0
27	0	311	0
27	0	312	1
27	0	314	0
27	0	315	0
27	0	317	0
27	0	319	0
27	0	321	0
27	0	322	0
27	0	323	1
27	0	326	0
27	0	327	0
27	0	329	0
27	0	330	0
27	0	331	0
27	0	332	0
27	0	333	0
27	0	334	0
27	0	336	1
27	0	337	1
27	0	339	1
27	0	342	0
27	0	344	1
27	0	345	0
27	0	346	0
27	0	347	0
27	0	348	0
27	0	349	0
27	0	350	0
27	0	351	0
27	0	353	0
27	0	354	0
27	0	356	0
27	0	357	1
27	0	360	0
27	0	361	1
27	0	362	1
27	0	363	1
27	0	365	0
27	0	366	1
27	0	367	0
27	0	368	0
27	0	369	0
27	0	370	0
27	0	371	0
27	0	372	0
27	0	373	0
27	0	374	0
27	0	375	1
27	0	377	0
27	0	378	0
27	0	380	1
27	0	381	0
27	0	382	0
27	0	383	1
27	0	384	1
27	0	385	0
27	0	386	1
27	0	388	0
27	0	390	0
27	0	392	0
27	0	394	0
27	0	397	0
27	0	398	1
27	0	399	1
27	0	401	0
27	0	403	0
27	0	404	1
27	0	405	0
27	0	406	1
27	0	409	0
27	0	410	0
27	0	411	1
27	0	412	1
27	0	413	0
27	0	414	1
27	0	415	1
27	0	416	0
27	0	417	0
27	0	418	1
27	0	419	0
27	0	420	0
27	0	421	0
27	0	422	1
27	0	423	0
27	0	424	0
27	0	425	1
27	0	426	0
27	0	427	0
27	0	428	0
27	0	430	0
27	0	431	0
27	0	432	0
27	0	433	0
27	0	434	0
27	0	435	1
27	0	436	1
27	0	438	0
27	0	440	1
27	0	442	0
27	0	443	0
27	0	444	0
27	0	445	0
27	0	446	0
27	0	447	1
27	0	448	1
27	0	449	1
27	0	450	0
27	0	451	0
27	0	452	1
27	0	453	1
27	0	455	0
27	0	458	0
27	0	461	0
27	0	462	0
27	0	463	0
27	0	464	1
27	0	465	1
27	0	467	1
27	0	468	1
27	0	469	1
27	0	470	1
27	0	472	0
27	0	473	0
27	0	474	0
27	0	475	1
27	0	476	0
27	0	477	1
27	0	480	0
27	0	481	0
27	0	484	0
27	0	485	0
27	0	486	0
27	0	487	0
27	0	488	1
27	0	490	0
27	0	491	0
27	0	492	1
27	0	493	0
27	0	494	0
27	0	495	1
27	0	496	0
27	0	497	0
27	0	498	1
27	0	499	0
27	0	500	0
27	0	501	0
27	0	502	1
27	0	503	0
27	0	504	0
27	0	506	0
27	0	507	0
27	0	512	1
27	0	513	1
27	0	514	1
27	0	515	0
27	0	516	0
27	0	517	0
27	0	518	0
27	0	519	0
27	0	520	1
27	0	523	1
27	0	524	1
27	0	525	0
27	0	526	0
27	0	527	0
27	0	528	0
27	0	529	0
27	0	530	1
27	0	532	0
27	0	533	0
27	0	534	0
27	0	535	1
27	0	536	0
27	0	537	0
27	0	538	0
27	0	539	1
27	0	540	0
27	0	541	0
27	0	543	0
27	0	544	0
27	0	545	0
27	0	546	0
27	0	547	0
27	0	548	0
27	0	549	1
27	0	550	1
27	0	551	0
27	0	552	0
27	0	553	0
27	0	554	0
27	0	555	1
27	0	556	0
27	0	557	1
27	0	561	1
27	0	562	0
27	0	563	0
27	0	564	0
27	0	565	0
27	0	566	1
27	0	567	1
27	0	568	1
27	0	570	0
27	0	571	0
27	0	575	0
27	0	577	0
27	0	580	1
27	0	581	0
27	0	582	0
27	0	583	1
27	0	584	0
27	0	585	0
27	0	586	0
27	0	587	0
27	0	588	0
27	0	591	1
27	0	592	0
27	0	593	1
27	0	596	0
27	0	597	1
27	0	598	0
27	0	599	1
27	0	601	0
27	0	602	0
27	0	603	0
27	0	604	0
27	0	605	0
27	0	606	0
27	0	607	0
27	0	608	1
27	0	610	0
27	0	611	1
27	0	612	0
27	0	613	0
27	0	614	0
27	0	616	0
27	0	618	0
27	0	619	0
27	0	620	1
27	0	622	1
27	0	624	0
27	0	625	0
27	0	626	0
27	0	627	0
27	0	628	0
27	0	629	0
27	0	631	0
27	0	634	0
27	0	635	0
27	0	636	0
27	0	637	0
27	0	638	0
27	0	639	0
27	0	643	0
27	0	645	1
27	0	646	0
27	0	647	0
27	0	649	1
27	0	651	1
27	0	653	0
27	0	654	1
27	0	656	1
27	0	658	0
27	0	659	0
27	0	660	0
27	0	661	0
27	0	663	0
27	0	664	1
27	0	667	1
27	0	668	1
27	0	669	0
27	0	670	0
27	0	671	1
27	0	672	0
27	0	673	0
27	0	676	1
27	0	678	1
27	0	680	1
27	0	681	0
27	0	682	0
27	0	685	0
27	0	687	0
27	0	689	1
27	0	691	0
27	0	692	0
27	0	693	1
27	0	694	0
27	0	695	0
27	0	697	1
27	0	699	1
27	0	702	0
27	0	706	0
27	0	709	1
27	0	710	1
27	0	711	1
27	0	713	0
27	0	714	0
27	0	716	1
27	0	717	1
27	0	719	0
27	0	720	1
27	0	722	0
27	0	723	0
27	0	724	0
27	0	727	1
27	0	728	0
27	0	729	1
27	0	730	0
27	0	731	1
27	0	732	0
27	0	733	0
27	0	735	0
27	0	736	0
27	0	737	0
27	0	739	0
27	0	740	1
27	0	741	0
27	0	742	0
27	0	743	1
27	0	744	1
27	0	747	1
27	0	748	0
27	0	750	1
27	0	751	1
27	0	752	0
27	0	753	0
27	0	755	0
27	0	757	0
27	0	758	1
27	0	760	0
27	0	762	1
27	0	763	0
27	0	765	1
27	0	767	1
27	0	768	0
27	0	771	0
27	0	774	0
27	0	775	1
27	0	777	1
27	0	778	1
27	0	779	0
27	0	780	0
27	0	782	0
27	0	783	0
27	0	784	0
27	0	788	1
27	0	789	1
27	0	793	1
27	0	794	0
27	0	795	0
27	0	796	0
27	0	797	1
27	0	798	1
27	0	799	0
27	0	801	1
27	0	804	1
27	0	805	0
27	0	806	1
27	0	807	1
27	0	808	0
27	0	810	0
27	0	812	0
27	0	813	0
27	0	814	0
27	0	816	1
27	0	819	1
27	0	821	1
27	0	830	0
27	0	831	0
27	0	833	0
27	0	834	0
27	0	837	1
27	0	838	1
27	0	839	0
27	0	840	0
27	0	841	0
27	0	843	1
27	0	844	0
27	0	847	0
27	0	852	1
27	0	853	0
27	0	854	0
27	0	855	1
27	0	856	1
27	0	857	0
27	0	858	0
27	0	861	1
27	0	862	0
27	0	865	0
27	0	868	0
27	0	869	0
27	0	870	0
27	0	871	0
27	0	875	0
27	0	876	0
27	0	877	0
27	0	879	1
27	0	880	0
27	0	881	0
27	0	883	0
27	0	884	1
27	0	885	0
27	0	886	1
27	0	888	0
27	0	889	1
27	0	890	0
27	0	891	0
27	0	892	0
27	0	893	0
27	0	896	1
27	0	897	1
27	0	898	0
27	0	899	1
27	0	900	1
27	0	901	0
27	0	903	0
27	0	904	0
27	0	905	0
27	0	906	0
27	0	908	0
27	0	909	0
27	0	910	1
27	0	911	0
27	0	912	0
27	0	913	1
27	0	914	0
27	0	915	1
27	0	916	1
27	0	917	1
27	0	919	0
27	0	920	1
27	0	923	0
27	0	924	1
27	0	927	1
27	0	928	0
27	0	929	1
27	0	931	0
27	0	932	1
27	0	933	0
27	0	935	1
27	0	936	1
27	0	938	1
27	0	942	0
27	0	945	0
27	0	947	1
27	0	948	0
27	0	949	1
27	0	950	0
27	0	951	0
27	0	954	1
27	0	955	0
27	0	957	1
27	0	958	1
27	0	963	0
27	0	967	0
27	0	968	1
27	0	969	1
27	0	970	1
27	0	971	1
27	0	973	1
27	0	974	0
27	0	975	0
27	0	976	0
27	0	977	1
27	0	978	0
27	0	980	0
27	0	982	0
27	0	983	0
27	0	984	1
27	0	985	0
27	0	987	0
27	0	988	0
27	0	989	1
27	0	990	1
27	0	992	0
27	0	995	0
27	0	997	0
27	0	998	0
27	0	999	1
27	0	1000	0
27	0	1007	0
27	0	1008	0
27	0	1011	0
27	0	1012	0
27	0	1013	0
27	0	1016	0
27	0	1019	0
27	0	1021	1
27	0	1022	1
27	0	1026	0
27	0	1027	1
27	0	1028	0
27	0	1030	1
27	0	1032	0
27	0	1033	0
27	0	1034	1
27	0	1036	0
27	0	1037	0
27	0	1039	0
27	0	1040	0
27	0	1041	0
27	0	1043	0
27	0	1044	1
27	0	1046	1
27	0	1047	1
27	0	1049	0
27	0	1050	0
27	0	1051	0
27	0	1052	0
27	0	1053	0
27	0	1054	0
27	0	1055	0
27	0	1057	0
27	0	1058	0
27	0	1059	0
27	0	1061	1
27	0	1065	1
27	0	1072	0
27	0	1074	1
27	0	1075	1
27	0	1077	1
27	0	1080	0
27	0	1084	1
27	0	1088	1
27	0	1094	1
27	0	1095	1
27	0	1097	1
27	0	1099	0
27	0	1100	1
27	0	1101	1
27	0	1102	0
27	0	1103	1
27	0	1104	0
27	0	1110	0
27	0	1111	1
27	0	1112	1
27	0	1115	1
27	0	1121	1
27	0	1123	0
27	0	1124	0
27	0	1127	0
27	0	1128	1
27	0	1132	1
27	0	1134	0
27	0	1137	0
27	0	1139	1
27	0	1142	0
27	0	1143	0
27	0	1144	0
27	0	1145	0
27	0	1147	1
27	0	1148	0
27	0	1152	1
27	0	1153	1
27	0	1154	0
27	0	1155	0
27	0	1157	1
27	0	1158	0
27	0	1159	0
27	0	1160	1
27	0	1161	0
27	0	1163	0
27	0	1164	0
27	0	1167	1
27	0	1169	1
27	0	1171	0
27	0	1172	0
27	0	1173	0
27	0	1180	0
27	0	1181	0
27	0	1182	1
27	0	1191	0
27	0	1192	0
27	0	1197	1
27	0	1199	0
27	0	1200	1
27	0	1202	0
27	0	1203	0
27	0	1205	1
27	0	1207	1
27	0	1208	1
27	0	1209	0
27	0	1210	1
27	0	1211	0
27	0	1215	0
27	0	1222	0
27	0	1223	1
27	0	1226	0
27	0	1229	0
27	0	1230	0
27	0	1231	0
27	0	1232	1
27	0	1234	0
27	0	1237	0
27	0	1238	0
27	0	1239	0
27	0	1240	1
27	0	1244	0
27	0	1245	0
27	0	1247	0
27	0	1249	1
27	0	1250	0
27	0	1251	1
27	0	1252	0
27	0	1253	0
27	0	1256	0
27	0	1257	0
27	0	1258	0
27	0	1260	0
27	0	1261	0
27	0	1262	1
27	0	1263	0
27	0	1265	0
27	0	1268	0
27	0	1269	1
27	0	1270	1
27	0	1275	0
27	0	1276	0
27	0	1278	0
27	0	1280	0
27	0	1282	1
27	0	1283	0
27	0	1284	1
27	0	1286	0
27	0	1288	0
27	0	1289	0
27	0	1290	0
27	0	1292	1
27	0	1293	0
27	0	1295	0
27	0	1296	0
27	0	1298	1
27	0	1301	1
27	0	1302	0
27	0	1303	0
27	0	1305	0
27	0	1307	0
27	0	1308	1
27	0	1309	0
27	0	1310	0
27	0	1311	0
27	0	1312	0
27	0	1314	1
27	0	1315	0
27	0	1317	0
27	0	1320	0
27	0	1321	0
27	0	1323	0
27	0	1324	0
27	0	1326	1
27	0	1327	0
27	0	1330	0
27	0	1331	1
27	0	1332	1
27	0	1334	0
27	0	1336	1
27	0	1339	0
27	0	1340	1
27	0	1341	1
27	0	1342	1
27	0	1344	0
27	0	1345	0
27	0	1348	0
27	0	1350	1
27	0	1352	1
27	0	1353	1
27	0	1354	1
27	0	1356	0
27	0	1357	0
27	0	1360	0
27	0	1362	1
27	0	1364	0
27	0	1365	0
27	0	1366	1
27	0	1367	0
27	0	1368	0
27	0	1369	1
27	0	1370	1
27	0	1371	1
27	0	1372	0
27	0	1373	0
27	0	1375	1
27	0	1377	1
27	0	1385	1
27	0	1386	0
27	0	1387	0
27	0	1388	0
27	0	1390	0
27	0	1391	0
27	0	1392	1
27	0	1393	0
27	0	1395	0
27	0	1396	0
27	0	1397	0
27	0	1398	0
27	0	1399	1
27	0	1401	1
27	0	1403	0
27	0	1415	1
27	0	1416	0
27	0	1417	0
27	0	1418	1
27	0	1421	0
27	0	1422	0
27	0	1423	0
27	0	1432	1
27	0	1433	1
27	0	1434	1
27	0	1436	1
27	0	1439	0
27	0	1440	0
27	0	1443	0
27	0	1444	0
27	0	1448	0
27	0	1453	1
27	0	1457	0
27	0	1458	0
27	0	1459	1
27	0	1460	0
27	0	1461	0
27	0	1462	0
27	0	1464	0
27	0	1467	0
27	0	1472	0
27	0	1475	1
27	0	1476	1
27	0	1478	1
27	0	1481	1
27	0	1482	1
27	0	1483	0
27	0	1485	0
27	0	1487	0
27	0	1490	1
27	0	1491	0
27	0	1492	1
27	0	1493	0
27	0	1495	1
27	0	1506	0
27	0	1507	0
27	0	1510	0
27	0	1519	0
27	0	1520	0
27	0	1529	0
27	0	1530	0
27	0	1534	1
27	0	1539	1
27	0	1541	0
27	0	1543	0
27	0	1547	0
27	0	1551	1
27	0	1553	0
27	0	1555	1
27	0	1559	0
27	0	1564	1
27	0	1567	0
27	0	1568	1
27	0	1571	0
27	0	1574	0
27	0	1579	0
27	0	1580	1
27	0	1583	0
27	0	1585	0
27	0	1589	1
27	0	1594	1
27	0	1595	0
27	0	1598	0
27	0	1600	1
27	0	1601	0
27	0	1603	0
27	0	1604	1
27	0	1605	0
27	0	1606	0
27	0	1609	1
27	0	1613	0
27	0	1615	0
27	0	1619	0
27	0	1622	0
27	0	1631	0
27	0	1634	0
27	0	1636	0
27	0	1639	0
27	0	1641	0
27	0	1644	1
27	0	1646	0
27	0	1647	0
27	0	1648	0
27	0	1657	1
27	0	1658	0
27	0	1659	0
27	0	1661	0
27	0	1663	1
27	0	1664	1
27	0	1665	0
27	0	1667	0
27	0	1674	0
27	0	1679	0
27	0	1682	0
27	0	1684	1
27	0	1685	0
27	0	1686	0
27	0	1692	0
27	0	1697	0
27	0	1700	0
27	0	1701	1
27	0	1703	0
27	0	1705	1
27	0	1706	0
27	0	1707	0
27	0	1708	1
27	0	1709	1
27	0	1710	1
27	0	1714	0
27	0	1715	1
27	0	1717	0
27	0	1718	1
27	0	1719	0
27	0	1720	0
27	0	1721	0
27	0	1722	0
27	0	1723	1
27	0	1724	0
27	0	1726	1
27	0	1732	0
27	0	1737	0
27	0	1739	0
27	0	1740	0
27	0	1741	1
27	0	1742	0
27	0	1743	0
27	0	1744	0
27	0	1745	1
27	0	1747	1
27	0	1753	0
27	0	1754	1
27	0	1755	1
27	0	1757	0
27	0	1758	1
27	0	1759	0
27	0	1761	0
27	0	1762	0
27	0	1763	0
27	0	1764	0
27	0	1765	0
27	0	1766	1
27	0	1767	0
27	0	1768	1
27	0	1769	1
27	0	1770	1
27	0	1771	1
27	0	1772	0
27	0	1773	1
27	0	1774	1
27	0	1775	1
27	0	1776	1
27	0	1778	1
27	0	1780	1
27	0	1781	0
27	0	1782	1
27	0	1783	0
